n,k,theta,p,dt,t,total_damping,S_traj_mean,S_traj_p95,chi_mean,chi_sem,chi_max,chi3_mean,censored,saturated,wall_s,S_op_mpdo,chi_mpdo,sat_mpdo
8,10,0.200000,0.000000,0.400000,4.000000,0.000000,2.298787,2.298787,16.0000,0.0000,16,4.096000e+03,false,false,17.92,NaN,0,false
8,10,0.200000,0.005000,0.400000,4.000000,0.048890,2.255987,2.290826,15.9375,0.0435,16,4.050938e+03,false,false,3.14,NaN,0,false
8,10,0.200000,0.010000,0.400000,4.000000,0.095618,2.172729,2.279998,15.4062,0.3074,16,3.774594e+03,false,false,1.64,NaN,0,false
8,10,0.200000,0.020000,0.400000,4.000000,0.182927,1.980297,2.249514,14.9688,0.3404,16,3.499656e+03,false,false,1.56,NaN,0,false
8,10,0.200000,0.035000,0.400000,4.000000,0.299718,1.819523,2.181406,13.4062,0.5057,16,2.706656e+03,false,false,1.58,NaN,0,false
8,10,0.200000,0.050000,0.400000,4.000000,0.401263,1.591805,2.087037,12.3125,0.5687,16,2.220500e+03,false,false,1.53,NaN,0,false
8,10,0.200000,0.080000,0.400000,4.000000,0.565612,1.218935,1.673092,11.0625,0.5696,16,1.684500e+03,false,false,1.47,NaN,0,false
8,10,0.200000,0.120000,0.400000,4.000000,0.721499,0.763309,1.215385,9.1875,0.5452,15,1.039875e+03,false,false,1.39,NaN,0,false
8,10,0.200000,0.200000,0.400000,4.000000,0.892626,0.246338,0.692805,6.0938,0.3459,11,2.984062e+02,false,false,1.21,NaN,0,false
8,10,0.350000,0.000000,0.700000,7.000000,0.000000,2.775055,2.775055,16.0000,0.0000,16,4.096000e+03,false,false,1.04,NaN,0,false
8,10,0.350000,0.005000,0.700000,7.000000,0.048890,2.751831,2.803084,16.0000,0.0000,16,4.096000e+03,false,false,1.74,NaN,0,false
8,10,0.350000,0.010000,0.700000,7.000000,0.095618,2.638186,2.763960,15.6562,0.2564,16,3.919219e+03,false,false,1.69,NaN,0,false
8,10,0.350000,0.020000,0.700000,7.000000,0.182927,2.525259,2.769523,15.5000,0.2656,16,3.812188e+03,false,false,1.66,NaN,0,false
8,10,0.350000,0.035000,0.700000,7.000000,0.299718,2.236903,2.682532,14.4688,0.4579,16,3.279031e+03,false,false,1.64,NaN,0,false
8,10,0.350000,0.050000,0.700000,7.000000,0.401263,2.049077,2.596679,13.6562,0.5324,16,2.877531e+03,false,false,1.62,NaN,0,false
8,10,0.350000,0.080000,0.700000,7.000000,0.565612,1.598517,2.238099,12.5625,0.5679,16,2.340188e+03,false,false,1.59,NaN,0,false
8,10,0.350000,0.120000,0.700000,7.000000,0.721499,0.970815,1.658790,10.2812,0.5279,15,1.360656e+03,false,false,1.57,NaN,0,false
8,10,0.350000,0.200000,0.700000,7.000000,0.892626,0.355045,1.101434,8.1875,0.4989,13,7.351250e+02,false,false,1.43,NaN,0,false
8,10,0.500000,0.000000,1.000000,10.000000,0.000000,2.952328,2.952328,16.0000,0.0000,16,4.096000e+03,false,false,1.04,NaN,0,false
8,10,0.500000,0.005000,1.000000,10.000000,0.048890,2.916951,2.954032,15.9688,0.0312,16,4.073469e+03,false,false,1.72,NaN,0,false
8,10,0.500000,0.010000,1.000000,10.000000,0.095618,2.860408,2.952808,15.7188,0.2509,16,3.961469e+03,false,false,1.71,NaN,0,false
8,10,0.500000,0.020000,1.000000,10.000000,0.182927,2.738743,2.941240,15.5625,0.2577,16,3.851625e+03,false,false,1.68,NaN,0,false
8,10,0.500000,0.035000,1.000000,10.000000,0.299718,2.480653,2.900159,14.7188,0.4650,16,3.448031e+03,false,false,1.68,NaN,0,false
8,10,0.500000,0.050000,1.000000,10.000000,0.401263,2.216734,2.829911,13.4688,0.5802,16,2.835156e+03,false,false,1.68,NaN,0,false
8,10,0.500000,0.080000,1.000000,10.000000,0.565612,1.754901,2.523265,11.9688,0.5617,16,2.058531e+03,false,false,1.65,NaN,0,false
8,10,0.500000,0.120000,1.000000,10.000000,0.721499,1.099323,1.842614,11.0938,0.5224,15,1.641219e+03,false,false,1.53,NaN,0,false
8,10,0.500000,0.200000,1.000000,10.000000,0.892626,0.322296,0.657349,7.8750,0.4277,13,6.202500e+02,false,false,1.45,NaN,0,false
8,10,0.650000,0.000000,1.300000,13.000000,0.000000,3.087397,3.087397,16.0000,0.0000,16,4.096000e+03,false,false,1.05,NaN,0,false
8,10,0.650000,0.005000,1.300000,13.000000,0.048890,3.071707,3.096579,16.0000,0.0000,16,4.096000e+03,false,false,1.72,NaN,0,false
8,10,0.650000,0.010000,1.300000,13.000000,0.095618,3.024036,3.102831,15.7500,0.2500,16,3.984000e+03,false,false,1.70,NaN,0,false
8,10,0.650000,0.020000,1.300000,13.000000,0.182927,2.869353,3.106157,15.3438,0.3524,16,3.764969e+03,false,false,1.77,NaN,0,false
8,10,0.650000,0.035000,1.300000,13.000000,0.299718,2.609898,3.086902,14.6875,0.4740,16,3.439375e+03,false,false,1.69,NaN,0,false
8,10,0.650000,0.050000,1.300000,13.000000,0.401263,2.376178,3.036912,13.5625,0.5589,16,2.857375e+03,false,false,1.65,NaN,0,false
8,10,0.650000,0.080000,1.300000,13.000000,0.565612,1.928444,2.701148,12.4688,0.6057,16,2.338031e+03,false,false,1.62,NaN,0,false
8,10,0.650000,0.120000,1.300000,13.000000,0.721499,1.170349,1.960080,10.3438,0.5967,15,1.449969e+03,false,false,1.55,NaN,0,false
8,10,0.650000,0.200000,1.300000,13.000000,0.892626,0.385630,0.879983,8.1562,0.4838,13,7.127812e+02,false,false,1.50,NaN,0,false
8,10,0.800000,0.000000,1.600000,16.000000,0.000000,3.113434,3.113434,16.0000,0.0000,16,4.096000e+03,false,false,1.07,NaN,0,false
8,10,0.800000,0.005000,1.600000,16.000000,0.048890,3.107887,3.136241,15.9688,0.0312,16,4.073469e+03,false,false,1.78,NaN,0,false
8,10,0.800000,0.010000,1.600000,16.000000,0.095618,3.061004,3.137160,15.7188,0.2509,16,3.961469e+03,false,false,1.71,NaN,0,false
8,10,0.800000,0.020000,1.600000,16.000000,0.182927,2.935545,3.147655,15.3125,0.3491,16,3.739625e+03,false,false,1.72,NaN,0,false
8,10,0.800000,0.035000,1.600000,16.000000,0.299718,2.683632,3.136895,14.8438,0.4118,16,3.475531e+03,false,false,1.67,NaN,0,false
8,10,0.800000,0.050000,1.600000,16.000000,0.401263,2.446905,3.093181,13.9062,0.5395,16,3.031531e+03,false,false,1.65,NaN,0,false
8,10,0.800000,0.080000,1.600000,16.000000,0.565612,1.938640,2.845312,12.8438,0.5735,16,2.493844e+03,false,false,1.65,NaN,0,false
8,10,0.800000,0.120000,1.600000,16.000000,0.721499,1.252337,2.025546,11.4688,0.5697,15,1.842594e+03,false,false,1.57,NaN,0,false
8,10,0.800000,0.200000,1.600000,16.000000,0.892626,0.461961,1.072468,8.6562,0.5032,13,8.544688e+02,false,false,1.56,NaN,0,false
8,10,0.950000,0.000000,1.900000,19.000000,0.000000,3.227534,3.227534,16.0000,0.0000,16,4.096000e+03,false,false,1.09,NaN,0,false
8,10,0.950000,0.005000,1.900000,19.000000,0.048890,3.200002,3.241566,16.0000,0.0000,16,4.096000e+03,false,false,1.72,NaN,0,false
8,10,0.950000,0.010000,1.900000,19.000000,0.095618,3.145643,3.252440,15.7500,0.2500,16,3.984000e+03,false,false,1.70,NaN,0,false
8,10,0.950000,0.020000,1.900000,19.000000,0.182927,2.960974,3.264232,15.0938,0.4197,16,3.652969e+03,false,false,1.71,NaN,0,false
8,10,0.950000,0.035000,1.900000,19.000000,0.299718,2.722987,3.255585,14.7500,0.4731,16,3.478812e+03,false,false,1.67,NaN,0,false
8,10,0.950000,0.050000,1.900000,19.000000,0.401263,2.482989,3.213853,13.9062,0.5395,16,3.031531e+03,false,false,1.70,NaN,0,false
8,10,0.950000,0.080000,1.900000,19.000000,0.565612,1.948591,2.875440,12.7500,0.6058,16,2.476125e+03,false,false,1.63,NaN,0,false
8,10,0.950000,0.120000,1.900000,19.000000,0.721499,1.252323,2.257474,10.7500,0.6124,16,1.611625e+03,false,false,1.57,NaN,0,false
8,10,0.950000,0.200000,1.900000,19.000000,0.892626,0.488443,1.184066,8.2812,0.4841,13,7.500312e+02,false,false,1.49,NaN,0,false
8,10,1.100000,0.000000,2.200000,22.000000,0.000000,3.148217,3.148217,16.0000,0.0000,16,4.096000e+03,false,false,1.08,NaN,0,false
8,10,1.100000,0.005000,2.200000,22.000000,0.048890,3.132008,3.162262,16.0000,0.0000,16,4.096000e+03,false,false,1.72,NaN,0,false
8,10,1.100000,0.010000,2.200000,22.000000,0.095618,3.060210,3.173761,15.7188,0.2509,16,3.961469e+03,false,false,1.71,NaN,0,false
8,10,1.100000,0.020000,2.200000,22.000000,0.182927,2.970437,3.188683,15.6562,0.2564,16,3.919219e+03,false,false,1.74,NaN,0,false
8,10,1.100000,0.035000,2.200000,22.000000,0.299718,2.741443,3.189371,14.9062,0.4173,16,3.523406e+03,false,false,1.70,NaN,0,false
8,10,1.100000,0.050000,2.200000,22.000000,0.401263,2.519207,3.162033,14.1875,0.5049,16,3.157812e+03,false,false,1.65,NaN,0,false
8,10,1.100000,0.080000,2.200000,22.000000,0.565612,1.932727,2.903070,12.3438,0.6654,16,2.356281e+03,false,false,1.61,NaN,0,false
8,10,1.100000,0.120000,2.200000,22.000000,0.721499,1.280991,2.288498,10.4688,0.6444,16,1.552094e+03,false,false,1.57,NaN,0,false
8,10,1.100000,0.200000,2.200000,22.000000,0.892626,0.455309,0.995687,8.0312,0.4546,12,6.729062e+02,false,false,1.48,NaN,0,false
8,10,1.250000,0.000000,2.500000,25.000000,0.000000,2.834450,2.834450,16.0000,0.0000,16,4.096000e+03,false,false,1.06,NaN,0,false
8,10,1.250000,0.005000,2.500000,25.000000,0.048890,2.805006,2.845916,16.0000,0.0000,16,4.096000e+03,false,false,1.76,NaN,0,false
8,10,1.250000,0.010000,2.500000,25.000000,0.095618,2.717370,2.854963,15.6875,0.2518,16,3.938938e+03,false,false,1.71,NaN,0,false
8,10,1.250000,0.020000,2.500000,25.000000,0.182927,2.660174,2.865474,15.6562,0.2564,16,3.919219e+03,false,false,1.69,NaN,0,false
8,10,1.250000,0.035000,2.500000,25.000000,0.299718,2.413136,2.861184,14.6875,0.4676,16,3.431125e+03,false,false,1.68,NaN,0,false
8,10,1.250000,0.050000,2.500000,25.000000,0.401263,2.231051,2.831366,14.0625,0.5177,16,3.098250e+03,false,false,1.66,NaN,0,false
8,10,1.250000,0.080000,2.500000,25.000000,0.565612,1.732202,2.691539,11.9688,0.6115,16,2.112719e+03,false,false,1.61,NaN,0,false
8,10,1.250000,0.120000,2.500000,25.000000,0.721499,1.169367,1.899939,10.5312,0.6413,15,1.555156e+03,false,false,1.54,NaN,0,false
8,10,1.250000,0.200000,2.500000,25.000000,0.892626,0.408203,0.995678,7.3750,0.4551,11,5.430625e+02,false,false,1.51,NaN,0,false
8,10,1.400000,0.000000,2.800000,28.000000,0.000000,2.279223,2.279223,16.0000,0.0000,16,4.096000e+03,false,false,1.07,NaN,0,false
8,10,1.400000,0.005000,2.800000,28.000000,0.048890,2.273539,2.293187,15.9375,0.0435,16,4.050938e+03,false,false,1.73,NaN,0,false
8,10,1.400000,0.010000,2.800000,28.000000,0.095618,2.200413,2.305667,15.4375,0.2654,16,3.767125e+03,false,false,1.72,NaN,0,false
8,10,1.400000,0.020000,2.800000,28.000000,0.182927,2.169416,2.325762,15.3438,0.2642,16,3.699531e+03,false,false,1.72,NaN,0,false
8,10,1.400000,0.035000,2.800000,28.000000,0.299718,2.004802,2.342132,14.2500,0.4557,16,3.142875e+03,false,false,1.69,NaN,0,false
8,10,1.400000,0.050000,2.800000,28.000000,0.401263,1.740559,2.339510,12.7500,0.5536,16,2.416500e+03,false,false,1.72,NaN,0,false
8,10,1.400000,0.080000,2.800000,28.000000,0.565612,1.404556,2.114462,11.2188,0.5657,16,1.742219e+03,false,false,1.63,NaN,0,false
8,10,1.400000,0.120000,2.800000,28.000000,0.721499,0.957770,1.577920,9.0938,0.4844,14,9.482812e+02,false,false,1.55,NaN,0,false
8,10,1.400000,0.200000,2.800000,28.000000,0.892626,0.344845,0.805389,6.5625,0.3298,10,3.480000e+02,false,false,1.43,NaN,0,false
8,10,1.570800,0.000000,3.141600,31.416000,0.000000,2.492404,2.492404,16.0000,0.0000,16,4.096000e+03,false,false,0.68,NaN,0,false
8,10,1.570800,0.005000,3.141600,31.416000,0.048890,2.424341,2.518674,14.7500,0.5217,16,3.536000e+03,false,false,1.07,NaN,0,false
8,10,1.570800,0.010000,3.141600,31.416000,0.095618,2.317013,2.541807,13.2500,0.8120,16,3.032000e+03,false,false,1.05,NaN,0,false
8,10,1.570800,0.020000,3.141600,31.416000,0.182927,2.071090,2.578116,10.6250,0.8910,16,1.982000e+03,false,false,1.00,NaN,0,false
8,10,1.570800,0.035000,3.141600,31.416000,0.299718,1.840175,2.606223,8.6250,0.9480,16,1.432500e+03,false,false,0.96,NaN,0,false
8,10,1.570800,0.050000,3.141600,31.416000,0.401263,1.672887,2.601577,7.1250,0.8469,16,9.390000e+02,false,false,0.93,NaN,0,false
8,10,1.570800,0.080000,3.141600,31.416000,0.565612,1.277195,2.074980,4.7812,0.5439,16,2.860312e+02,false,false,0.90,NaN,0,false
8,10,1.570800,0.120000,3.141600,31.416000,0.721499,1.003630,1.536905,3.5312,0.3143,8,8.303125e+01,false,false,0.82,NaN,0,false
8,10,1.570800,0.200000,3.141600,31.416000,0.892626,0.438262,0.854735,2.6875,0.2436,8,3.906250e+01,false,false,0.76,NaN,0,false
8,10,1.900000,0.000000,3.800000,38.000000,0.000000,2.882808,2.882808,16.0000,0.0000,16,4.096000e+03,false,false,1.13,NaN,0,false
8,10,1.900000,0.005000,3.800000,38.000000,0.048890,2.845903,2.883333,15.9688,0.0312,16,4.073469e+03,false,false,1.74,NaN,0,false
8,10,1.900000,0.010000,3.800000,38.000000,0.095618,2.809728,2.907859,15.7188,0.2509,16,3.961469e+03,false,false,1.74,NaN,0,false
8,10,1.900000,0.020000,3.800000,38.000000,0.182927,2.658234,2.876485,15.3750,0.3471,16,3.781875e+03,false,false,1.69,NaN,0,false
8,10,1.900000,0.035000,3.800000,38.000000,0.299718,2.459885,2.838794,14.5625,0.4665,16,3.349250e+03,false,false,1.68,NaN,0,false
8,10,1.900000,0.050000,3.800000,38.000000,0.401263,2.196537,2.784619,13.7812,0.5621,16,2.987531e+03,false,false,1.66,NaN,0,false
8,10,1.900000,0.080000,3.800000,38.000000,0.565612,1.738700,2.341198,12.2188,0.6152,16,2.235031e+03,false,false,1.68,NaN,0,false
8,10,1.900000,0.120000,3.800000,38.000000,0.721499,1.180997,1.751268,10.2188,0.5918,16,1.396969e+03,false,false,1.57,NaN,0,false
8,10,1.900000,0.200000,3.800000,38.000000,0.892626,0.446505,0.977353,7.5312,0.4139,12,5.449062e+02,false,false,1.48,NaN,0,false
8,10,2.100000,0.000000,4.200000,42.000000,0.000000,2.794233,2.794233,16.0000,0.0000,16,4.096000e+03,false,false,1.06,NaN,0,false
8,10,2.100000,0.005000,4.200000,42.000000,0.048890,2.787376,2.881537,16.0000,0.0000,16,4.096000e+03,false,false,1.70,NaN,0,false
8,10,2.100000,0.010000,4.200000,42.000000,0.095618,2.749521,2.953923,15.7188,0.2509,16,3.961469e+03,false,false,1.72,NaN,0,false
8,10,2.100000,0.020000,4.200000,42.000000,0.182927,2.653967,2.911590,15.4688,0.3478,16,3.849469e+03,false,false,1.69,NaN,0,false
8,10,2.100000,0.035000,4.200000,42.000000,0.299718,2.477033,2.759044,14.5938,0.5136,16,3.423344e+03,false,false,1.75,NaN,0,false
8,10,2.100000,0.050000,4.200000,42.000000,0.401263,2.290846,2.667090,13.8750,0.5746,16,3.057750e+03,false,false,1.66,NaN,0,false
8,10,2.100000,0.080000,4.200000,42.000000,0.565612,1.716903,2.396502,12.4688,0.6189,16,2.357906e+03,false,false,1.61,NaN,0,false
8,10,2.100000,0.120000,4.200000,42.000000,0.721499,1.028545,1.593162,10.2188,0.5884,16,1.394344e+03,false,false,1.59,NaN,0,false
8,10,2.100000,0.200000,4.200000,42.000000,0.892626,0.307676,0.994338,7.6562,0.4548,13,5.965938e+02,false,false,1.44,NaN,0,false
8,10,2.400000,0.000000,4.800000,48.000000,0.000000,3.009200,3.009200,16.0000,0.0000,16,4.096000e+03,false,false,1.04,NaN,0,false
8,10,2.400000,0.005000,4.800000,48.000000,0.048890,3.006157,3.031512,16.0000,0.0000,16,4.096000e+03,false,false,1.73,NaN,0,false
8,10,2.400000,0.010000,4.800000,48.000000,0.095618,2.952009,3.011339,15.7500,0.2500,16,3.984000e+03,false,false,1.74,NaN,0,false
8,10,2.400000,0.020000,4.800000,48.000000,0.182927,2.866616,3.014048,15.5625,0.2577,16,3.851625e+03,false,false,1.71,NaN,0,false
8,10,2.400000,0.035000,4.800000,48.000000,0.299718,2.673362,2.966563,14.5938,0.5156,16,3.426156e+03,false,false,1.67,NaN,0,false
8,10,2.400000,0.050000,4.800000,48.000000,0.401263,2.448473,2.905343,13.7188,0.5701,16,2.960844e+03,false,false,1.65,NaN,0,false
8,10,2.400000,0.080000,4.800000,48.000000,0.565612,1.917668,2.640139,12.1875,0.5827,16,2.184562e+03,false,false,1.62,NaN,0,false
8,10,2.400000,0.120000,4.800000,48.000000,0.721499,1.183357,2.058437,10.5625,0.5767,15,1.505500e+03,false,false,1.54,NaN,0,false
8,10,2.400000,0.200000,4.800000,48.000000,0.892626,0.394171,1.131274,7.5312,0.4623,13,5.782812e+02,false,false,1.45,NaN,0,false
