n,family,r,chi,at_ceiling,eps_chi,obs,O_exact,err_direct,err_dmpf,err_dmpf_cl,ratio,err_proj,err_best_single,cond_N,singular,relerr_N,dc_max,dcNdc,dc_frac_null,corr_min,time_s
10,4-8-16,3,16,no,NaN,Z_mid,-0.3065264873,2.71791177e-01,1.86102717e-03,2.51603477e-01,146.043637,2.09240951e-05,1.69175942e-03,1.174903e+01,false,5.939083e+00,6.910538e-01,5.670315e-04,0.854889,0.613587,20.1
10,4-8-16,3,16,no,NaN,ZZ_mid,-0.7328764993,1.02063290e-01,5.01976934e-03,9.30758243e-02,20.332267,1.48937163e-04,5.91335126e-03,1.174903e+01,false,5.939083e+00,6.910538e-01,5.670315e-04,0.854889,0.613587,20.1
10,4-8-16,3,16,no,NaN,Z_mean,0.0295544665,7.85277832e-03,6.53428700e-13,4.50209299e-03,12017804423.893398,6.50878657e-13,6.52755627e-13,1.174903e+01,false,5.939083e+00,6.910538e-01,5.670315e-04,0.854889,0.613587,20.1
10,4-8-16,3,16,no,NaN,Z1,0.4276526252,1.53359493e-01,1.49547376e-04,1.37553874e-01,1025.491035,1.15679517e-05,4.20752734e-05,1.174903e+01,false,5.939083e+00,6.910538e-01,5.670315e-04,0.854889,0.613587,20.1
10,4-8-16,3,16,no,NaN,Z2,-0.5198052057,1.03901599e-01,2.49018797e-03,1.06427255e-01,41.724400,3.74538422e-05,2.12379091e-03,1.174903e+01,false,5.939083e+00,6.910538e-01,5.670315e-04,0.854889,0.613587,20.1
10,4-8-16,3,16,no,NaN,Z3,0.2611888353,1.70187520e-01,4.26375941e-03,1.16164514e-01,39.914898,6.56613896e-05,3.68433101e-03,1.174903e+01,false,5.939083e+00,6.910538e-01,5.670315e-04,0.854889,0.613587,20.1
10,4-8-16,3,16,no,NaN,Z4,-0.1237014696,1.63410855e-01,3.27879430e-03,9.27830567e-02,49.838703,4.64133504e-05,2.80084023e-03,1.174903e+01,false,5.939083e+00,6.910538e-01,5.670315e-04,0.854889,0.613587,20.1
10,4-8-16,3,16,no,NaN,Z5,-0.3065264873,2.71791177e-01,1.86102717e-03,2.51603477e-01,146.043637,2.09240951e-05,1.69175942e-03,1.174903e+01,false,5.939083e+00,6.910538e-01,5.670315e-04,0.854889,0.613587,20.1
10,4-8-16,3,16,no,NaN,Z6,0.2776169085,1.78893262e-01,4.12947220e-03,1.83599557e-01,43.321096,1.19161600e-04,4.88208289e-03,1.174903e+01,false,5.939083e+00,6.910538e-01,5.670315e-04,0.854889,0.613587,20.1
10,4-8-16,3,16,no,NaN,Z7,-0.3909879863,2.95774846e-01,3.85227492e-03,2.73905873e-01,76.779267,1.38042528e-04,4.46734224e-03,1.174903e+01,false,5.939083e+00,6.910538e-01,5.670315e-04,0.854889,0.613587,20.1
10,4-8-16,3,16,no,NaN,Z8,0.4028374190,3.05330321e-01,8.81488596e-04,2.89401345e-01,346.380341,5.35507225e-05,1.07849478e-03,1.174903e+01,false,5.939083e+00,6.910538e-01,5.670315e-04,0.854889,0.613587,20.1
10,4-8-16,3,16,no,NaN,Z9,-0.4509310272,1.96000837e-01,2.68235442e-04,1.87597336e-01,730.704470,5.06033509e-06,8.20494172e-04,1.174903e+01,false,5.939083e+00,6.910538e-01,5.670315e-04,0.854889,0.613587,20.1
10,4-8-16,3,16,no,NaN,Z10,0.7182010527,1.44580934e-01,4.10715310e-03,1.40576780e-01,35.202227,9.04279860e-05,3.64687609e-03,1.174903e+01,false,5.939083e+00,6.910538e-01,5.670315e-04,0.854889,0.613587,20.1
10,3-8,2,16,no,NaN,Z_mid,-0.3065264873,2.71791177e-01,4.60320293e-03,2.15003724e-01,59.043927,1.85171843e-03,6.90707152e-03,6.971631e+00,false,2.250078e+00,6.115011e-02,1.214791e-03,0.778975,0.446228,20.1
10,3-8,2,16,no,NaN,ZZ_mid,-0.7328764993,1.02063290e-01,1.03502978e-02,8.42176985e-02,9.860904,8.22998814e-03,2.59079130e-02,6.971631e+00,false,2.250078e+00,6.115011e-02,1.214791e-03,0.778975,0.446228,20.1
10,3-8,2,16,no,NaN,Z_mean,0.0295544665,7.85277832e-03,6.57369992e-13,3.46054128e-03,11945751129.902967,6.56634469e-13,6.57984084e-13,6.971631e+00,false,2.250078e+00,6.115011e-02,1.214791e-03,0.778975,0.446228,20.1
10,3-8,2,16,no,NaN,Z1,0.4276526252,1.53359493e-01,8.45891061e-04,1.31581327e-01,181.299343,2.33513030e-03,4.01076351e-04,6.971631e+00,false,2.250078e+00,6.115011e-02,1.214791e-03,0.778975,0.446228,20.1
10,3-8,2,16,no,NaN,Z2,-0.5198052057,1.03901599e-01,6.47287496e-03,9.77594163e-02,16.051847,4.14026026e-03,8.42601615e-03,6.971631e+00,false,2.250078e+00,6.115011e-02,1.214791e-03,0.778975,0.446228,20.1
10,3-8,2,16,no,NaN,Z3,0.2611888353,1.70187520e-01,1.09040017e-02,7.24091905e-02,15.607804,6.38092814e-03,1.46912544e-02,6.971631e+00,false,2.250078e+00,6.115011e-02,1.214791e-03,0.778975,0.446228,20.1
10,3-8,2,16,no,NaN,Z4,-0.1237014696,1.63410855e-01,8.48500790e-03,4.80479954e-02,19.258775,5.32732824e-03,1.11289912e-02,6.971631e+00,false,2.250078e+00,6.115011e-02,1.214791e-03,0.778975,0.446228,20.1
10,3-8,2,16,no,NaN,Z5,-0.3065264873,2.71791177e-01,4.60320293e-03,2.15003724e-01,59.043927,1.85171843e-03,6.90707152e-03,6.971631e+00,false,2.250078e+00,6.115011e-02,1.214791e-03,0.778975,0.446228,20.1
10,3-8,2,16,no,NaN,Z6,0.2776169085,1.78893262e-01,8.57460271e-03,1.40889889e-01,20.863155,6.76912464e-03,2.14221879e-02,6.971631e+00,false,2.250078e+00,6.115011e-02,1.214791e-03,0.778975,0.446228,20.1
10,3-8,2,16,no,NaN,Z7,-0.3909879863,2.95774846e-01,7.90386613e-03,2.43941171e-01,37.421540,5.83552445e-03,1.94081106e-02,6.971631e+00,false,2.250078e+00,6.115011e-02,1.214791e-03,0.778975,0.446228,20.1
10,3-8,2,16,no,NaN,Z8,0.4028374190,3.05330321e-01,1.59923925e-03,2.58456105e-01,190.922228,2.08638515e-03,4.68528036e-03,6.971631e+00,false,2.250078e+00,6.115011e-02,1.214791e-03,0.778975,0.446228,20.1
10,3-8,2,16,no,NaN,Z9,-0.4509310272,1.96000837e-01,3.80148624e-05,1.71954629e-01,5155.900206,5.00282411e-03,4.25880206e-03,6.971631e+00,false,2.250078e+00,6.115011e-02,1.214791e-03,0.778975,0.446228,20.1
10,3-8,2,16,no,NaN,Z10,0.7182010527,1.44580934e-01,1.00431540e-02,1.38765011e-01,14.395969,4.58608726e-03,1.46124564e-02,6.971631e+00,false,2.250078e+00,6.115011e-02,1.214791e-03,0.778975,0.446228,20.1
10,4-8-16,3,32,no,NaN,Z_mid,-0.3065264873,1.80427060e-01,2.03964607e-03,1.49438018e-01,88.459984,2.09240951e-05,1.69175942e-03,4.249707e+01,false,1.862329e+00,9.055953e-01,1.090580e-03,0.778743,0.713815,60.5
10,4-8-16,3,32,no,NaN,ZZ_mid,-0.7328764993,1.14130750e-01,1.61489662e-02,1.15105761e-01,7.067372,1.48937163e-04,5.91335126e-03,4.249707e+01,false,1.862329e+00,9.055953e-01,1.090580e-03,0.778743,0.713815,60.5
10,4-8-16,3,32,no,NaN,Z_mean,0.0295544665,2.93696065e-03,6.51555199e-13,5.19480523e-03,4507616022.333630,6.50878657e-13,6.52755627e-13,4.249707e+01,false,1.862329e+00,9.055953e-01,1.090580e-03,0.778743,0.713815,60.5
10,4-8-16,3,32,no,NaN,Z1,0.4276526252,1.04306337e-01,1.23697162e-03,1.17875931e-01,84.323953,1.15679517e-05,4.20752734e-05,4.249707e+01,false,1.862329e+00,9.055953e-01,1.090580e-03,0.778743,0.713815,60.5
10,4-8-16,3,32,no,NaN,Z2,-0.5198052057,8.29032458e-02,1.57137269e-03,9.04950829e-02,52.758487,3.74538422e-05,2.12379091e-03,4.249707e+01,false,1.862329e+00,9.055953e-01,1.090580e-03,0.778743,0.713815,60.5
10,4-8-16,3,32,no,NaN,Z3,0.2611888353,7.48854812e-03,3.07350084e-03,2.27211522e-02,2.436488,6.56613896e-05,3.68433101e-03,4.249707e+01,false,1.862329e+00,9.055953e-01,1.090580e-03,0.778743,0.713815,60.5
10,4-8-16,3,32,no,NaN,Z4,-0.1237014696,1.97849022e-02,2.11348478e-03,2.62521820e-03,9.361270,4.64133504e-05,2.80084023e-03,4.249707e+01,false,1.862329e+00,9.055953e-01,1.090580e-03,0.778743,0.713815,60.5
10,4-8-16,3,32,no,NaN,Z5,-0.3065264873,1.80427060e-01,2.03964607e-03,1.49438018e-01,88.459984,2.09240951e-05,1.69175942e-03,4.249707e+01,false,1.862329e+00,9.055953e-01,1.090580e-03,0.778743,0.713815,60.5
10,4-8-16,3,32,no,NaN,Z6,0.2776169085,9.84948886e-02,1.34359798e-02,6.99982943e-02,7.330681,1.19161600e-04,4.88208289e-03,4.249707e+01,false,1.862329e+00,9.055953e-01,1.090580e-03,0.778743,0.713815,60.5
10,4-8-16,3,32,no,NaN,Z7,-0.3909879863,2.32791441e-01,1.17537603e-02,1.71278742e-01,19.805699,1.38042528e-04,4.46734224e-03,4.249707e+01,false,1.862329e+00,9.055953e-01,1.090580e-03,0.778743,0.713815,60.5
10,4-8-16,3,32,no,NaN,Z8,0.4028374190,2.31580474e-01,3.08138743e-03,1.73836009e-01,75.154611,5.35507225e-05,1.07849478e-03,4.249707e+01,false,1.862329e+00,9.055953e-01,1.090580e-03,0.778743,0.713815,60.5
10,4-8-16,3,32,no,NaN,Z9,-0.4509310272,2.45696046e-01,4.97778439e-03,1.82966698e-01,49.358515,5.06033509e-06,8.20494172e-04,4.249707e+01,false,1.862329e+00,9.055953e-01,1.090580e-03,0.778743,0.713815,60.5
10,4-8-16,3,32,no,NaN,Z10,0.7182010527,2.50793036e-01,3.67379692e-03,1.60424320e-01,68.265351,9.04279860e-05,3.64687609e-03,4.249707e+01,false,1.862329e+00,9.055953e-01,1.090580e-03,0.778743,0.713815,60.5
10,3-8,2,32,no,NaN,Z_mid,-0.3065264873,1.80427060e-01,1.35727021e-03,1.19502320e-01,132.933781,1.85171843e-03,6.90707152e-03,2.501953e+01,false,9.573434e-01,7.131787e-02,1.652357e-03,0.778975,0.500457,60.5
10,3-8,2,32,no,NaN,ZZ_mid,-0.7328764993,1.14130750e-01,2.98997182e-02,1.30902367e-01,3.817118,8.22998814e-03,2.59079130e-02,2.501953e+01,false,9.573434e-01,7.131787e-02,1.652357e-03,0.778975,0.500457,60.5
10,3-8,2,32,no,NaN,Z_mean,0.0295544665,2.93696065e-03,6.55780985e-13,5.44002008e-03,4478569400.274109,6.56634469e-13,6.57984084e-13,2.501953e+01,false,9.573434e-01,7.131787e-02,1.652357e-03,0.778975,0.500457,60.5
10,3-8,2,32,no,NaN,Z1,0.4276526252,1.04306337e-01,4.07199337e-03,8.88851547e-02,25.615547,2.33513030e-03,4.01076351e-04,2.501953e+01,false,9.573434e-01,7.131787e-02,1.652357e-03,0.778975,0.500457,60.5
10,3-8,2,32,no,NaN,Z2,-0.5198052057,8.29032458e-02,1.41978917e-03,7.49561782e-02,58.391237,4.14026026e-03,8.42601615e-03,2.501953e+01,false,9.573434e-01,7.131787e-02,1.652357e-03,0.778975,0.500457,60.5
10,3-8,2,32,no,NaN,Z3,0.2611888353,7.48854812e-03,1.10577881e-03,3.39790535e-02,6.772194,6.38092814e-03,1.46912544e-02,2.501953e+01,false,9.573434e-01,7.131787e-02,1.652357e-03,0.778975,0.500457,60.5
10,3-8,2,32,no,NaN,Z4,-0.1237014696,1.97849022e-02,1.64460419e-03,8.62688468e-03,12.030191,5.32732824e-03,1.11289912e-02,2.501953e+01,false,9.573434e-01,7.131787e-02,1.652357e-03,0.778975,0.500457,60.5
10,3-8,2,32,no,NaN,Z5,-0.3065264873,1.80427060e-01,1.35727021e-03,1.19502320e-01,132.933781,1.85171843e-03,6.90707152e-03,2.501953e+01,false,9.573434e-01,7.131787e-02,1.652357e-03,0.778975,0.500457,60.5
10,3-8,2,32,no,NaN,Z6,0.2776169085,9.84948886e-02,2.46641361e-02,8.24873122e-02,3.993446,6.76912464e-03,2.14221879e-02,2.501953e+01,false,9.573434e-01,7.131787e-02,1.652357e-03,0.778975,0.500457,60.5
10,3-8,2,32,no,NaN,Z7,-0.3909879863,2.32791441e-01,2.18594374e-02,1.89664146e-01,10.649471,5.83552445e-03,1.94081106e-02,2.501953e+01,false,9.573434e-01,7.131787e-02,1.652357e-03,0.778975,0.500457,60.5
10,3-8,2,32,no,NaN,Z8,0.4028374190,2.31580474e-01,6.38483815e-03,1.54976526e-01,36.270375,2.08638515e-03,4.68528036e-03,2.501953e+01,false,9.573434e-01,7.131787e-02,1.652357e-03,0.778975,0.500457,60.5
10,3-8,2,32,no,NaN,Z9,-0.4509310272,2.45696046e-01,1.08818305e-02,1.99112605e-01,22.578558,5.00282411e-03,4.25880206e-03,2.501953e+01,false,9.573434e-01,7.131787e-02,1.652357e-03,0.778975,0.500457,60.5
10,3-8,2,32,no,NaN,Z10,0.7182010527,2.50793036e-01,1.77835534e-03,1.77133887e-01,141.025266,4.58608726e-03,1.46124564e-02,2.501953e+01,false,9.573434e-01,7.131787e-02,1.652357e-03,0.778975,0.500457,60.5
10,4-8-16,3,48,no,NaN,Z_mid,-0.3065264873,1.10775593e-01,1.61333605e-04,6.51282643e-02,686.624420,2.09240951e-05,1.69175942e-03,5.551551e+01,false,5.361644e-01,7.632946e-01,2.221300e-04,0.814770,0.657075,111.8
10,4-8-16,3,48,no,NaN,ZZ_mid,-0.7328764993,7.15642381e-02,5.70371825e-03,5.67049325e-02,12.546945,1.48937163e-04,5.91335126e-03,5.551551e+01,false,5.361644e-01,7.632946e-01,2.221300e-04,0.814770,0.657075,111.8
10,4-8-16,3,48,no,NaN,Z_mean,0.0295544665,2.89463947e-03,6.52377458e-13,1.65178690e-03,4437062368.759470,6.50878657e-13,6.52755627e-13,5.551551e+01,false,5.361644e-01,7.632946e-01,2.221300e-04,0.814770,0.657075,111.8
10,4-8-16,3,48,no,NaN,Z1,0.4276526252,7.32209312e-02,6.80162420e-04,6.02397918e-02,107.652127,1.15679517e-05,4.20752734e-05,5.551551e+01,false,5.361644e-01,7.632946e-01,2.221300e-04,0.814770,0.657075,111.8
10,4-8-16,3,48,no,NaN,Z2,-0.5198052057,4.68839167e-02,3.57997245e-04,3.60778452e-02,130.961669,3.74538422e-05,2.12379091e-03,5.551551e+01,false,5.361644e-01,7.632946e-01,2.221300e-04,0.814770,0.657075,111.8
10,4-8-16,3,48,no,NaN,Z3,0.2611888353,2.10013017e-02,4.23387309e-04,2.78917908e-02,49.603050,6.56613896e-05,3.68433101e-03,5.551551e+01,false,5.361644e-01,7.632946e-01,2.221300e-04,0.814770,0.657075,111.8
10,4-8-16,3,48,no,NaN,Z4,-0.1237014696,6.53827747e-03,4.49197751e-04,1.02435173e-02,14.555455,4.64133504e-05,2.80084023e-03,5.551551e+01,false,5.361644e-01,7.632946e-01,2.221300e-04,0.814770,0.657075,111.8
10,4-8-16,3,48,no,NaN,Z5,-0.3065264873,1.10775593e-01,1.61333605e-04,6.51282643e-02,686.624420,2.09240951e-05,1.69175942e-03,5.551551e+01,false,5.361644e-01,7.632946e-01,2.221300e-04,0.814770,0.657075,111.8
10,4-8-16,3,48,no,NaN,Z6,0.2776169085,4.20189900e-02,4.76714660e-03,3.74243311e-02,8.814285,1.19161600e-04,4.88208289e-03,5.551551e+01,false,5.361644e-01,7.632946e-01,2.221300e-04,0.814770,0.657075,111.8
10,4-8-16,3,48,no,NaN,Z7,-0.3909879863,9.13705765e-02,4.05937557e-03,7.03075050e-02,22.508530,1.38042528e-04,4.46734224e-03,5.551551e+01,false,5.361644e-01,7.632946e-01,2.221300e-04,0.814770,0.657075,111.8
10,4-8-16,3,48,no,NaN,Z8,0.4028374190,7.98533100e-02,1.12186395e-03,4.67194693e-02,71.179139,5.35507225e-05,1.07849478e-03,5.551551e+01,false,5.361644e-01,7.632946e-01,2.221300e-04,0.814770,0.657075,111.8
10,4-8-16,3,48,no,NaN,Z9,-0.4509310272,9.29103418e-02,2.34329428e-03,6.65161752e-02,39.649455,5.06033509e-06,8.20494172e-04,5.551551e+01,false,5.361644e-01,7.632946e-01,2.221300e-04,0.814770,0.657075,111.8
10,4-8-16,3,48,no,NaN,Z10,0.7182010527,1.03437778e-01,5.59709698e-05,5.94800550e-02,1848.061202,9.04279860e-05,3.64687609e-03,5.551551e+01,false,5.361644e-01,7.632946e-01,2.221300e-04,0.814770,0.657075,111.8
10,3-8,2,48,no,NaN,Z_mid,-0.3065264873,1.10775593e-01,3.70774078e-04,4.97350220e-02,298.768440,1.85171843e-03,6.90707152e-03,4.699795e+01,false,3.369561e-01,3.291311e-02,3.519208e-04,0.778975,0.467218,111.8
10,3-8,2,48,no,NaN,ZZ_mid,-0.7328764993,7.15642381e-02,1.82305422e-02,5.40577183e-02,3.925513,8.22998814e-03,2.59079130e-02,4.699795e+01,false,3.369561e-01,3.291311e-02,3.519208e-04,0.778975,0.467218,111.8
10,3-8,2,48,no,NaN,Z_mean,0.0295544665,2.89463947e-03,6.56245891e-13,1.04399433e-03,4410906806.818330,6.56634469e-13,6.57984084e-13,4.699795e+01,false,3.369561e-01,3.291311e-02,3.519208e-04,0.778975,0.467218,111.8
10,3-8,2,48,no,NaN,Z1,0.4276526252,7.32209312e-02,3.13669050e-03,5.32795146e-02,23.343371,2.33513030e-03,4.01076351e-04,4.699795e+01,false,3.369561e-01,3.291311e-02,3.519208e-04,0.778975,0.467218,111.8
10,3-8,2,48,no,NaN,Z2,-0.5198052057,4.68839167e-02,2.88476616e-03,3.57504048e-02,16.252242,4.14026026e-03,8.42601615e-03,4.699795e+01,false,3.369561e-01,3.291311e-02,3.519208e-04,0.778975,0.467218,111.8
10,3-8,2,48,no,NaN,Z3,0.2611888353,2.10013017e-02,3.94645314e-03,2.44679495e-02,5.321564,6.38092814e-03,1.46912544e-02,4.699795e+01,false,3.369561e-01,3.291311e-02,3.519208e-04,0.778975,0.467218,111.8
10,3-8,2,48,no,NaN,Z4,-0.1237014696,6.53827747e-03,3.62775557e-03,9.50712341e-03,1.802293,5.32732824e-03,1.11289912e-02,4.699795e+01,false,3.369561e-01,3.291311e-02,3.519208e-04,0.778975,0.467218,111.8
10,3-8,2,48,no,NaN,Z5,-0.3065264873,1.10775593e-01,3.70774078e-04,4.97350220e-02,298.768440,1.85171843e-03,6.90707152e-03,4.699795e+01,false,3.369561e-01,3.291311e-02,3.519208e-04,0.778975,0.467218,111.8
10,3-8,2,48,no,NaN,Z6,0.2776169085,4.20189900e-02,1.50276507e-02,2.90418746e-02,2.796112,6.76912464e-03,2.14221879e-02,4.699795e+01,false,3.369561e-01,3.291311e-02,3.519208e-04,0.778975,0.467218,111.8
10,3-8,2,48,no,NaN,Z7,-0.3909879863,9.13705765e-02,1.32305408e-02,5.41554711e-02,6.906035,5.83552445e-03,1.94081106e-02,4.699795e+01,false,3.369561e-01,3.291311e-02,3.519208e-04,0.778975,0.467218,111.8
10,3-8,2,48,no,NaN,Z8,0.4028374190,7.98533100e-02,4.07011598e-03,4.48980349e-02,19.619419,2.08638515e-03,4.68528036e-03,4.699795e+01,false,3.369561e-01,3.291311e-02,3.519208e-04,0.778975,0.467218,111.8
10,3-8,2,48,no,NaN,Z9,-0.4509310272,9.29103418e-02,7.71597841e-03,4.57750554e-02,12.041291,5.00282411e-03,4.25880206e-03,4.699795e+01,false,3.369561e-01,3.291311e-02,3.519208e-04,0.778975,0.467218,111.8
10,3-8,2,48,no,NaN,Z10,0.7182010527,1.03437778e-01,1.64890474e-03,3.27957599e-02,62.731203,4.58608726e-03,1.46124564e-02,4.699795e+01,false,3.369561e-01,3.291311e-02,3.519208e-04,0.778975,0.467218,111.8
10,4-8-16,3,64,no,NaN,Z_mid,-0.3065264873,2.01909332e-02,2.14897785e-04,1.94342705e-02,93.955986,2.09240951e-05,1.69175942e-03,3.078145e+02,false,1.207701e-01,4.557691e-01,7.104904e-05,0.825088,0.700410,168.4
10,4-8-16,3,64,no,NaN,ZZ_mid,-0.7328764993,6.68380945e-03,1.80997411e-03,6.44819060e-03,3.692765,1.48937163e-04,5.91335126e-03,3.078145e+02,false,1.207701e-01,4.557691e-01,7.104904e-05,0.825088,0.700410,168.4
10,4-8-16,3,64,no,NaN,Z_mean,0.0295544665,7.82963087e-04,6.51950716e-13,7.16431456e-04,1200954409.671506,6.50878657e-13,6.52755627e-13,3.078145e+02,false,1.207701e-01,4.557691e-01,7.104904e-05,0.825088,0.700410,168.4
10,4-8-16,3,64,no,NaN,Z1,0.4276526252,2.86685982e-02,3.31225523e-04,3.21291022e-02,86.553107,1.15679517e-05,4.20752734e-05,3.078145e+02,false,1.207701e-01,4.557691e-01,7.104904e-05,0.825088,0.700410,168.4
10,4-8-16,3,64,no,NaN,Z2,-0.5198052057,2.31415870e-02,5.55426179e-04,2.65845786e-02,41.664559,3.74538422e-05,2.12379091e-03,3.078145e+02,false,1.207701e-01,4.557691e-01,7.104904e-05,0.825088,0.700410,168.4
10,4-8-16,3,64,no,NaN,Z3,0.2611888353,1.50844201e-02,8.64327526e-04,1.77273074e-02,17.452204,6.56613896e-05,3.68433101e-03,3.078145e+02,false,1.207701e-01,4.557691e-01,7.104904e-05,0.825088,0.700410,168.4
10,4-8-16,3,64,no,NaN,Z4,-0.1237014696,9.14288643e-03,7.19986343e-04,9.08966908e-03,12.698694,4.64133504e-05,2.80084023e-03,3.078145e+02,false,1.207701e-01,4.557691e-01,7.104904e-05,0.825088,0.700410,168.4
10,4-8-16,3,64,no,NaN,Z5,-0.3065264873,2.01909332e-02,2.14897785e-04,1.94342705e-02,93.955986,2.09240951e-05,1.69175942e-03,3.078145e+02,false,1.207701e-01,4.557691e-01,7.104904e-05,0.825088,0.700410,168.4
10,4-8-16,3,64,no,NaN,Z6,0.2776169085,1.16136895e-02,1.52480869e-03,1.09674093e-02,7.616490,1.19161600e-04,4.88208289e-03,3.078145e+02,false,1.207701e-01,4.557691e-01,7.104904e-05,0.825088,0.700410,168.4
10,4-8-16,3,64,no,NaN,Z7,-0.3909879863,2.21586583e-02,1.23348483e-03,2.38962992e-02,17.964273,1.38042528e-04,4.46734224e-03,3.078145e+02,false,1.207701e-01,4.557691e-01,7.104904e-05,0.825088,0.700410,168.4
10,4-8-16,3,64,no,NaN,Z8,0.4028374190,2.62047476e-02,3.62562520e-04,2.74346285e-02,72.276493,5.35507225e-05,1.07849478e-03,3.078145e+02,false,1.207701e-01,4.557691e-01,7.104904e-05,0.825088,0.700410,168.4
10,4-8-16,3,64,no,NaN,Z9,-0.4509310272,2.15505564e-02,1.04027790e-03,2.17562975e-02,20.716153,5.06033509e-06,8.20494172e-04,3.078145e+02,false,1.207701e-01,4.557691e-01,7.104904e-05,0.825088,0.700410,168.4
10,4-8-16,3,64,no,NaN,Z10,0.7182010527,6.78353516e-03,6.81148783e-04,5.33835301e-03,9.958962,9.04279860e-05,3.64687609e-03,3.078145e+02,false,1.207701e-01,4.557691e-01,7.104904e-05,0.825088,0.700410,168.4
10,3-8,2,64,no,NaN,Z_mid,-0.3065264873,2.01909332e-02,1.61392244e-03,9.96753865e-03,12.510473,1.85171843e-03,6.90707152e-03,1.259756e+02,false,9.844533e-02,5.284875e-03,9.073536e-06,0.778975,0.428569,168.4
10,3-8,2,64,no,NaN,ZZ_mid,-0.7328764993,6.68380945e-03,9.83578219e-03,1.18417105e-02,0.679540,8.22998814e-03,2.59079130e-02,1.259756e+02,false,9.844533e-02,5.284875e-03,9.073536e-06,0.778975,0.428569,168.4
10,3-8,2,64,no,NaN,Z_mean,0.0295544665,7.82963087e-04,6.56575488e-13,5.47292722e-04,1192495151.946905,6.56634469e-13,6.57984084e-13,1.259756e+02,false,9.844533e-02,5.284875e-03,9.073536e-06,0.778975,0.428569,168.4
10,3-8,2,64,no,NaN,Z1,0.4276526252,2.86685982e-02,2.46383723e-03,2.45987571e-02,11.635752,2.33513030e-03,4.01076351e-04,1.259756e+02,false,9.844533e-02,5.284875e-03,9.073536e-06,0.778975,0.428569,168.4
10,3-8,2,64,no,NaN,Z2,-0.5198052057,2.31415870e-02,3.93866493e-03,2.33185535e-02,5.875490,4.14026026e-03,8.42601615e-03,1.259756e+02,false,9.844533e-02,5.284875e-03,9.073536e-06,0.778975,0.428569,168.4
10,3-8,2,64,no,NaN,Z3,0.2611888353,1.50844201e-02,5.99002325e-03,2.19340277e-02,2.518257,6.38092814e-03,1.46912544e-02,1.259756e+02,false,9.844533e-02,5.284875e-03,9.073536e-06,0.778975,0.428569,168.4
10,3-8,2,64,no,NaN,Z4,-0.1237014696,9.14288643e-03,5.05442699e-03,1.20141146e-02,1.808887,5.32732824e-03,1.11289912e-02,1.259756e+02,false,9.844533e-02,5.284875e-03,9.073536e-06,0.778975,0.428569,168.4
10,3-8,2,64,no,NaN,Z5,-0.3065264873,2.01909332e-02,1.61392244e-03,9.96753865e-03,12.510473,1.85171843e-03,6.90707152e-03,1.259756e+02,false,9.844533e-02,5.284875e-03,9.073536e-06,0.778975,0.428569,168.4
10,3-8,2,64,no,NaN,Z6,0.2776169085,1.16136895e-02,8.09520036e-03,9.58798871e-03,1.434639,6.76912464e-03,2.14221879e-02,1.259756e+02,false,9.844533e-02,5.284875e-03,9.073536e-06,0.778975,0.428569,168.4
10,3-8,2,64,no,NaN,Z7,-0.3909879863,2.21586583e-02,7.02294598e-03,2.25802625e-02,3.155180,5.83552445e-03,1.94081106e-02,1.259756e+02,false,9.844533e-02,5.284875e-03,9.073536e-06,0.778975,0.428569,168.4
10,3-8,2,64,no,NaN,Z8,0.4028374190,2.62047476e-02,2.40491382e-03,2.21110172e-02,10.896335,2.08638515e-03,4.68528036e-03,1.259756e+02,false,9.844533e-02,5.284875e-03,9.073536e-06,0.778975,0.428569,168.4
10,3-8,2,64,no,NaN,Z9,-0.4509310272,2.15505564e-02,5.43847668e-03,2.70279882e-02,3.962609,5.00282411e-03,4.25880206e-03,1.259756e+02,false,9.844533e-02,5.284875e-03,9.073536e-06,0.778975,0.428569,168.4
10,3-8,2,64,no,NaN,Z10,0.7182010527,6.78353516e-03,4.11446237e-03,1.12037396e-02,1.648705,4.58608726e-03,1.46124564e-02,1.259756e+02,false,9.844533e-02,5.284875e-03,9.073536e-06,0.778975,0.428569,168.4
10,4-8-16,3,96,no,NaN,Z_mid,-0.3065264873,1.37363525e-02,6.03955991e-05,1.37089031e-02,227.439626,2.09240951e-05,1.69175942e-03,7.276200e+02,false,6.046732e-02,3.089620e-01,3.275922e-05,0.820548,0.670234,260.0
10,4-8-16,3,96,no,NaN,ZZ_mid,-0.7328764993,7.52980503e-03,1.64570986e-03,8.21782860e-03,4.575415,1.48937163e-04,5.91335126e-03,7.276200e+02,false,6.046732e-02,3.089620e-01,3.275922e-05,0.820548,0.670234,260.0
10,4-8-16,3,96,no,NaN,Z_mean,0.0295544665,4.70554595e-04,6.51548260e-13,3.60916118e-04,722209886.834448,6.50878657e-13,6.52755627e-13,7.276200e+02,false,6.046732e-02,3.089620e-01,3.275922e-05,0.820548,0.670234,260.0
10,4-8-16,3,96,no,NaN,Z1,0.4276526252,1.73510811e-02,2.42156113e-04,1.49008389e-02,71.652460,1.15679517e-05,4.20752734e-05,7.276200e+02,false,6.046732e-02,3.089620e-01,3.275922e-05,0.820548,0.670234,260.0
10,4-8-16,3,96,no,NaN,Z2,-0.5198052057,1.81223481e-02,2.89336893e-04,1.50645347e-02,62.634073,3.74538422e-05,2.12379091e-03,7.276200e+02,false,6.046732e-02,3.089620e-01,3.275922e-05,0.820548,0.670234,260.0
10,4-8-16,3,96,no,NaN,Z3,0.2611888353,1.15496781e-02,4.29268436e-04,1.02255782e-02,26.905491,6.56613896e-05,3.68433101e-03,7.276200e+02,false,6.046732e-02,3.089620e-01,3.275922e-05,0.820548,0.670234,260.0
10,4-8-16,3,96,no,NaN,Z4,-0.1237014696,2.41369464e-03,3.71413149e-04,2.03657289e-03,6.498678,4.64133504e-05,2.80084023e-03,7.276200e+02,false,6.046732e-02,3.089620e-01,3.275922e-05,0.820548,0.670234,260.0
10,4-8-16,3,96,no,NaN,Z5,-0.3065264873,1.37363525e-02,6.03955991e-05,1.37089031e-02,227.439626,2.09240951e-05,1.69175942e-03,7.276200e+02,false,6.046732e-02,3.089620e-01,3.275922e-05,0.820548,0.670234,260.0
10,4-8-16,3,96,no,NaN,Z6,0.2776169085,6.48509540e-03,1.38234547e-03,9.55775797e-03,4.691371,1.19161600e-04,4.88208289e-03,7.276200e+02,false,6.046732e-02,3.089620e-01,3.275922e-05,0.820548,0.670234,260.0
10,4-8-16,3,96,no,NaN,Z7,-0.3909879863,1.25803862e-02,1.13656631e-03,1.23809548e-02,11.068766,1.38042528e-04,4.46734224e-03,7.276200e+02,false,6.046732e-02,3.089620e-01,3.275922e-05,0.820548,0.670234,260.0
10,4-8-16,3,96,no,NaN,Z8,0.4028374190,1.08465741e-02,3.15364423e-04,7.39564326e-03,34.393778,5.35507225e-05,1.07849478e-03,7.276200e+02,false,6.046732e-02,3.089620e-01,3.275922e-05,0.820548,0.670234,260.0
10,4-8-16,3,96,no,NaN,Z9,-0.4509310272,1.58749036e-02,8.16521761e-04,1.24471883e-02,19.442107,5.06033509e-06,8.20494172e-04,7.276200e+02,false,6.046732e-02,3.089620e-01,3.275922e-05,0.820548,0.670234,260.0
10,4-8-16,3,96,no,NaN,Z10,0.7182010527,1.17897103e-02,3.05099274e-04,9.94917425e-03,38.642210,9.04279860e-05,3.64687609e-03,7.276200e+02,false,6.046732e-02,3.089620e-01,3.275922e-05,0.820548,0.670234,260.0
10,3-8,2,96,no,NaN,Z_mid,-0.3065264873,1.37363525e-02,1.70069798e-03,1.59706285e-02,8.076891,1.85171843e-03,6.90707152e-03,1.595633e+02,false,5.376483e-02,3.356340e-03,3.659645e-06,0.778975,0.430108,260.0
10,3-8,2,96,no,NaN,ZZ_mid,-0.7328764993,7.52980503e-03,9.24980239e-03,1.63832207e-02,0.814050,8.22998814e-03,2.59079130e-02,1.595633e+02,false,5.376483e-02,3.356340e-03,3.659645e-06,0.778975,0.430108,260.0
10,3-8,2,96,no,NaN,Z_mean,0.0295544665,4.70554595e-04,6.56592836e-13,3.53182509e-04,716661177.849205,6.56634469e-13,6.57984084e-13,1.595633e+02,false,5.376483e-02,3.356340e-03,3.659645e-06,0.778975,0.430108,260.0
10,3-8,2,96,no,NaN,Z1,0.4276526252,1.73510811e-02,2.41687003e-03,1.71593604e-02,7.179154,2.33513030e-03,4.01076351e-04,1.595633e+02,false,5.376483e-02,3.356340e-03,3.659645e-06,0.778975,0.430108,260.0
10,3-8,2,96,no,NaN,Z2,-0.5198052057,1.81223481e-02,4.01223028e-03,1.79680566e-02,4.516777,4.14026026e-03,8.42601615e-03,1.595633e+02,false,5.376483e-02,3.356340e-03,3.659645e-06,0.778975,0.430108,260.0
10,3-8,2,96,no,NaN,Z3,0.2611888353,1.15496781e-02,6.13267067e-03,1.62861393e-02,1.883303,6.38092814e-03,1.46912544e-02,1.595633e+02,false,5.376483e-02,3.356340e-03,3.659645e-06,0.778975,0.430108,260.0
10,3-8,2,96,no,NaN,Z4,-0.1237014696,2.41369464e-03,5.15401300e-03,6.27852813e-03,0.468314,5.32732824e-03,1.11289912e-02,1.595633e+02,false,5.376483e-02,3.356340e-03,3.659645e-06,0.778975,0.430108,260.0
10,3-8,2,96,no,NaN,Z5,-0.3065264873,1.37363525e-02,1.70069798e-03,1.59706285e-02,8.076891,1.85171843e-03,6.90707152e-03,1.595633e+02,false,5.376483e-02,3.356340e-03,3.659645e-06,0.778975,0.430108,260.0
10,3-8,2,96,no,NaN,Z6,0.2776169085,6.48509540e-03,7.61129423e-03,1.53947697e-02,0.852036,6.76912464e-03,2.14221879e-02,1.595633e+02,false,5.376483e-02,3.356340e-03,3.659645e-06,0.778975,0.430108,260.0
10,3-8,2,96,no,NaN,Z7,-0.3909879863,1.25803862e-02,6.58963696e-03,1.77518254e-02,1.909117,5.83552445e-03,1.94081106e-02,1.595633e+02,false,5.376483e-02,3.356340e-03,3.659645e-06,0.778975,0.430108,260.0
10,3-8,2,96,no,NaN,Z8,0.4028374190,1.08465741e-02,2.28867764e-03,9.30799608e-03,4.739232,2.08638515e-03,4.68528036e-03,1.595633e+02,false,5.376483e-02,3.356340e-03,3.659645e-06,0.778975,0.430108,260.0
10,3-8,2,96,no,NaN,Z9,-0.4509310272,1.58749036e-02,5.27950013e-03,1.60833617e-02,3.006895,5.00282411e-03,4.25880206e-03,1.595633e+02,false,5.376483e-02,3.356340e-03,3.659645e-06,0.778975,0.430108,260.0
10,3-8,2,96,no,NaN,Z10,0.7182010527,1.17897103e-02,4.28656579e-03,1.23723098e-02,2.750386,4.58608726e-03,1.46124564e-02,1.595633e+02,false,5.376483e-02,3.356340e-03,3.659645e-06,0.778975,0.430108,260.0
10,4-8-16,3,128,no,NaN,Z_mid,-0.3065264873,5.81959991e-03,6.99860890e-05,6.72740095e-03,83.153667,2.09240951e-05,1.69175942e-03,2.914330e+03,false,3.001544e-02,9.515771e-02,3.141555e-06,0.826433,0.632763,415.6
10,4-8-16,3,128,no,NaN,ZZ_mid,-0.7328764993,4.98481703e-03,2.16622860e-04,5.25444188e-03,23.011500,1.48937163e-04,5.91335126e-03,2.914330e+03,false,3.001544e-02,9.515771e-02,3.141555e-06,0.826433,0.632763,415.6
10,4-8-16,3,128,no,NaN,Z_mean,0.0295544665,2.89669208e-04,6.51100701e-13,3.06901113e-04,444891562.395264,6.50878657e-13,6.52755627e-13,2.914330e+03,false,3.001544e-02,9.515771e-02,3.141555e-06,0.826433,0.632763,415.6
10,4-8-16,3,128,no,NaN,Z1,0.4276526252,8.05580667e-03,5.80156555e-05,8.71113461e-03,138.855738,1.15679517e-05,4.20752734e-05,2.914330e+03,false,3.001544e-02,9.515771e-02,3.141555e-06,0.826433,0.632763,415.6
10,4-8-16,3,128,no,NaN,Z2,-0.5198052057,8.11443557e-03,1.54834146e-04,8.03387979e-03,52.407274,3.74538422e-05,2.12379091e-03,2.914330e+03,false,3.001544e-02,9.515771e-02,3.141555e-06,0.826433,0.632763,415.6
10,4-8-16,3,128,no,NaN,Z3,0.2611888353,4.73821161e-03,2.48956471e-04,5.61889369e-03,19.032289,6.56613896e-05,3.68433101e-03,2.914330e+03,false,3.001544e-02,9.515771e-02,3.141555e-06,0.826433,0.632763,415.6
10,4-8-16,3,128,no,NaN,Z4,-0.1237014696,3.31193466e-03,1.99292371e-04,3.01388657e-03,16.618472,4.64133504e-05,2.80084023e-03,2.914330e+03,false,3.001544e-02,9.515771e-02,3.141555e-06,0.826433,0.632763,415.6
10,4-8-16,3,128,no,NaN,Z5,-0.3065264873,5.81959991e-03,6.99860890e-05,6.72740095e-03,83.153667,2.09240951e-05,1.69175942e-03,2.914330e+03,false,3.001544e-02,9.515771e-02,3.141555e-06,0.826433,0.632763,415.6
10,4-8-16,3,128,no,NaN,Z6,0.2776169085,2.29440911e-03,1.88054900e-04,2.33575665e-03,12.200741,1.19161600e-04,4.88208289e-03,2.914330e+03,false,3.001544e-02,9.515771e-02,3.141555e-06,0.826433,0.632763,415.6
10,4-8-16,3,128,no,NaN,Z7,-0.3909879863,5.14496249e-03,1.16220047e-04,5.20780405e-03,44.269148,1.38042528e-04,4.46734224e-03,2.914330e+03,false,3.001544e-02,9.515771e-02,3.141555e-06,0.826433,0.632763,415.6
10,4-8-16,3,128,no,NaN,Z8,0.4028374190,4.26180142e-03,2.52468404e-05,3.99523368e-03,168.805338,5.35507225e-05,1.07849478e-03,2.914330e+03,false,3.001544e-02,9.515771e-02,3.141555e-06,0.826433,0.632763,415.6
10,4-8-16,3,128,no,NaN,Z9,-0.4509310272,9.34350219e-03,2.10990211e-04,1.13610530e-02,44.284055,5.06033509e-06,8.20494172e-04,2.914330e+03,false,3.001544e-02,9.515771e-02,3.141555e-06,0.826433,0.632763,415.6
10,4-8-16,3,128,no,NaN,Z10,0.7182010527,9.48751393e-03,2.31049003e-04,1.06139946e-02,41.062778,9.04279860e-05,3.64687609e-03,2.914330e+03,false,3.001544e-02,9.515771e-02,3.141555e-06,0.826433,0.632763,415.6
10,3-8,2,128,no,NaN,Z_mid,-0.3065264873,5.81959991e-03,1.73264181e-03,6.82851120e-03,3.358801,1.85171843e-03,6.90707152e-03,1.758105e+02,false,2.683029e-02,2.646407e-03,2.275205e-06,0.778975,0.360523,415.6
10,3-8,2,128,no,NaN,ZZ_mid,-0.7328764993,4.98481703e-03,9.03409139e-03,1.23466088e-02,0.551778,8.22998814e-03,2.59079130e-02,1.758105e+02,false,2.683029e-02,2.646407e-03,2.275205e-06,0.778975,0.360523,415.6
10,3-8,2,128,no,NaN,Z_mean,0.0295544665,2.89669208e-04,6.56606713e-13,1.66081847e-04,441160899.320659,6.56634469e-13,6.57984084e-13,1.758105e+02,false,2.683029e-02,2.646407e-03,2.275205e-06,0.778975,0.360523,415.6
10,3-8,2,128,no,NaN,Z1,0.4276526252,8.05580667e-03,2.39958045e-03,6.69180200e-03,3.357173,2.33513030e-03,4.01076351e-04,1.758105e+02,false,2.683029e-02,2.646407e-03,2.275205e-06,0.778975,0.360523,415.6
10,3-8,2,128,no,NaN,Z2,-0.5198052057,8.11443557e-03,4.03931116e-03,9.75490251e-03,2.008866,4.14026026e-03,8.42601615e-03,1.758105e+02,false,2.683029e-02,2.646407e-03,2.275205e-06,0.778975,0.360523,415.6
10,3-8,2,128,no,NaN,Z3,0.2611888353,4.73821161e-03,6.18518206e-03,9.70861725e-03,0.766059,6.38092814e-03,1.46912544e-02,1.758105e+02,false,2.683029e-02,2.646407e-03,2.275205e-06,0.778975,0.360523,415.6
10,3-8,2,128,no,NaN,Z4,-0.1237014696,3.31193466e-03,5.19067262e-03,9.52679195e-03,0.638055,5.32732824e-03,1.11289912e-02,1.758105e+02,false,2.683029e-02,2.646407e-03,2.275205e-06,0.778975,0.360523,415.6
10,3-8,2,128,no,NaN,Z5,-0.3065264873,5.81959991e-03,1.73264181e-03,6.82851120e-03,3.358801,1.85171843e-03,6.90707152e-03,1.758105e+02,false,2.683029e-02,2.646407e-03,2.275205e-06,0.778975,0.360523,415.6
10,3-8,2,128,no,NaN,Z6,0.2776169085,2.29440911e-03,7.43315861e-03,1.09588971e-02,0.308672,6.76912464e-03,2.14221879e-02,1.758105e+02,false,2.683029e-02,2.646407e-03,2.275205e-06,0.778975,0.360523,415.6
10,3-8,2,128,no,NaN,Z7,-0.3909879863,5.14496249e-03,6.43012716e-03,1.14688969e-02,0.800134,5.83552445e-03,1.94081106e-02,1.758105e+02,false,2.683029e-02,2.646407e-03,2.275205e-06,0.778975,0.360523,415.6
10,3-8,2,128,no,NaN,Z8,0.4028374190,4.26180142e-03,2.24588875e-03,6.69661420e-03,1.897601,2.08638515e-03,4.68528036e-03,1.758105e+02,false,2.683029e-02,2.646407e-03,2.275205e-06,0.778975,0.360523,415.6
10,3-8,2,128,no,NaN,Z9,-0.4509310272,9.34350219e-03,5.22097764e-03,9.22557294e-03,1.789608,5.00282411e-03,4.25880206e-03,1.758105e+02,false,2.683029e-02,2.646407e-03,2.275205e-06,0.778975,0.360523,415.6
10,3-8,2,128,no,NaN,Z10,0.7182010527,9.48751393e-03,4.34992054e-03,1.10879265e-02,2.181078,4.58608726e-03,1.46124564e-02,1.758105e+02,false,2.683029e-02,2.646407e-03,2.275205e-06,0.778975,0.360523,415.6
10,4-8-16,3,192,no,NaN,Z_mid,-0.3065264873,7.67013137e-04,2.41655159e-05,9.41281460e-04,31.739986,2.09240951e-05,1.69175942e-03,3.332454e+04,false,8.392107e-03,4.342766e-03,6.990895e-09,0.829824,0.611447,761.6
10,4-8-16,3,192,no,NaN,ZZ_mid,-0.7328764993,1.17371129e-04,1.37337642e-04,5.46186115e-04,0.854617,1.48937163e-04,5.91335126e-03,3.332454e+04,false,8.392107e-03,4.342766e-03,6.990895e-09,0.829824,0.611447,761.6
10,4-8-16,3,192,no,NaN,Z_mean,0.0295544665,5.69293187e-05,6.50878657e-13,5.72763083e-05,87465333.420612,6.50878657e-13,6.52755627e-13,3.332454e+04,false,8.392107e-03,4.342766e-03,6.990895e-09,0.829824,0.611447,761.6
10,4-8-16,3,192,no,NaN,Z1,0.4276526252,1.91239805e-03,8.62485151e-06,1.92865706e-03,221.731128,1.15679517e-05,4.20752734e-05,3.332454e+04,false,8.392107e-03,4.342766e-03,6.990895e-09,0.829824,0.611447,761.6
10,4-8-16,3,192,no,NaN,Z2,-0.5198052057,1.84571216e-03,4.38918366e-05,1.83918632e-03,42.051377,3.74538422e-05,2.12379091e-03,3.332454e+04,false,8.392107e-03,4.342766e-03,6.990895e-09,0.829824,0.611447,761.6
10,4-8-16,3,192,no,NaN,Z3,0.2611888353,1.06935837e-03,7.59632493e-05,1.23971578e-03,14.077312,6.56613896e-05,3.68433101e-03,3.332454e+04,false,8.392107e-03,4.342766e-03,6.990895e-09,0.829824,0.611447,761.6
10,4-8-16,3,192,no,NaN,Z4,-0.1237014696,1.21097111e-03,5.48239424e-05,1.34990483e-03,22.088362,4.64133504e-05,2.80084023e-03,3.332454e+04,false,8.392107e-03,4.342766e-03,6.990895e-09,0.829824,0.611447,761.6
10,4-8-16,3,192,no,NaN,Z5,-0.3065264873,7.67013137e-04,2.41655159e-05,9.41281460e-04,31.739986,2.09240951e-05,1.69175942e-03,3.332454e+04,false,8.392107e-03,4.342766e-03,6.990895e-09,0.829824,0.611447,761.6
10,4-8-16,3,192,no,NaN,Z6,0.2776169085,4.48424091e-04,1.09357207e-04,5.35758703e-04,4.100544,1.19161600e-04,4.88208289e-03,3.332454e+04,false,8.392107e-03,4.342766e-03,6.990895e-09,0.829824,0.611447,761.6
10,4-8-16,3,192,no,NaN,Z7,-0.3909879863,2.27622012e-03,1.30195032e-04,2.25053122e-03,17.483156,1.38042528e-04,4.46734224e-03,3.332454e+04,false,8.392107e-03,4.342766e-03,6.990895e-09,0.829824,0.611447,761.6
10,4-8-16,3,192,no,NaN,Z8,0.4028374190,2.15183882e-03,5.09004541e-05,2.09591753e-03,42.275435,5.35507225e-05,1.07849478e-03,3.332454e+04,false,8.392107e-03,4.342766e-03,6.990895e-09,0.829824,0.611447,761.6
10,4-8-16,3,192,no,NaN,Z9,-0.4509310272,2.27501189e-03,1.32636014e-05,2.29364566e-03,171.522938,5.06033509e-06,8.20494172e-04,3.332454e+04,false,8.392107e-03,4.342766e-03,6.990895e-09,0.829824,0.611447,761.6
10,4-8-16,3,192,no,NaN,Z10,0.7182010527,2.22361588e-03,9.88691339e-05,2.30173732e-03,22.490496,9.04279860e-05,3.64687609e-03,3.332454e+04,false,8.392107e-03,4.342766e-03,6.990895e-09,0.829824,0.611447,761.6
10,3-8,2,192,no,NaN,Z_mid,-0.3065264873,7.67013137e-04,1.83615648e-03,1.22770335e-03,0.417728,1.85171843e-03,6.90707152e-03,1.779093e+02,false,7.306284e-03,3.458552e-04,3.885936e-08,0.778975,0.273236,761.6
10,3-8,2,192,no,NaN,ZZ_mid,-0.7328764993,1.17371129e-04,8.33507524e-03,8.50842556e-03,0.014082,8.22998814e-03,2.59079130e-02,1.779093e+02,false,7.306284e-03,3.458552e-04,3.885936e-08,0.778975,0.273236,761.6
10,3-8,2,192,no,NaN,Z_mean,0.0295544665,5.69293187e-05,6.56627530e-13,5.79059343e-05,86699561.162987,6.56634469e-13,6.57984084e-13,1.779093e+02,false,7.306284e-03,3.458552e-04,3.885936e-08,0.778975,0.273236,761.6
10,3-8,2,192,no,NaN,Z1,0.4276526252,1.91239805e-03,2.34355320e-03,4.05083210e-03,0.816025,2.33513030e-03,4.01076351e-04,1.779093e+02,false,7.306284e-03,3.458552e-04,3.885936e-08,0.778975,0.273236,761.6
10,3-8,2,192,no,NaN,Z2,-0.5198052057,1.84571216e-03,4.12706737e-03,6.02591961e-03,0.447221,4.14026026e-03,8.42601615e-03,1.779093e+02,false,7.306284e-03,3.458552e-04,3.885936e-08,0.778975,0.273236,761.6
10,3-8,2,192,no,NaN,Z3,0.2611888353,1.06935837e-03,6.35534637e-03,7.28194777e-03,0.168261,6.38092814e-03,1.46912544e-02,1.779093e+02,false,7.306284e-03,3.458552e-04,3.885936e-08,0.778975,0.273236,761.6
10,3-8,2,192,no,NaN,Z4,-0.1237014696,1.21097111e-03,5.30946891e-03,6.32546200e-03,0.228078,5.32732824e-03,1.11289912e-02,1.779093e+02,false,7.306284e-03,3.458552e-04,3.885936e-08,0.778975,0.273236,761.6
10,3-8,2,192,no,NaN,Z5,-0.3065264873,7.67013137e-04,1.83615648e-03,1.22770335e-03,0.417728,1.85171843e-03,6.90707152e-03,1.779093e+02,false,7.306284e-03,3.458552e-04,3.885936e-08,0.778975,0.273236,761.6
10,3-8,2,192,no,NaN,Z6,0.2776169085,4.48424091e-04,6.85590629e-03,6.44538594e-03,0.065407,6.76912464e-03,2.14221879e-02,1.779093e+02,false,7.306284e-03,3.458552e-04,3.885936e-08,0.778975,0.273236,761.6
10,3-8,2,192,no,NaN,Z7,-0.3909879863,2.27622012e-03,5.91323222e-03,8.40892105e-03,0.384937,5.83552445e-03,1.94081106e-02,1.779093e+02,false,7.306284e-03,3.458552e-04,3.885936e-08,0.778975,0.273236,761.6
10,3-8,2,192,no,NaN,Z8,0.4028374190,2.15183882e-03,2.10723045e-03,3.99259513e-03,1.021169,2.08638515e-03,4.68528036e-03,1.779093e+02,false,7.306284e-03,3.458552e-04,3.885936e-08,0.778975,0.273236,761.6
10,3-8,2,192,no,NaN,Z9,-0.4509310272,2.27501189e-03,5.03133429e-03,7.52988836e-03,0.452169,5.00282411e-03,4.25880206e-03,1.779093e+02,false,7.306284e-03,3.458552e-04,3.885936e-08,0.778975,0.273236,761.6
10,3-8,2,192,no,NaN,Z10,0.7182010527,2.22361588e-03,4.55522297e-03,7.16807409e-03,0.488146,4.58608726e-03,1.46124564e-02,1.779093e+02,false,7.306284e-03,3.458552e-04,3.885936e-08,0.778975,0.273236,761.6
10,4-8-16,3,256,no,NaN,Z_mid,-0.3065264873,1.23092456e-04,2.27334590e-05,1.45185590e-04,5.414594,2.09240951e-05,1.69175942e-03,9.962746e+04,false,1.756135e-03,5.803982e-03,1.143033e-08,0.823369,0.589321,1240.9
10,4-8-16,3,256,no,NaN,ZZ_mid,-0.7328764993,1.33635360e-04,1.20640036e-04,2.56029209e-04,1.107720,1.48937163e-04,5.91335126e-03,9.962746e+04,false,1.756135e-03,5.803982e-03,1.143033e-08,0.823369,0.589321,1240.9
10,4-8-16,3,256,no,NaN,Z_mean,0.0295544665,1.73259346e-05,6.50882126e-13,1.72733129e-05,26619158.622759,6.50878657e-13,6.52755627e-13,9.962746e+04,false,1.756135e-03,5.803982e-03,1.143033e-08,0.823369,0.589321,1240.9
10,4-8-16,3,256,no,NaN,Z1,0.4276526252,1.96032558e-04,7.04936459e-06,1.78576992e-04,27.808543,1.15679517e-05,4.20752734e-05,9.962746e+04,false,1.756135e-03,5.803982e-03,1.143033e-08,0.823369,0.589321,1240.9
10,4-8-16,3,256,no,NaN,Z2,-0.5198052057,3.54686953e-04,4.33372831e-05,3.52208353e-04,8.184338,3.74538422e-05,2.12379091e-03,9.962746e+04,false,1.756135e-03,5.803982e-03,1.143033e-08,0.823369,0.589321,1240.9
10,4-8-16,3,256,no,NaN,Z3,0.2611888353,2.63910473e-04,7.45552241e-05,3.48193902e-04,3.539799,6.56613896e-05,3.68433101e-03,9.962746e+04,false,1.756135e-03,5.803982e-03,1.143033e-08,0.823369,0.589321,1240.9
10,4-8-16,3,256,no,NaN,Z4,-0.1237014696,3.15922499e-04,5.40458875e-05,4.03866586e-04,5.845449,4.64133504e-05,2.80084023e-03,9.962746e+04,false,1.756135e-03,5.803982e-03,1.143033e-08,0.823369,0.589321,1240.9
10,4-8-16,3,256,no,NaN,Z5,-0.3065264873,1.23092456e-04,2.27334590e-05,1.45185590e-04,5.414594,2.09240951e-05,1.69175942e-03,9.962746e+04,false,1.756135e-03,5.803982e-03,1.143033e-08,0.823369,0.589321,1240.9
10,4-8-16,3,256,no,NaN,Z6,0.2776169085,1.67112881e-04,9.54469916e-05,7.47010785e-05,1.750845,1.19161600e-04,4.88208289e-03,9.962746e+04,false,1.756135e-03,5.803982e-03,1.143033e-08,0.823369,0.589321,1240.9
10,4-8-16,3,256,no,NaN,Z7,-0.3909879863,4.59362782e-04,1.18100451e-04,3.30176024e-04,3.889594,1.38042528e-04,4.46734224e-03,9.962746e+04,false,1.756135e-03,5.803982e-03,1.143033e-08,0.823369,0.589321,1240.9
10,4-8-16,3,256,no,NaN,Z8,0.4028374190,5.84394124e-04,4.76281876e-05,5.10489431e-04,12.269922,5.35507225e-05,1.07849478e-03,9.962746e+04,false,1.756135e-03,5.803982e-03,1.143033e-08,0.823369,0.589321,1240.9
10,4-8-16,3,256,no,NaN,Z9,-0.4509310272,6.16360393e-04,1.90309995e-05,6.12850127e-04,32.387179,5.06033509e-06,8.20494172e-04,9.962746e+04,false,1.756135e-03,5.803982e-03,1.143033e-08,0.823369,0.589321,1240.9
10,4-8-16,3,256,no,NaN,Z10,0.7182010527,4.84715701e-04,9.66165040e-05,5.59592148e-04,5.016904,9.04279860e-05,3.64687609e-03,9.962746e+04,false,1.756135e-03,5.803982e-03,1.143033e-08,0.823369,0.589321,1240.9
10,3-8,2,256,no,NaN,Z_mid,-0.3065264873,1.23092456e-04,1.85240738e-03,1.99175694e-03,0.066450,1.85171843e-03,6.90707152e-03,1.782789e+02,false,2.559555e-03,1.531151e-05,7.616286e-11,0.778975,0.255630,1240.9
10,3-8,2,256,no,NaN,ZZ_mid,-0.7328764993,1.33635360e-04,8.22533579e-03,8.08783131e-03,0.016247,8.22998814e-03,2.59079130e-02,1.782789e+02,false,2.559555e-03,1.531151e-05,7.616286e-11,0.778975,0.255630,1240.9
10,3-8,2,256,no,NaN,Z_mean,0.0295544665,1.73259346e-05,6.56631000e-13,1.51157836e-05,26386105.083794,6.56634469e-13,6.57984084e-13,1.782789e+02,false,2.559555e-03,1.531151e-05,7.616286e-11,0.778975,0.255630,1240.9
10,3-8,2,256,no,NaN,Z1,0.4276526252,1.96032558e-04,2.33475741e-03,2.59877473e-03,0.083963,2.33513030e-03,4.01076351e-04,1.782789e+02,false,2.559555e-03,1.531151e-05,7.616286e-11,0.778975,0.255630,1240.9
10,3-8,2,256,no,NaN,Z2,-0.5198052057,3.54686953e-04,4.14084433e-03,4.52816435e-03,0.085656,4.14026026e-03,8.42601615e-03,1.782789e+02,false,2.559555e-03,1.531151e-05,7.616286e-11,0.778975,0.255630,1240.9
10,3-8,2,256,no,NaN,Z3,0.2611888353,2.63910473e-04,6.38206068e-03,6.65426308e-03,0.041352,6.38092814e-03,1.46912544e-02,1.782789e+02,false,2.559555e-03,1.531151e-05,7.616286e-11,0.778975,0.255630,1240.9
10,3-8,2,256,no,NaN,Z4,-0.1237014696,3.15922499e-04,5.32811890e-03,5.63673573e-03,0.059293,5.32732824e-03,1.11289912e-02,1.782789e+02,false,2.559555e-03,1.531151e-05,7.616286e-11,0.778975,0.255630,1240.9
10,3-8,2,256,no,NaN,Z5,-0.3065264873,1.23092456e-04,1.85240738e-03,1.99175694e-03,0.066450,1.85171843e-03,6.90707152e-03,1.782789e+02,false,2.559555e-03,1.531151e-05,7.616286e-11,0.778975,0.255630,1240.9
10,3-8,2,256,no,NaN,Z6,0.2776169085,1.67112881e-04,6.76528269e-03,6.96105812e-03,0.024702,6.76912464e-03,2.14221879e-02,1.782789e+02,false,2.559555e-03,1.531151e-05,7.616286e-11,0.778975,0.255630,1240.9
10,3-8,2,256,no,NaN,Z7,-0.3909879863,4.59362782e-04,5.83208421e-03,6.27431540e-03,0.078765,5.83552445e-03,1.94081106e-02,1.782789e+02,false,2.559555e-03,1.531151e-05,7.616286e-11,0.778975,0.255630,1240.9
10,3-8,2,256,no,NaN,Z8,0.4028374190,5.84394124e-04,2.08546230e-03,2.67986277e-03,0.280223,2.08638515e-03,4.68528036e-03,1.782789e+02,false,2.559555e-03,1.531151e-05,7.616286e-11,0.778975,0.255630,1240.9
10,3-8,2,256,no,NaN,Z9,-0.4509310272,6.16360393e-04,5.00156193e-03,5.60923370e-03,0.123234,5.00282411e-03,4.25880206e-03,1.782789e+02,false,2.559555e-03,1.531151e-05,7.616286e-11,0.778975,0.255630,1240.9
10,3-8,2,256,no,NaN,Z10,0.7182010527,4.84715701e-04,4.58745366e-03,4.99508960e-03,0.105661,4.58608726e-03,1.46124564e-02,1.782789e+02,false,2.559555e-03,1.531151e-05,7.616286e-11,0.778975,0.255630,1240.9
10,4-8-16,3,384,no,NaN,Z_mid,-0.3065264873,5.15717333e-05,2.09084247e-05,2.97937844e-05,2.466553,2.09240951e-05,1.69175942e-03,6.430674e+05,false,9.248592e-04,9.253734e-04,3.026050e-10,0.818292,0.584650,1462.5
10,4-8-16,3,384,no,NaN,ZZ_mid,-0.7328764993,3.58880586e-05,1.42882934e-04,1.57768883e-04,0.251171,1.48937163e-04,5.91335126e-03,6.430674e+05,false,9.248592e-04,9.253734e-04,3.026050e-10,0.818292,0.584650,1462.5
10,4-8-16,3,384,no,NaN,Z_mean,0.0295544665,7.12351957e-06,6.50871718e-13,6.25249930e-06,10944583.058827,6.50878657e-13,6.52755627e-13,6.430674e+05,false,9.248592e-04,9.253734e-04,3.026050e-10,0.818292,0.584650,1462.5
10,4-8-16,3,384,no,NaN,Z1,0.4276526252,2.22794085e-04,1.07769614e-05,2.07638108e-04,20.673182,1.15679517e-05,4.20752734e-05,6.430674e+05,false,9.248592e-04,9.253734e-04,3.026050e-10,0.818292,0.584650,1462.5
10,4-8-16,3,384,no,NaN,Z2,-0.5198052057,1.73334133e-04,3.80638550e-05,1.73626214e-04,4.553772,3.74538422e-05,2.12379091e-03,6.430674e+05,false,9.248592e-04,9.253734e-04,3.026050e-10,0.818292,0.584650,1462.5
10,4-8-16,3,384,no,NaN,Z3,0.2611888353,6.94209791e-05,6.64917282e-05,1.23575803e-04,1.044054,6.56613896e-05,3.68433101e-03,6.430674e+05,false,9.248592e-04,9.253734e-04,3.026050e-10,0.818292,0.584650,1462.5
10,4-8-16,3,384,no,NaN,Z4,-0.1237014696,1.09389427e-04,4.71952663e-05,1.14640930e-04,2.317805,4.64133504e-05,2.80084023e-03,6.430674e+05,false,9.248592e-04,9.253734e-04,3.026050e-10,0.818292,0.584650,1462.5
10,4-8-16,3,384,no,NaN,Z5,-0.3065264873,5.15717333e-05,2.09084247e-05,2.97937844e-05,2.466553,2.09240951e-05,1.69175942e-03,6.430674e+05,false,9.248592e-04,9.253734e-04,3.026050e-10,0.818292,0.584650,1462.5
10,4-8-16,3,384,no,NaN,Z6,0.2776169085,4.16402008e-05,1.14101237e-04,1.04963715e-04,0.364941,1.19161600e-04,4.88208289e-03,6.430674e+05,false,9.248592e-04,9.253734e-04,3.026050e-10,0.818292,0.584650,1462.5
10,4-8-16,3,384,no,NaN,Z7,-0.3909879863,7.35988396e-05,1.33723167e-04,4.05505644e-05,0.550382,1.38042528e-04,4.46734224e-03,6.430674e+05,false,9.248592e-04,9.253734e-04,3.026050e-10,0.818292,0.584650,1462.5
10,4-8-16,3,384,no,NaN,Z8,0.4028374190,1.25805631e-04,5.23194374e-05,4.82826643e-05,2.404568,5.35507225e-05,1.07849478e-03,6.430674e+05,false,9.248592e-04,9.253734e-04,3.026050e-10,0.818292,0.584650,1462.5
10,4-8-16,3,384,no,NaN,Z9,-0.4509310272,3.64713645e-04,7.65035468e-06,3.51950659e-04,47.672776,5.06033509e-06,8.20494172e-04,6.430674e+05,false,9.248592e-04,9.253734e-04,3.026050e-10,0.818292,0.584650,1462.5
10,4-8-16,3,384,no,NaN,Z10,0.7182010527,2.41711686e-04,9.08006482e-05,2.92403169e-04,2.662004,9.04279860e-05,3.64687609e-03,6.430674e+05,false,9.248592e-04,9.253734e-04,3.026050e-10,0.818292,0.584650,1462.5
10,3-8,2,384,no,NaN,Z_mid,-0.3065264873,5.15717333e-05,1.85366188e-03,2.04429037e-03,0.027822,1.85171843e-03,6.90707152e-03,1.780364e+02,false,8.174657e-04,4.319216e-05,6.060620e-10,0.778975,0.259564,1462.5
10,3-8,2,384,no,NaN,ZZ_mid,-0.7328764993,3.58880586e-05,8.21686433e-03,8.16411936e-03,0.004368,8.22998814e-03,2.59079130e-02,1.780364e+02,false,8.174657e-04,4.319216e-05,6.060620e-10,0.778975,0.259564,1462.5
10,3-8,2,384,no,NaN,Z_mean,0.0295544665,7.12351957e-06,6.56637938e-13,8.23445280e-06,10848473.956447,6.56634469e-13,6.57984084e-13,1.780364e+02,false,8.174657e-04,4.319216e-05,6.060620e-10,0.778975,0.259564,1462.5
10,3-8,2,384,no,NaN,Z1,0.4276526252,2.22794085e-04,2.33407841e-03,2.54443007e-03,0.095453,2.33513030e-03,4.01076351e-04,1.780364e+02,false,8.174657e-04,4.319216e-05,6.060620e-10,0.778975,0.259564,1462.5
10,3-8,2,384,no,NaN,Z2,-0.5198052057,1.73334133e-04,4.14190785e-03,4.37977634e-03,0.041849,4.14026026e-03,8.42601615e-03,1.780364e+02,false,8.174657e-04,4.319216e-05,6.060620e-10,0.778975,0.259564,1462.5
10,3-8,2,384,no,NaN,Z3,0.2611888353,6.94209791e-05,6.38412292e-03,6.49045920e-03,0.010874,6.38092814e-03,1.46912544e-02,1.780364e+02,false,8.174657e-04,4.319216e-05,6.060620e-10,0.778975,0.259564,1462.5
10,3-8,2,384,no,NaN,Z4,-0.1237014696,1.09389427e-04,5.32955860e-03,5.51736255e-03,0.020525,5.32732824e-03,1.11289912e-02,1.780364e+02,false,8.174657e-04,4.319216e-05,6.060620e-10,0.778975,0.259564,1462.5
10,3-8,2,384,no,NaN,Z5,-0.3065264873,5.15717333e-05,1.85366188e-03,2.04429037e-03,0.027822,1.85171843e-03,6.90707152e-03,1.780364e+02,false,8.174657e-04,4.319216e-05,6.060620e-10,0.778975,0.259564,1462.5
10,3-8,2,384,no,NaN,Z6,0.2776169085,4.16402008e-05,6.75828691e-03,6.91781423e-03,0.006161,6.76912464e-03,2.14221879e-02,1.780364e+02,false,8.174657e-04,4.319216e-05,6.060620e-10,0.778975,0.259564,1462.5
10,3-8,2,384,no,NaN,Z7,-0.3909879863,7.35988396e-05,5.82581990e-03,5.85136239e-03,0.012633,5.83552445e-03,1.94081106e-02,1.780364e+02,false,8.174657e-04,4.319216e-05,6.060620e-10,0.778975,0.259564,1462.5
10,3-8,2,384,no,NaN,Z8,0.4028374190,1.25805631e-04,2.08378189e-03,2.25875522e-03,0.060374,2.08638515e-03,4.68528036e-03,1.780364e+02,false,8.174657e-04,4.319216e-05,6.060620e-10,0.778975,0.259564,1462.5
10,3-8,2,384,no,NaN,Z9,-0.4509310272,3.64713645e-04,4.99926362e-03,5.42649986e-03,0.072953,5.00282411e-03,4.25880206e-03,1.780364e+02,false,8.174657e-04,4.319216e-05,6.060620e-10,0.778975,0.259564,1462.5
10,3-8,2,384,no,NaN,Z10,0.7182010527,2.41711686e-04,4.58994175e-03,4.92548828e-03,0.052661,4.58608726e-03,1.46124564e-02,1.780364e+02,false,8.174657e-04,4.319216e-05,6.060620e-10,0.778975,0.259564,1462.5
10,4-8-16,3,512,no,NaN,Z_mid,-0.3065264873,4.78486646e-05,2.07854153e-05,7.22600182e-05,2.302031,2.09240951e-05,1.69175942e-03,1.176430e+06,false,1.732719e-04,4.564858e-04,8.173509e-11,0.813722,0.534423,1698.3
10,4-8-16,3,512,no,NaN,ZZ_mid,-0.7328764993,1.94537570e-05,1.45286464e-04,2.04672682e-04,0.133899,1.48937163e-04,5.91335126e-03,1.176430e+06,false,1.732719e-04,4.564858e-04,8.173509e-11,0.813722,0.534423,1698.3
10,4-8-16,3,512,no,NaN,Z_mean,0.0295544665,1.28179366e-06,6.50871718e-13,1.26320791e-06,1969349.149312,6.50878657e-13,6.52755627e-13,1.176430e+06,false,1.732719e-04,4.564858e-04,8.173509e-11,0.813722,0.534423,1698.3
10,4-8-16,3,512,no,NaN,Z1,0.4276526252,3.67537957e-05,1.11473791e-05,3.01906911e-05,3.297080,1.15679517e-05,4.20752734e-05,1.176430e+06,false,1.732719e-04,4.564858e-04,8.173509e-11,0.813722,0.534423,1698.3
10,4-8-16,3,512,no,NaN,Z2,-0.5198052057,5.31800596e-05,3.76135308e-05,8.26310520e-05,1.413854,3.74538422e-05,2.12379091e-03,1.176430e+06,false,1.732719e-04,4.564858e-04,8.173509e-11,0.813722,0.534423,1698.3
10,4-8-16,3,512,no,NaN,Z3,0.2611888353,2.39911707e-05,6.58179770e-05,9.10517479e-05,0.364508,6.56613896e-05,3.68433101e-03,1.176430e+06,false,1.732719e-04,4.564858e-04,8.173509e-11,0.813722,0.534423,1698.3
10,4-8-16,3,512,no,NaN,Z4,-0.1237014696,2.44132386e-05,4.66117841e-05,6.11727171e-05,0.523757,4.64133504e-05,2.80084023e-03,1.176430e+06,false,1.732719e-04,4.564858e-04,8.173509e-11,0.813722,0.534423,1698.3
10,4-8-16,3,512,no,NaN,Z5,-0.3065264873,4.78486646e-05,2.07854153e-05,7.22600182e-05,2.302031,2.09240951e-05,1.69175942e-03,1.176430e+06,false,1.732719e-04,4.564858e-04,8.173509e-11,0.813722,0.534423,1698.3
10,4-8-16,3,512,no,NaN,Z6,0.2776169085,5.44570471e-05,1.16114510e-04,5.96375815e-05,0.468994,1.19161600e-04,4.88208289e-03,1.176430e+06,false,1.732719e-04,4.564858e-04,8.173509e-11,0.813722,0.534423,1698.3
10,4-8-16,3,512,no,NaN,Z7,-0.3909879863,4.93341639e-06,1.35421042e-04,1.25245408e-04,0.036430,1.38042528e-04,4.46734224e-03,1.176430e+06,false,1.732719e-04,4.564858e-04,8.173509e-11,0.813722,0.534423,1698.3
10,4-8-16,3,512,no,NaN,Z8,0.4028374190,6.19834287e-06,5.28197612e-05,6.60760262e-05,0.117349,5.35507225e-05,1.07849478e-03,1.176430e+06,false,1.732719e-04,4.564858e-04,8.173509e-11,0.813722,0.534423,1698.3
10,4-8-16,3,512,no,NaN,Z9,-0.4509310272,9.76745761e-05,6.49409034e-06,9.48969601e-05,15.040532,5.06033509e-06,8.20494172e-04,1.176430e+06,false,1.732719e-04,4.564858e-04,8.173509e-11,0.813722,0.534423,1698.3
10,4-8-16,3,512,no,NaN,Z10,0.7182010527,1.06228348e-04,9.03474586e-05,1.77554429e-04,1.175776,9.04279860e-05,3.64687609e-03,1.176430e+06,false,1.732719e-04,4.564858e-04,8.173509e-11,0.813722,0.534423,1698.3
10,3-8,2,512,no,NaN,Z_mid,-0.3065264873,4.78486646e-05,1.85105805e-03,1.91543660e-03,0.025849,1.85171843e-03,6.90707152e-03,1.783250e+02,false,2.002918e-04,1.467652e-05,6.997663e-11,0.778975,0.198641,1698.3
10,3-8,2,512,no,NaN,ZZ_mid,-0.7328764993,1.94537570e-05,8.23444756e-03,8.22069926e-03,0.002362,8.22998814e-03,2.59079130e-02,1.783250e+02,false,2.002918e-04,1.467652e-05,6.997663e-11,0.778975,0.198641,1698.3
10,3-8,2,512,no,NaN,Z_mean,0.0295544665,1.28179366e-06,6.56637938e-13,1.29389263e-06,1952055.445386,6.56634469e-13,6.57984084e-13,1.783250e+02,false,2.002918e-04,1.467652e-05,6.997663e-11,0.778975,0.198641,1698.3
10,3-8,2,512,no,NaN,Z1,0.4276526252,3.67537957e-05,2.33548773e-03,2.38890452e-03,0.015737,2.33513030e-03,4.01076351e-04,1.783250e+02,false,2.002918e-04,1.467652e-05,6.997663e-11,0.778975,0.198641,1698.3
10,3-8,2,512,no,NaN,Z2,-0.5198052057,5.31800596e-05,4.13970041e-03,4.16630406e-03,0.012846,4.14026026e-03,8.42601615e-03,1.783250e+02,false,2.002918e-04,1.467652e-05,6.997663e-11,0.778975,0.198641,1698.3
10,3-8,2,512,no,NaN,Z3,0.2611888353,2.39911707e-05,6.37984257e-03,6.40639895e-03,0.003760,6.38092814e-03,1.46912544e-02,1.783250e+02,false,2.002918e-04,1.467652e-05,6.997663e-11,0.778975,0.198641,1698.3
10,3-8,2,512,no,NaN,Z4,-0.1237014696,2.44132386e-05,5.32657037e-03,5.32706342e-03,0.004583,5.32732824e-03,1.11289912e-02,1.783250e+02,false,2.002918e-04,1.467652e-05,6.997663e-11,0.778975,0.198641,1698.3
10,3-8,2,512,no,NaN,Z5,-0.3065264873,4.78486646e-05,1.85105805e-03,1.91543660e-03,0.025849,1.85171843e-03,6.90707152e-03,1.783250e+02,false,2.002918e-04,1.467652e-05,6.997663e-11,0.778975,0.198641,1698.3
10,3-8,2,512,no,NaN,Z6,0.2776169085,5.44570471e-05,6.77280726e-03,6.83674248e-03,0.008041,6.76912464e-03,2.14221879e-02,1.783250e+02,false,2.002918e-04,1.467652e-05,6.997663e-11,0.778975,0.198641,1698.3
10,3-8,2,512,no,NaN,Z7,-0.3909879863,4.93341639e-06,5.83882201e-03,5.84009586e-03,0.000845,5.83552445e-03,1.94081106e-02,1.783250e+02,false,2.002918e-04,1.467652e-05,6.997663e-11,0.778975,0.198641,1698.3
10,3-8,2,512,no,NaN,Z8,0.4028374190,6.19834287e-06,2.08726973e-03,2.05590033e-03,0.002970,2.08638515e-03,4.68528036e-03,1.783250e+02,false,2.002918e-04,1.467652e-05,6.997663e-11,0.778975,0.198641,1698.3
10,3-8,2,512,no,NaN,Z9,-0.4509310272,9.76745761e-05,5.00403396e-03,5.10333645e-03,0.019519,5.00282411e-03,4.25880206e-03,1.783250e+02,false,2.002918e-04,1.467652e-05,6.997663e-11,0.778975,0.198641,1698.3
10,3-8,2,512,no,NaN,Z10,0.7182010527,1.06228348e-04,4.58477752e-03,4.65135120e-03,0.023170,4.58608726e-03,1.46124564e-02,1.783250e+02,false,2.002918e-04,1.467652e-05,6.997663e-11,0.778975,0.198641,1698.3
10,4-8-16,3,768,no,NaN,Z_mid,-0.3065264873,1.03208887e-06,2.09200890e-05,2.03316206e-05,0.049335,2.09240951e-05,1.69175942e-03,1.280031e+06,false,7.380958e-06,1.104722e-05,4.921603e-14,0.812769,0.386902,2171.9
10,4-8-16,3,768,no,NaN,ZZ_mid,-0.7328764993,8.37876034e-07,1.48845518e-04,1.49710589e-04,0.005629,1.48937163e-04,5.91335126e-03,1.280031e+06,false,7.380958e-06,1.104722e-05,4.921603e-14,0.812769,0.386902,2171.9
10,4-8-16,3,768,no,NaN,Z_mean,0.0295544665,6.85380743e-08,6.50864779e-13,7.26105282e-08,105303.092911,6.50878657e-13,6.52755627e-13,1.280031e+06,false,7.380958e-06,1.104722e-05,4.921603e-14,0.812769,0.386902,2171.9
10,4-8-16,3,768,no,NaN,Z1,0.4276526252,1.93207111e-06,1.15576228e-05,9.90009227e-06,0.167169,1.15679517e-05,4.20752734e-05,1.280031e+06,false,7.380958e-06,1.104722e-05,4.921603e-14,0.812769,0.386902,2171.9
10,4-8-16,3,768,no,NaN,Z2,-0.5198052057,2.04332138e-06,3.74570058e-05,3.88155292e-05,0.054551,3.74538422e-05,2.12379091e-03,1.280031e+06,false,7.380958e-06,1.104722e-05,4.921603e-14,0.812769,0.386902,2171.9
10,4-8-16,3,768,no,NaN,Z3,0.2611888353,2.77222000e-06,6.56639232e-05,6.87853972e-05,0.042218,6.56613896e-05,3.68433101e-03,1.280031e+06,false,7.380958e-06,1.104722e-05,4.921603e-14,0.812769,0.386902,2171.9
10,4-8-16,3,768,no,NaN,Z4,-0.1237014696,8.56206110e-08,4.64172231e-05,4.57728437e-05,0.001845,4.64133504e-05,2.80084023e-03,1.280031e+06,false,7.380958e-06,1.104722e-05,4.921603e-14,0.812769,0.386902,2171.9
10,4-8-16,3,768,no,NaN,Z5,-0.3065264873,1.03208887e-06,2.09200890e-05,2.03316206e-05,0.049335,2.09240951e-05,1.69175942e-03,1.280031e+06,false,7.380958e-06,1.104722e-05,4.921603e-14,0.812769,0.386902,2171.9
10,4-8-16,3,768,no,NaN,Z6,0.2776169085,1.14545521e-06,1.19085124e-04,1.19863911e-04,0.009619,1.19161600e-04,4.88208289e-03,1.280031e+06,false,7.380958e-06,1.104722e-05,4.921603e-14,0.812769,0.386902,2171.9
10,4-8-16,3,768,no,NaN,Z7,-0.3909879863,4.12747994e-06,1.37976650e-04,1.33584305e-04,0.029914,1.38042528e-04,4.46734224e-03,1.280031e+06,false,7.380958e-06,1.104722e-05,4.921603e-14,0.812769,0.386902,2171.9
10,4-8-16,3,768,no,NaN,Z8,0.4028374190,1.95445619e-08,5.35324195e-05,5.41014008e-05,0.000365,5.35507225e-05,1.07849478e-03,1.280031e+06,false,7.380958e-06,1.104722e-05,4.921603e-14,0.812769,0.386902,2171.9
10,4-8-16,3,768,no,NaN,Z9,-0.4509310272,4.89607680e-06,5.09580756e-06,9.81227989e-06,0.960805,5.06033509e-06,8.20494172e-04,1.280031e+06,false,7.380958e-06,1.104722e-05,4.921603e-14,0.812769,0.386902,2171.9
10,4-8-16,3,768,no,NaN,Z10,0.7182010527,5.68540744e-06,9.04247251e-05,9.55018703e-05,0.062874,9.04279860e-05,3.64687609e-03,1.280031e+06,false,7.380958e-06,1.104722e-05,4.921603e-14,0.812769,0.386902,2171.9
10,3-8,2,768,no,NaN,Z_mid,-0.3065264873,1.03208887e-06,1.85168439e-03,1.85113765e-03,0.000557,1.85171843e-03,6.90707152e-03,1.782624e+02,false,8.179523e-06,7.565006e-07,1.859198e-13,0.778975,0.127751,2171.9
10,3-8,2,768,no,NaN,ZZ_mid,-0.7328764993,8.37876034e-07,8.23021800e-03,8.22917049e-03,0.000102,8.22998814e-03,2.59079130e-02,1.782624e+02,false,8.179523e-06,7.565006e-07,1.859198e-13,0.778975,0.127751,2171.9
10,3-8,2,768,no,NaN,Z_mean,0.0295544665,6.85380743e-08,6.56637938e-13,8.39078872e-08,104377.268283,6.56634469e-13,6.57984084e-13,1.782624e+02,false,8.179523e-06,7.565006e-07,1.859198e-13,0.778975,0.127751,2171.9
10,3-8,2,768,no,NaN,Z1,0.4276526252,1.93207111e-06,2.33514873e-03,2.33636448e-03,0.000827,2.33513030e-03,4.01076351e-04,1.782624e+02,false,8.179523e-06,7.565006e-07,1.859198e-13,0.778975,0.127751,2171.9
10,3-8,2,768,no,NaN,Z2,-0.5198052057,2.04332138e-06,4.14023140e-03,4.14074236e-03,0.000494,4.14026026e-03,8.42601615e-03,1.782624e+02,false,8.179523e-06,7.565006e-07,1.859198e-13,0.778975,0.127751,2171.9
10,3-8,2,768,no,NaN,Z3,0.2611888353,2.77222000e-06,6.38087218e-03,6.38450934e-03,0.000434,6.38092814e-03,1.46912544e-02,1.782624e+02,false,8.179523e-06,7.565006e-07,1.859198e-13,0.778975,0.127751,2171.9
10,3-8,2,768,no,NaN,Z4,-0.1237014696,8.56206110e-08,5.32728918e-03,5.32611532e-03,0.000016,5.32732824e-03,1.11289912e-02,1.782624e+02,false,8.179523e-06,7.565006e-07,1.859198e-13,0.778975,0.127751,2171.9
10,3-8,2,768,no,NaN,Z5,-0.3065264873,1.03208887e-06,1.85168439e-03,1.85113765e-03,0.000557,1.85171843e-03,6.90707152e-03,1.782624e+02,false,8.179523e-06,7.565006e-07,1.859198e-13,0.778975,0.127751,2171.9
10,3-8,2,768,no,NaN,Z6,0.2776169085,1.14545521e-06,6.76931446e-03,6.76835554e-03,0.000169,6.76912464e-03,2.14221879e-02,1.782624e+02,false,8.179523e-06,7.565006e-07,1.859198e-13,0.778975,0.127751,2171.9
10,3-8,2,768,no,NaN,Z7,-0.3909879863,4.12747994e-06,5.83569442e-03,5.84032798e-03,0.000707,5.83552445e-03,1.94081106e-02,1.782624e+02,false,8.179523e-06,7.565006e-07,1.859198e-13,0.778975,0.127751,2171.9
10,3-8,2,768,no,NaN,Z8,0.4028374190,1.95445619e-08,2.08643075e-03,2.08510395e-03,0.000009,2.08638515e-03,4.68528036e-03,1.782624e+02,false,8.179523e-06,7.565006e-07,1.859198e-13,0.778975,0.127751,2171.9
10,3-8,2,768,no,NaN,Z9,-0.4509310272,4.89607680e-06,5.00288648e-03,5.00736786e-03,0.000979,5.00282411e-03,4.25880206e-03,1.782624e+02,false,8.179523e-06,7.565006e-07,1.859198e-13,0.778975,0.127751,2171.9
10,3-8,2,768,no,NaN,Z10,0.7182010527,5.68540744e-06,4.58601975e-03,4.59051879e-03,0.001240,4.58608726e-03,1.46124564e-02,1.782624e+02,false,8.179523e-06,7.565006e-07,1.859198e-13,0.778975,0.127751,2171.9
10,4-8-16,3,1024,yes,NaN,Z_mid,-0.3065264873,0.00000000e+00,2.09240951e-05,2.09240951e-05,0.000000,2.09240951e-05,1.69175942e-03,1.280442e+06,false,0.000000e+00,0.000000e+00,0.000000e+00,0.000000,NaN,2640.8
10,4-8-16,3,1024,yes,NaN,ZZ_mid,-0.7328764993,0.00000000e+00,1.48937163e-04,1.48937163e-04,0.000000,1.48937163e-04,5.91335126e-03,1.280442e+06,false,0.000000e+00,0.000000e+00,0.000000e+00,0.000000,NaN,2640.8
10,4-8-16,3,1024,yes,NaN,Z_mean,0.0295544665,0.00000000e+00,6.50878657e-13,6.50878657e-13,0.000000,6.50878657e-13,6.52755627e-13,1.280442e+06,false,0.000000e+00,0.000000e+00,0.000000e+00,0.000000,NaN,2640.8
10,4-8-16,3,1024,yes,NaN,Z1,0.4276526252,0.00000000e+00,1.15679517e-05,1.15679517e-05,0.000000,1.15679517e-05,4.20752734e-05,1.280442e+06,false,0.000000e+00,0.000000e+00,0.000000e+00,0.000000,NaN,2640.8
10,4-8-16,3,1024,yes,NaN,Z2,-0.5198052057,0.00000000e+00,3.74538422e-05,3.74538422e-05,0.000000,3.74538422e-05,2.12379091e-03,1.280442e+06,false,0.000000e+00,0.000000e+00,0.000000e+00,0.000000,NaN,2640.8
10,4-8-16,3,1024,yes,NaN,Z3,0.2611888353,0.00000000e+00,6.56613896e-05,6.56613896e-05,0.000000,6.56613896e-05,3.68433101e-03,1.280442e+06,false,0.000000e+00,0.000000e+00,0.000000e+00,0.000000,NaN,2640.8
10,4-8-16,3,1024,yes,NaN,Z4,-0.1237014696,0.00000000e+00,4.64133504e-05,4.64133504e-05,0.000000,4.64133504e-05,2.80084023e-03,1.280442e+06,false,0.000000e+00,0.000000e+00,0.000000e+00,0.000000,NaN,2640.8
10,4-8-16,3,1024,yes,NaN,Z5,-0.3065264873,0.00000000e+00,2.09240951e-05,2.09240951e-05,0.000000,2.09240951e-05,1.69175942e-03,1.280442e+06,false,0.000000e+00,0.000000e+00,0.000000e+00,0.000000,NaN,2640.8
10,4-8-16,3,1024,yes,NaN,Z6,0.2776169085,0.00000000e+00,1.19161600e-04,1.19161600e-04,0.000000,1.19161600e-04,4.88208289e-03,1.280442e+06,false,0.000000e+00,0.000000e+00,0.000000e+00,0.000000,NaN,2640.8
10,4-8-16,3,1024,yes,NaN,Z7,-0.3909879863,0.00000000e+00,1.38042528e-04,1.38042528e-04,0.000000,1.38042528e-04,4.46734224e-03,1.280442e+06,false,0.000000e+00,0.000000e+00,0.000000e+00,0.000000,NaN,2640.8
10,4-8-16,3,1024,yes,NaN,Z8,0.4028374190,0.00000000e+00,5.35507225e-05,5.35507225e-05,0.000000,5.35507225e-05,1.07849478e-03,1.280442e+06,false,0.000000e+00,0.000000e+00,0.000000e+00,0.000000,NaN,2640.8
10,4-8-16,3,1024,yes,NaN,Z9,-0.4509310272,0.00000000e+00,5.06033509e-06,5.06033509e-06,0.000000,5.06033509e-06,8.20494172e-04,1.280442e+06,false,0.000000e+00,0.000000e+00,0.000000e+00,0.000000,NaN,2640.8
10,4-8-16,3,1024,yes,NaN,Z10,0.7182010527,0.00000000e+00,9.04279860e-05,9.04279860e-05,0.000000,9.04279860e-05,3.64687609e-03,1.280442e+06,false,0.000000e+00,0.000000e+00,0.000000e+00,0.000000,NaN,2640.8
10,3-8,2,1024,yes,NaN,Z_mid,-0.3065264873,0.00000000e+00,1.85171843e-03,1.85171843e-03,0.000000,1.85171843e-03,6.90707152e-03,1.782597e+02,false,0.000000e+00,0.000000e+00,0.000000e+00,0.000000,NaN,2640.8
10,3-8,2,1024,yes,NaN,ZZ_mid,-0.7328764993,0.00000000e+00,8.22998814e-03,8.22998814e-03,0.000000,8.22998814e-03,2.59079130e-02,1.782597e+02,false,0.000000e+00,0.000000e+00,0.000000e+00,0.000000,NaN,2640.8
10,3-8,2,1024,yes,NaN,Z_mean,0.0295544665,0.00000000e+00,6.56634469e-13,6.56634469e-13,0.000000,6.56634469e-13,6.57984084e-13,1.782597e+02,false,0.000000e+00,0.000000e+00,0.000000e+00,0.000000,NaN,2640.8
10,3-8,2,1024,yes,NaN,Z1,0.4276526252,0.00000000e+00,2.33513030e-03,2.33513030e-03,0.000000,2.33513030e-03,4.01076351e-04,1.782597e+02,false,0.000000e+00,0.000000e+00,0.000000e+00,0.000000,NaN,2640.8
10,3-8,2,1024,yes,NaN,Z2,-0.5198052057,0.00000000e+00,4.14026026e-03,4.14026026e-03,0.000000,4.14026026e-03,8.42601615e-03,1.782597e+02,false,0.000000e+00,0.000000e+00,0.000000e+00,0.000000,NaN,2640.8
10,3-8,2,1024,yes,NaN,Z3,0.2611888353,0.00000000e+00,6.38092814e-03,6.38092814e-03,0.000000,6.38092814e-03,1.46912544e-02,1.782597e+02,false,0.000000e+00,0.000000e+00,0.000000e+00,0.000000,NaN,2640.8
10,3-8,2,1024,yes,NaN,Z4,-0.1237014696,0.00000000e+00,5.32732824e-03,5.32732824e-03,0.000000,5.32732824e-03,1.11289912e-02,1.782597e+02,false,0.000000e+00,0.000000e+00,0.000000e+00,0.000000,NaN,2640.8
10,3-8,2,1024,yes,NaN,Z5,-0.3065264873,0.00000000e+00,1.85171843e-03,1.85171843e-03,0.000000,1.85171843e-03,6.90707152e-03,1.782597e+02,false,0.000000e+00,0.000000e+00,0.000000e+00,0.000000,NaN,2640.8
10,3-8,2,1024,yes,NaN,Z6,0.2776169085,0.00000000e+00,6.76912464e-03,6.76912464e-03,0.000000,6.76912464e-03,2.14221879e-02,1.782597e+02,false,0.000000e+00,0.000000e+00,0.000000e+00,0.000000,NaN,2640.8
10,3-8,2,1024,yes,NaN,Z7,-0.3909879863,0.00000000e+00,5.83552445e-03,5.83552445e-03,0.000000,5.83552445e-03,1.94081106e-02,1.782597e+02,false,0.000000e+00,0.000000e+00,0.000000e+00,0.000000,NaN,2640.8
10,3-8,2,1024,yes,NaN,Z8,0.4028374190,0.00000000e+00,2.08638515e-03,2.08638515e-03,0.000000,2.08638515e-03,4.68528036e-03,1.782597e+02,false,0.000000e+00,0.000000e+00,0.000000e+00,0.000000,NaN,2640.8
10,3-8,2,1024,yes,NaN,Z9,-0.4509310272,0.00000000e+00,5.00282411e-03,5.00282411e-03,0.000000,5.00282411e-03,4.25880206e-03,1.782597e+02,false,0.000000e+00,0.000000e+00,0.000000e+00,0.000000,NaN,2640.8
10,3-8,2,1024,yes,NaN,Z10,0.7182010527,0.00000000e+00,4.58608726e-03,4.58608726e-03,0.000000,4.58608726e-03,1.46124564e-02,1.782597e+02,false,0.000000e+00,0.000000e+00,0.000000e+00,0.000000,NaN,2640.8
