n,family,r,chi,at_ceiling,eps_chi,obs,O_exact,err_direct,err_dmpf,ratio,err_proj,err_best_single,cond_N,singular,relerr_N,dc_max,dcNdc,dc_frac_null,corr_min,time_s
10,4-8-16,3,16,no,6.919432e-03,Z_mid,-0.1382385710,1.38415658e-01,5.29836263e-04,261.242326,1.24048634e-05,9.33331009e-04,2.775840e+01,false,3.977950e+00,3.003202e-01,6.119327e-05,0.760600,0.551780,2114.2
10,4-8-16,3,16,no,6.919432e-03,ZZ_mid,-0.6041188142,8.44292238e-02,5.01832589e-03,16.824181,1.08338202e-04,4.26263510e-03,2.775840e+01,false,3.977950e+00,3.003202e-01,6.119327e-05,0.760600,0.551780,2114.2
10,4-8-16,3,16,no,6.919432e-03,Z_mean,0.1392920236,1.16453214e-02,4.77978768e-13,24363679278.812904,4.76091389e-13,4.79838391e-13,2.775840e+01,false,3.977950e+00,3.003202e-01,6.119327e-05,0.760600,0.551780,2114.2
10,4-8-16,3,16,no,6.919432e-03,Z1,0.4874821653,1.18506472e-01,3.08091981e-04,384.646400,4.77755817e-06,1.59592148e-04,2.775840e+01,false,3.977950e+00,3.003202e-01,6.119327e-05,0.760600,0.551780,2114.2
10,4-8-16,3,16,no,6.919432e-03,Z2,-0.3236673269,1.09756694e-01,7.88504893e-04,139.195958,3.81874725e-05,2.05412651e-03,2.775840e+01,false,3.977950e+00,3.003202e-01,6.119327e-05,0.760600,0.551780,2114.2
10,4-8-16,3,16,no,6.919432e-03,Z3,0.2835709018,8.03648801e-02,1.49149262e-03,53.882184,6.02426620e-05,3.44850842e-03,2.775840e+01,false,3.977950e+00,3.003202e-01,6.119327e-05,0.760600,0.551780,2114.2
10,4-8-16,3,16,no,6.919432e-03,Z4,0.0405787558,7.94455962e-02,1.04264998e-03,76.195845,4.03118657e-05,2.51212133e-03,2.775840e+01,false,3.977950e+00,3.003202e-01,6.119327e-05,0.760600,0.551780,2114.2
10,4-8-16,3,16,no,6.919432e-03,Z5,-0.1382385710,1.38415658e-01,5.29836263e-04,261.242326,1.24048634e-05,9.33331009e-04,2.775840e+01,false,3.977950e+00,3.003202e-01,6.119327e-05,0.760600,0.551780,2114.2
10,4-8-16,3,16,no,6.919432e-03,Z6,0.2938451310,6.28829249e-02,4.25977311e-03,14.762036,9.27616347e-05,4.36406655e-03,2.775840e+01,false,3.977950e+00,3.003202e-01,6.119327e-05,0.760600,0.551780,2114.2
10,4-8-16,3,16,no,6.919432e-03,Z7,-0.1656735797,1.51521706e-01,3.40240909e-03,44.533653,9.80792342e-05,3.66253090e-03,2.775840e+01,false,3.977950e+00,3.003202e-01,6.119327e-05,0.760600,0.551780,2114.2
10,4-8-16,3,16,no,6.919432e-03,Z8,0.3774946096,1.13529306e-01,5.00445715e-04,226.856386,2.97463533e-05,4.75730763e-04,2.775840e+01,false,3.977950e+00,3.003202e-01,6.119327e-05,0.760600,0.551780,2114.2
10,4-8-16,3,16,no,6.919432e-03,Z9,-0.2147906720,4.71318372e-02,1.06511334e-03,44.250537,1.34615998e-05,8.48807614e-06,2.775840e+01,false,3.977950e+00,3.003202e-01,6.119327e-05,0.760600,0.551780,2114.2
10,4-8-16,3,16,no,6.919432e-03,Z10,0.7523188220,3.45346949e-02,1.47028688e-03,23.488406,7.33294562e-05,3.06025662e-03,2.775840e+01,false,3.977950e+00,3.003202e-01,6.119327e-05,0.760600,0.551780,2114.2
10,3-8,2,16,no,6.919432e-03,Z_mid,-0.1382385710,1.38415658e-01,9.87238571e-04,140.204872,8.87655895e-04,3.81665903e-03,8.746877e+00,false,1.477050e+00,3.823394e-03,1.501664e-06,0.778999,0.378380,2114.2
10,3-8,2,16,no,6.919432e-03,ZZ_mid,-0.6041188142,8.44292238e-02,5.97028906e-03,14.141564,6.84229429e-03,1.88058021e-02,8.746877e+00,false,1.477050e+00,3.823394e-03,1.501664e-06,0.778999,0.378380,2114.2
10,3-8,2,16,no,6.919432e-03,Z_mean,0.1392920236,1.16453214e-02,4.89080998e-13,23810619196.438171,4.89053242e-13,4.89192020e-13,8.746877e+00,false,1.477050e+00,3.823394e-03,1.501664e-06,0.778999,0.378380,2114.2
10,3-8,2,16,no,6.919432e-03,Z1,0.4874821653,1.18506472e-01,2.19523120e-03,53.983595,2.25702796e-03,4.39413553e-04,8.746877e+00,false,1.477050e+00,3.823394e-03,1.501664e-06,0.778999,0.378380,2114.2
10,3-8,2,16,no,6.919432e-03,Z2,-0.3236673269,1.09756694e-01,3.91958178e-03,28.002144,3.77036242e-03,8.15931825e-03,8.746877e+00,false,1.477050e+00,3.823394e-03,1.501664e-06,0.778999,0.378380,2114.2
10,3-8,2,16,no,6.919432e-03,Z3,0.2835709018,8.03648801e-02,5.81927651e-03,13.810115,5.53829456e-03,1.38027543e-02,8.746877e+00,false,1.477050e+00,3.823394e-03,1.501664e-06,0.778999,0.378380,2114.2
10,3-8,2,16,no,6.919432e-03,Z4,0.0405787558,7.94455962e-02,4.53932693e-03,17.501625,4.34581158e-03,1.00376356e-02,8.746877e+00,false,1.477050e+00,3.823394e-03,1.501664e-06,0.778999,0.378380,2114.2
10,3-8,2,16,no,6.919432e-03,Z5,-0.1382385710,1.38415658e-01,9.87238571e-04,140.204872,8.87655895e-04,3.81665903e-03,8.746877e+00,false,1.477050e+00,3.823394e-03,1.501664e-06,0.778999,0.378380,2114.2
10,3-8,2,16,no,6.919432e-03,Z6,0.2938451310,6.28829249e-02,2.38659710e-03,26.348362,3.13192958e-03,1.87903689e-02,8.746877e+00,false,1.477050e+00,3.823394e-03,1.501664e-06,0.778999,0.378380,2114.2
10,3-8,2,16,no,6.919432e-03,Z7,-0.1656735797,1.51521706e-01,1.63355583e-03,92.755756,2.24101070e-03,1.56259245e-02,8.746877e+00,false,1.477050e+00,3.823394e-03,1.501664e-06,0.778999,0.378380,2114.2
10,3-8,2,16,no,6.919432e-03,Z8,0.3774946096,1.13529306e-01,6.19541284e-04,183.247363,7.12632710e-04,2.02544474e-03,8.746877e+00,false,1.477050e+00,3.823394e-03,1.501664e-06,0.778999,0.378380,2114.2
10,3-8,2,16,no,6.919432e-03,Z9,-0.2147906720,4.71318372e-02,3.95888594e-03,11.905328,4.12189271e-03,6.72589228e-04,8.746877e+00,false,1.477050e+00,3.823394e-03,1.501664e-06,0.778999,0.378380,2114.2
10,3-8,2,16,no,6.919432e-03,Z10,0.7523188220,3.45346949e-02,4.01794295e-03,8.595118,3.72684850e-03,1.22887450e-02,8.746877e+00,false,1.477050e+00,3.823394e-03,1.501664e-06,0.778999,0.378380,2114.2
10,4-8-16,3,32,no,1.398122e-03,Z_mid,-0.1382385710,1.49432156e-01,3.89604862e-04,383.547976,1.24048634e-05,9.33331009e-04,7.275501e+01,false,1.517589e+00,2.696647e-01,3.691676e-05,0.772063,0.631635,2170.6
10,4-8-16,3,32,no,1.398122e-03,ZZ_mid,-0.6041188142,1.20774275e-01,3.92271804e-03,30.788416,1.08338202e-04,4.26263510e-03,7.275501e+01,false,1.517589e+00,2.696647e-01,3.691676e-05,0.772063,0.631635,2170.6
10,4-8-16,3,32,no,1.398122e-03,Z_mean,0.1392920236,1.32895485e-02,4.77784479e-13,27814944032.551411,4.76091389e-13,4.79838391e-13,7.275501e+01,false,1.517589e+00,2.696647e-01,3.691676e-05,0.772063,0.631635,2170.6
10,4-8-16,3,32,no,1.398122e-03,Z1,0.4874821653,5.20691589e-02,2.62361764e-04,198.463214,4.77755817e-06,1.59592148e-04,7.275501e+01,false,1.517589e+00,2.696647e-01,3.691676e-05,0.772063,0.631635,2170.6
10,4-8-16,3,32,no,1.398122e-03,Z2,-0.3236673269,4.74824715e-02,5.43766993e-04,87.321357,3.81874725e-05,2.05412651e-03,7.275501e+01,false,1.517589e+00,2.696647e-01,3.691676e-05,0.772063,0.631635,2170.6
10,4-8-16,3,32,no,1.398122e-03,Z3,0.2835709018,2.52686380e-02,1.05212125e-03,24.016850,6.02426620e-05,3.44850842e-03,7.275501e+01,false,1.517589e+00,2.696647e-01,3.691676e-05,0.772063,0.631635,2170.6
10,4-8-16,3,32,no,1.398122e-03,Z4,0.0405787558,8.67845338e-03,7.30593858e-04,11.878629,4.03118657e-05,2.51212133e-03,7.275501e+01,false,1.517589e+00,2.696647e-01,3.691676e-05,0.772063,0.631635,2170.6
10,4-8-16,3,32,no,1.398122e-03,Z5,-0.1382385710,1.49432156e-01,3.89604862e-04,383.547976,1.24048634e-05,9.33331009e-04,7.275501e+01,false,1.517589e+00,2.696647e-01,3.691676e-05,0.772063,0.631635,2170.6
10,4-8-16,3,32,no,1.398122e-03,Z6,0.2938451310,2.85225987e-02,3.29196415e-03,8.664310,9.27616347e-05,4.36406655e-03,7.275501e+01,false,1.517589e+00,2.696647e-01,3.691676e-05,0.772063,0.631635,2170.6
10,4-8-16,3,32,no,1.398122e-03,Z7,-0.1656735797,1.42058565e-01,2.61751905e-03,54.272218,9.80792342e-05,3.66253090e-03,7.275501e+01,false,1.517589e+00,2.696647e-01,3.691676e-05,0.772063,0.631635,2170.6
10,4-8-16,3,32,no,1.398122e-03,Z8,0.3774946096,1.10219028e-01,3.86312609e-04,285.310459,2.97463533e-05,4.75730763e-04,7.275501e+01,false,1.517589e+00,2.696647e-01,3.691676e-05,0.772063,0.631635,2170.6
10,4-8-16,3,32,no,1.398122e-03,Z9,-0.2147906720,1.43211048e-01,8.82350978e-04,162.306216,1.34615998e-05,8.48807614e-06,7.275501e+01,false,1.517589e+00,2.696647e-01,3.691676e-05,0.772063,0.631635,2170.6
10,4-8-16,3,32,no,1.398122e-03,Z10,0.7523188220,1.41887786e-01,1.05261295e-03,134.795782,7.33294562e-05,3.06025662e-03,7.275501e+01,false,1.517589e+00,2.696647e-01,3.691676e-05,0.772063,0.631635,2170.6
10,3-8,2,32,no,1.398122e-03,Z_mid,-0.1382385710,1.49432156e-01,5.91749016e-04,252.526244,8.87655895e-04,3.81665903e-03,2.100469e+01,false,7.192233e-01,5.680052e-02,3.314204e-04,0.778999,0.437692,2170.6
10,3-8,2,32,no,1.398122e-03,ZZ_mid,-0.6041188142,1.20774275e-01,1.97968450e-02,6.100683,6.84229429e-03,1.88058021e-02,2.100469e+01,false,7.192233e-01,5.680052e-02,3.314204e-04,0.778999,0.437692,2170.6
10,3-8,2,32,no,1.398122e-03,Z_mean,0.1392920236,1.32895485e-02,4.89025487e-13,27175574469.398945,4.89053242e-13,4.89192020e-13,2.100469e+01,false,7.192233e-01,5.680052e-02,3.314204e-04,0.778999,0.437692,2170.6
10,3-8,2,32,no,1.398122e-03,Z1,0.4874821653,5.20691589e-02,3.17508354e-03,16.399304,2.25702796e-03,4.39413553e-04,2.100469e+01,false,7.192233e-01,5.680052e-02,3.314204e-04,0.778999,0.437692,2170.6
10,3-8,2,32,no,1.398122e-03,Z2,-0.3236673269,4.74824715e-02,1.55355264e-03,30.563800,3.77036242e-03,8.15931825e-03,2.100469e+01,false,7.192233e-01,5.680052e-02,3.314204e-04,0.778999,0.437692,2170.6
10,3-8,2,32,no,1.398122e-03,Z3,0.2835709018,2.52686380e-02,1.36401351e-03,18.525211,5.53829456e-03,1.38027543e-02,2.100469e+01,false,7.192233e-01,5.680052e-02,3.314204e-04,0.778999,0.437692,2170.6
10,3-8,2,32,no,1.398122e-03,Z4,0.0405787558,8.67845338e-03,1.47093847e-03,5.899943,4.34581158e-03,1.00376356e-02,2.100469e+01,false,7.192233e-01,5.680052e-02,3.314204e-04,0.778999,0.437692,2170.6
10,3-8,2,32,no,1.398122e-03,Z5,-0.1382385710,1.49432156e-01,5.91749016e-04,252.526244,8.87655895e-04,3.81665903e-03,2.100469e+01,false,7.192233e-01,5.680052e-02,3.314204e-04,0.778999,0.437692,2170.6
10,3-8,2,32,no,1.398122e-03,Z6,0.2938451310,2.85225987e-02,1.42046238e-02,2.007980,3.13192958e-03,1.87903689e-02,2.100469e+01,false,7.192233e-01,5.680052e-02,3.314204e-04,0.778999,0.437692,2170.6
10,3-8,2,32,no,1.398122e-03,Z7,-0.1656735797,1.42058565e-01,1.12653888e-02,12.610179,2.24101070e-03,1.56259245e-02,2.100469e+01,false,7.192233e-01,5.680052e-02,3.314204e-04,0.778999,0.437692,2170.6
10,3-8,2,32,no,1.398122e-03,Z8,0.3774946096,1.10219028e-01,2.09560331e-03,52.595368,7.12632710e-04,2.02544474e-03,2.100469e+01,false,7.192233e-01,5.680052e-02,3.314204e-04,0.778999,0.437692,2170.6
10,3-8,2,32,no,1.398122e-03,Z9,-0.2147906720,1.43211048e-01,6.54352894e-03,21.885904,4.12189271e-03,6.72589228e-04,2.100469e+01,false,7.192233e-01,5.680052e-02,3.314204e-04,0.778999,0.437692,2170.6
10,3-8,2,32,no,1.398122e-03,Z10,0.7523188220,1.41887786e-01,5.97664346e-04,237.403798,3.72684850e-03,1.22887450e-02,2.100469e+01,false,7.192233e-01,5.680052e-02,3.314204e-04,0.778999,0.437692,2170.6
10,4-8-16,3,48,no,3.979204e-04,Z_mid,-0.1382385710,4.57023328e-02,2.24239012e-04,203.810802,1.24048634e-05,9.33331009e-04,1.445140e+02,false,4.268788e-01,4.880988e-01,3.914494e-05,0.805247,0.492764,2205.6
10,4-8-16,3,48,no,3.979204e-04,ZZ_mid,-0.6041188142,3.31854918e-02,3.87746975e-03,8.558543,1.08338202e-04,4.26263510e-03,1.445140e+02,false,4.268788e-01,4.880988e-01,3.914494e-05,0.805247,0.492764,2205.6
10,4-8-16,3,48,no,3.979204e-04,Z_mean,0.1392920236,6.54449020e-03,4.79533080e-13,13647630320.215315,4.76091389e-13,4.79838391e-13,1.445140e+02,false,4.268788e-01,4.880988e-01,3.914494e-05,0.805247,0.492764,2205.6
10,4-8-16,3,48,no,3.979204e-04,Z1,0.4874821653,2.71303280e-02,3.98960010e-04,68.002625,4.77755817e-06,1.59592148e-04,1.445140e+02,false,4.268788e-01,4.880988e-01,3.914494e-05,0.805247,0.492764,2205.6
10,4-8-16,3,48,no,3.979204e-04,Z2,-0.3236673269,2.61427225e-02,8.75945354e-05,298.451522,3.81874725e-05,2.05412651e-03,1.445140e+02,false,4.268788e-01,4.880988e-01,3.914494e-05,0.805247,0.492764,2205.6
10,4-8-16,3,48,no,3.979204e-04,Z3,0.2835709018,5.46082878e-03,3.27835491e-04,16.657223,6.02426620e-05,3.44850842e-03,1.445140e+02,false,4.268788e-01,4.880988e-01,3.914494e-05,0.805247,0.492764,2205.6
10,4-8-16,3,48,no,3.979204e-04,Z4,0.0405787558,1.30341024e-02,1.89387925e-04,68.822246,4.03118657e-05,2.51212133e-03,1.445140e+02,false,4.268788e-01,4.880988e-01,3.914494e-05,0.805247,0.492764,2205.6
10,4-8-16,3,48,no,3.979204e-04,Z5,-0.1382385710,4.57023328e-02,2.24239012e-04,203.810802,1.24048634e-05,9.33331009e-04,1.445140e+02,false,4.268788e-01,4.880988e-01,3.914494e-05,0.805247,0.492764,2205.6
10,4-8-16,3,48,no,3.979204e-04,Z6,0.2938451310,1.10025708e-02,3.00533766e-03,3.661010,9.27616347e-05,4.36406655e-03,1.445140e+02,false,4.268788e-01,4.880988e-01,3.914494e-05,0.805247,0.492764,2205.6
10,4-8-16,3,48,no,3.979204e-04,Z7,-0.1656735797,3.58913983e-02,2.34388625e-03,15.312773,9.80792342e-05,3.66253090e-03,1.445140e+02,false,4.268788e-01,4.880988e-01,3.914494e-05,0.805247,0.492764,2205.6
10,4-8-16,3,48,no,3.979204e-04,Z8,0.3774946096,1.69787616e-02,3.76179690e-04,45.134711,2.97463533e-05,4.75730763e-04,1.445140e+02,false,4.268788e-01,4.880988e-01,3.914494e-05,0.805247,0.492764,2205.6
10,4-8-16,3,48,no,3.979204e-04,Z9,-0.2147906720,2.62882600e-02,1.14993464e-03,22.860656,1.34615998e-05,8.48807614e-06,1.445140e+02,false,4.268788e-01,4.880988e-01,3.914494e-05,0.805247,0.492764,2205.6
10,4-8-16,3,48,no,3.979204e-04,Z10,0.7523188220,2.10414248e-02,4.60042444e-04,45.738007,7.33294562e-05,3.06025662e-03,1.445140e+02,false,4.268788e-01,4.880988e-01,3.914494e-05,0.805247,0.492764,2205.6
10,3-8,2,48,no,3.979204e-04,Z_mid,-0.1382385710,4.57023328e-02,1.30176401e-04,351.080016,8.87655895e-04,3.81665903e-03,3.907320e+01,false,1.852635e-01,2.908279e-02,8.688543e-05,0.778999,0.327484,2205.6
10,3-8,2,48,no,3.979204e-04,ZZ_mid,-0.6041188142,3.31854918e-02,1.34752360e-02,2.462702,6.84229429e-03,1.88058021e-02,3.907320e+01,false,1.852635e-01,2.908279e-02,8.688543e-05,0.778999,0.327484,2205.6
10,3-8,2,48,no,3.979204e-04,Z_mean,0.1392920236,6.54449020e-03,4.89080998e-13,13381199083.046366,4.89053242e-13,4.89192020e-13,3.907320e+01,false,1.852635e-01,2.908279e-02,8.688543e-05,0.778999,0.327484,2205.6
10,3-8,2,48,no,3.979204e-04,Z1,0.4874821653,2.71303280e-02,2.72708743e-03,9.948463,2.25702796e-03,4.39413553e-04,3.907320e+01,false,1.852635e-01,2.908279e-02,8.688543e-05,0.778999,0.327484,2205.6
10,3-8,2,48,no,3.979204e-04,Z2,-0.3236673269,2.61427225e-02,2.63531958e-03,9.920134,3.77036242e-03,8.15931825e-03,3.907320e+01,false,1.852635e-01,2.908279e-02,8.688543e-05,0.778999,0.327484,2205.6
10,3-8,2,48,no,3.979204e-04,Z3,0.2835709018,5.46082878e-03,3.40099443e-03,1.605656,5.53829456e-03,1.38027543e-02,3.907320e+01,false,1.852635e-01,2.908279e-02,8.688543e-05,0.778999,0.327484,2205.6
10,3-8,2,48,no,3.979204e-04,Z4,0.0405787558,1.30341024e-02,2.87382956e-03,4.535447,4.34581158e-03,1.00376356e-02,3.907320e+01,false,1.852635e-01,2.908279e-02,8.688543e-05,0.778999,0.327484,2205.6
10,3-8,2,48,no,3.979204e-04,Z5,-0.1382385710,4.57023328e-02,1.30176401e-04,351.080016,8.87655895e-04,3.81665903e-03,3.907320e+01,false,1.852635e-01,2.908279e-02,8.688543e-05,0.778999,0.327484,2205.6
10,3-8,2,48,no,3.979204e-04,Z6,0.2938451310,1.10025708e-02,8.80132998e-03,1.250103,3.13192958e-03,1.87903689e-02,3.907320e+01,false,1.852635e-01,2.908279e-02,8.688543e-05,0.778999,0.327484,2205.6
10,3-8,2,48,no,3.979204e-04,Z7,-0.1656735797,3.58913983e-02,6.86163976e-03,5.230732,2.24101070e-03,1.56259245e-02,3.907320e+01,false,1.852635e-01,2.908279e-02,8.688543e-05,0.778999,0.327484,2205.6
10,3-8,2,48,no,3.979204e-04,Z8,0.3774946096,1.69787616e-02,1.42073626e-03,11.950678,7.12632710e-04,2.02544474e-03,3.907320e+01,false,1.852635e-01,2.908279e-02,8.688543e-05,0.778999,0.327484,2205.6
10,3-8,2,48,no,3.979204e-04,Z9,-0.2147906720,2.62882600e-02,5.36181004e-03,4.902870,4.12189271e-03,6.72589228e-04,3.907320e+01,false,1.852635e-01,2.908279e-02,8.688543e-05,0.778999,0.327484,2205.6
10,3-8,2,48,no,3.979204e-04,Z10,0.7523188220,2.10414248e-02,1.51262724e-03,13.910516,3.72684850e-03,1.22887450e-02,3.907320e+01,false,1.852635e-01,2.908279e-02,8.688543e-05,0.778999,0.327484,2205.6
10,4-8-16,3,64,no,1.310653e-04,Z_mid,-0.1382385710,1.04175562e-03,6.50710831e-05,16.009502,1.24048634e-05,9.33331009e-04,3.601978e+02,false,7.490576e-02,2.442800e-01,6.411334e-06,0.825278,0.589859,2262.4
10,4-8-16,3,64,no,1.310653e-04,ZZ_mid,-0.6041188142,4.17120580e-03,7.32839807e-04,5.691838,1.08338202e-04,4.26263510e-03,3.601978e+02,false,7.490576e-02,2.442800e-01,6.411334e-06,0.825278,0.589859,2262.4
10,4-8-16,3,64,no,1.310653e-04,Z_mean,0.1392920236,2.21141347e-03,4.77951012e-13,4626862204.168641,4.76091389e-13,4.79838391e-13,3.601978e+02,false,7.490576e-02,2.442800e-01,6.411334e-06,0.825278,0.589859,2262.4
10,4-8-16,3,64,no,1.310653e-04,Z1,0.4874821653,3.66386883e-03,1.69477373e-04,21.618631,4.77755817e-06,1.59592148e-04,3.601978e+02,false,7.490576e-02,2.442800e-01,6.411334e-06,0.825278,0.589859,2262.4
10,4-8-16,3,64,no,1.310653e-04,Z2,-0.3236673269,6.06220775e-03,2.98467383e-04,20.311123,3.81874725e-05,2.05412651e-03,3.601978e+02,false,7.490576e-02,2.442800e-01,6.411334e-06,0.825278,0.589859,2262.4
10,4-8-16,3,64,no,1.310653e-04,Z3,0.2835709018,3.61803863e-03,4.32398251e-04,8.367376,6.02426620e-05,3.44850842e-03,3.601978e+02,false,7.490576e-02,2.442800e-01,6.411334e-06,0.825278,0.589859,2262.4
10,4-8-16,3,64,no,1.310653e-04,Z4,0.0405787558,4.32103502e-03,3.31550510e-04,13.032811,4.03118657e-05,2.51212133e-03,3.601978e+02,false,7.490576e-02,2.442800e-01,6.411334e-06,0.825278,0.589859,2262.4
10,4-8-16,3,64,no,1.310653e-04,Z5,-0.1382385710,1.04175562e-03,6.50710831e-05,16.009502,1.24048634e-05,9.33331009e-04,3.601978e+02,false,7.490576e-02,2.442800e-01,6.411334e-06,0.825278,0.589859,2262.4
10,4-8-16,3,64,no,1.310653e-04,Z6,0.2938451310,3.84488981e-03,4.02468320e-04,9.553273,9.27616347e-05,4.36406655e-03,3.601978e+02,false,7.490576e-02,2.442800e-01,6.411334e-06,0.825278,0.589859,2262.4
10,4-8-16,3,64,no,1.310653e-04,Z7,-0.1656735797,5.45986003e-03,2.62175554e-04,20.825206,9.80792342e-05,3.66253090e-03,3.601978e+02,false,7.490576e-02,2.442800e-01,6.411334e-06,0.825278,0.589859,2262.4
10,4-8-16,3,64,no,1.310653e-04,Z8,0.3774946096,4.21549802e-03,5.24369640e-05,80.391726,2.97463533e-05,4.75730763e-04,3.601978e+02,false,7.490576e-02,2.442800e-01,6.411334e-06,0.825278,0.589859,2262.4
10,4-8-16,3,64,no,1.310653e-04,Z9,-0.2147906720,7.43520997e-03,4.30219775e-04,17.282353,1.34615998e-05,8.48807614e-06,3.601978e+02,false,7.490576e-02,2.442800e-01,6.411334e-06,0.825278,0.589859,2262.4
10,4-8-16,3,64,no,1.310653e-04,Z10,0.7523188220,5.44658201e-03,3.30703403e-04,16.469688,7.33294562e-05,3.06025662e-03,3.601978e+02,false,7.490576e-02,2.442800e-01,6.411334e-06,0.825278,0.589859,2262.4
10,3-8,2,64,no,1.310653e-04,Z_mid,-0.1382385710,1.04175562e-03,8.52462326e-04,1.222055,8.87655895e-04,3.81665903e-03,1.053194e+02,false,4.505848e-02,1.351228e-03,1.875564e-07,0.778999,0.359190,2262.4
10,3-8,2,64,no,1.310653e-04,ZZ_mid,-0.6041188142,4.17120580e-03,7.15047014e-03,0.583347,6.84229429e-03,1.88058021e-02,1.053194e+02,false,4.505848e-02,1.351228e-03,1.875564e-07,0.778999,0.359190,2262.4
10,3-8,2,64,no,1.310653e-04,Z_mean,0.1392920236,2.21141347e-03,4.89080998e-13,4521568989.034902,4.89053242e-13,4.89192020e-13,1.053194e+02,false,4.505848e-02,1.351228e-03,1.875564e-07,0.778999,0.359190,2262.4
10,3-8,2,64,no,1.310653e-04,Z1,0.4874821653,3.66386883e-03,2.27886759e-03,1.607759,2.25702796e-03,4.39413553e-04,1.053194e+02,false,4.505848e-02,1.351228e-03,1.875564e-07,0.778999,0.359190,2262.4
10,3-8,2,64,no,1.310653e-04,Z2,-0.3236673269,6.06220775e-03,3.71762672e-03,1.630666,3.77036242e-03,8.15931825e-03,1.053194e+02,false,4.505848e-02,1.351228e-03,1.875564e-07,0.778999,0.359190,2262.4
10,3-8,2,64,no,1.310653e-04,Z3,0.2835709018,3.61803863e-03,5.43899257e-03,0.665204,5.53829456e-03,1.38027543e-02,1.053194e+02,false,4.505848e-02,1.351228e-03,1.875564e-07,0.778999,0.359190,2262.4
10,3-8,2,64,no,1.310653e-04,Z4,0.0405787558,4.32103502e-03,4.27742121e-03,1.010196,4.34581158e-03,1.00376356e-02,1.053194e+02,false,4.505848e-02,1.351228e-03,1.875564e-07,0.778999,0.359190,2262.4
10,3-8,2,64,no,1.310653e-04,Z5,-0.1382385710,1.04175562e-03,8.52462326e-04,1.222055,8.87655895e-04,3.81665903e-03,1.053194e+02,false,4.505848e-02,1.351228e-03,1.875564e-07,0.778999,0.359190,2262.4
10,3-8,2,64,no,1.310653e-04,Z6,0.2938451310,3.84488981e-03,3.39533794e-03,1.132403,3.13192958e-03,1.87903689e-02,1.053194e+02,false,4.505848e-02,1.351228e-03,1.875564e-07,0.778999,0.359190,2262.4
10,3-8,2,64,no,1.310653e-04,Z7,-0.1656735797,5.45986003e-03,2.45569166e-03,2.223349,2.24101070e-03,1.56259245e-02,1.053194e+02,false,4.505848e-02,1.351228e-03,1.875564e-07,0.778999,0.359190,2262.4
10,3-8,2,64,no,1.310653e-04,Z8,0.3774946096,4.21549802e-03,7.45532202e-04,5.654347,7.12632710e-04,2.02544474e-03,1.053194e+02,false,4.505848e-02,1.351228e-03,1.875564e-07,0.778999,0.359190,2262.4
10,3-8,2,64,no,1.310653e-04,Z9,-0.2147906720,7.43520997e-03,4.17950102e-03,1.778971,4.12189271e-03,6.72589228e-04,1.053194e+02,false,4.505848e-02,1.351228e-03,1.875564e-07,0.778999,0.359190,2262.4
10,3-8,2,64,no,1.310653e-04,Z10,0.7523188220,5.44658201e-03,3.62397265e-03,1.502931,3.72684850e-03,1.22887450e-02,1.053194e+02,false,4.505848e-02,1.351228e-03,1.875564e-07,0.778999,0.359190,2262.4
10,4-8-16,3,96,no,3.272509e-05,Z_mid,-0.1382385710,6.07817423e-03,2.11266211e-05,287.702146,1.24048634e-05,9.33331009e-04,6.965547e+02,false,4.187627e-02,3.117686e-01,1.049824e-05,0.820156,0.580246,2401.9
10,4-8-16,3,96,no,3.272509e-05,ZZ_mid,-0.6041188142,6.01177567e-03,1.35962734e-03,4.421635,1.08338202e-04,4.26263510e-03,6.965547e+02,false,4.187627e-02,3.117686e-01,1.049824e-05,0.820156,0.580246,2401.9
10,4-8-16,3,96,no,3.272509e-05,Z_mean,0.1392920236,1.07062259e-03,4.78395101e-13,2237946384.564226,4.76091389e-13,4.79838391e-13,6.965547e+02,false,4.187627e-02,3.117686e-01,1.049824e-05,0.820156,0.580246,2401.9
10,4-8-16,3,96,no,3.272509e-05,Z1,0.4874821653,5.83706768e-03,2.27125481e-04,25.699748,4.77755817e-06,1.59592148e-04,6.965547e+02,false,4.187627e-02,3.117686e-01,1.049824e-05,0.820156,0.580246,2401.9
10,4-8-16,3,96,no,3.272509e-05,Z2,-0.3236673269,9.77479738e-03,2.59871909e-04,37.613905,3.81874725e-05,2.05412651e-03,6.965547e+02,false,4.187627e-02,3.117686e-01,1.049824e-05,0.820156,0.580246,2401.9
10,4-8-16,3,96,no,3.272509e-05,Z3,0.2835709018,4.15963088e-03,3.41585112e-04,12.177436,6.02426620e-05,3.44850842e-03,6.965547e+02,false,4.187627e-02,3.117686e-01,1.049824e-05,0.820156,0.580246,2401.9
10,4-8-16,3,96,no,3.272509e-05,Z4,0.0405787558,1.60551339e-03,2.73143906e-04,5.877903,4.03118657e-05,2.51212133e-03,6.965547e+02,false,4.187627e-02,3.117686e-01,1.049824e-05,0.820156,0.580246,2401.9
10,4-8-16,3,96,no,3.272509e-05,Z5,-0.1382385710,6.07817423e-03,2.11266211e-05,287.702146,1.24048634e-05,9.33331009e-04,6.965547e+02,false,4.187627e-02,3.117686e-01,1.049824e-05,0.820156,0.580246,2401.9
10,4-8-16,3,96,no,3.272509e-05,Z6,0.2938451310,2.99330389e-03,9.00063691e-04,3.325658,9.27616347e-05,4.36406655e-03,6.965547e+02,false,4.187627e-02,3.117686e-01,1.049824e-05,0.820156,0.580246,2401.9
10,4-8-16,3,96,no,3.272509e-05,Z7,-0.1656735797,3.44346277e-03,6.56361286e-04,5.246292,9.80792342e-05,3.66253090e-03,6.965547e+02,false,4.187627e-02,3.117686e-01,1.049824e-05,0.820156,0.580246,2401.9
10,4-8-16,3,96,no,3.272509e-05,Z8,0.3774946096,3.99233446e-03,1.16499385e-04,34.269146,2.97463533e-05,4.75730763e-04,6.965547e+02,false,4.187627e-02,3.117686e-01,1.049824e-05,0.820156,0.580246,2401.9
10,4-8-16,3,96,no,3.272509e-05,Z9,-0.2147906720,9.25078082e-03,5.97330200e-04,15.486879,1.34615998e-05,8.48807614e-06,6.965547e+02,false,4.187627e-02,3.117686e-01,1.049824e-05,0.820156,0.580246,2401.9
10,4-8-16,3,96,no,3.272509e-05,Z10,0.7523188220,2.46416581e-03,2.22560258e-04,11.071904,7.33294562e-05,3.06025662e-03,6.965547e+02,false,4.187627e-02,3.117686e-01,1.049824e-05,0.820156,0.580246,2401.9
10,3-8,2,96,no,3.272509e-05,Z_mid,-0.1382385710,6.07817423e-03,7.73131472e-04,7.861760,8.87655895e-04,3.81665903e-03,1.614570e+02,false,3.086640e-02,4.397070e-03,1.986101e-06,0.778999,0.341791,2401.9
10,3-8,2,96,no,3.272509e-05,ZZ_mid,-0.6041188142,6.01177567e-03,7.84513836e-03,0.766306,6.84229429e-03,1.88058021e-02,1.614570e+02,false,3.086640e-02,4.397070e-03,1.986101e-06,0.778999,0.341791,2401.9
10,3-8,2,96,no,3.272509e-05,Z_mean,0.1392920236,1.07062259e-03,4.89080998e-13,2189049650.096419,4.89053242e-13,4.89192020e-13,1.614570e+02,false,3.086640e-02,4.397070e-03,1.986101e-06,0.778999,0.341791,2401.9
10,3-8,2,96,no,3.272509e-05,Z1,0.4874821653,5.83706768e-03,2.32809693e-03,2.507227,2.25702796e-03,4.39413553e-04,1.614570e+02,false,3.086640e-02,4.397070e-03,1.986101e-06,0.778999,0.341791,2401.9
10,3-8,2,96,no,3.272509e-05,Z2,-0.3236673269,9.77479738e-03,3.59875365e-03,2.716162,3.77036242e-03,8.15931825e-03,1.614570e+02,false,3.086640e-02,4.397070e-03,1.986101e-06,0.778999,0.341791,2401.9
10,3-8,2,96,no,3.272509e-05,Z3,0.2835709018,4.15963088e-03,5.21515306e-03,0.797605,5.53829456e-03,1.38027543e-02,1.614570e+02,false,3.086640e-02,4.397070e-03,1.986101e-06,0.778999,0.341791,2401.9
10,3-8,2,96,no,3.272509e-05,Z4,0.0405787558,1.60551339e-03,4.12326048e-03,0.389380,4.34581158e-03,1.00376356e-02,1.614570e+02,false,3.086640e-02,4.397070e-03,1.986101e-06,0.778999,0.341791,2401.9
10,3-8,2,96,no,3.272509e-05,Z5,-0.1382385710,6.07817423e-03,7.73131472e-04,7.861760,8.87655895e-04,3.81665903e-03,1.614570e+02,false,3.086640e-02,4.397070e-03,1.986101e-06,0.778999,0.341791,2401.9
10,3-8,2,96,no,3.272509e-05,Z6,0.2938451310,2.99330389e-03,3.98909444e-03,0.750372,3.13192958e-03,1.87903689e-02,1.614570e+02,false,3.086640e-02,4.397070e-03,1.986101e-06,0.778999,0.341791,2401.9
10,3-8,2,96,no,3.272509e-05,Z7,-0.1656735797,3.44346277e-03,2.93961030e-03,1.171401,2.24101070e-03,1.56259245e-02,1.614570e+02,false,3.086640e-02,4.397070e-03,1.986101e-06,0.778999,0.341791,2401.9
10,3-8,2,96,no,3.272509e-05,Z8,0.3774946096,3.99233446e-03,8.19691912e-04,4.870531,7.12632710e-04,2.02544474e-03,1.614570e+02,false,3.086640e-02,4.397070e-03,1.986101e-06,0.778999,0.341791,2401.9
10,3-8,2,96,no,3.272509e-05,Z9,-0.2147906720,9.25078082e-03,4.30935761e-03,2.146673,4.12189271e-03,6.72589228e-04,1.614570e+02,false,3.086640e-02,4.397070e-03,1.986101e-06,0.778999,0.341791,2401.9
10,3-8,2,96,no,3.272509e-05,Z10,0.7523188220,2.46416581e-03,3.39207718e-03,0.726447,3.72684850e-03,1.22887450e-02,1.614570e+02,false,3.086640e-02,4.397070e-03,1.986101e-06,0.778999,0.341791,2401.9
10,4-8-16,3,128,no,9.225997e-06,Z_mid,-0.1382385710,1.76622892e-03,2.53667929e-05,69.627601,1.24048634e-05,9.33331009e-04,2.230483e+03,false,1.598308e-02,7.553535e-02,6.082776e-07,0.824093,0.569215,2453.6
10,4-8-16,3,128,no,9.225997e-06,ZZ_mid,-0.6041188142,1.71385104e-03,1.74174560e-04,9.839847,1.08338202e-04,4.26263510e-03,2.230483e+03,false,1.598308e-02,7.553535e-02,6.082776e-07,0.824093,0.569215,2453.6
10,4-8-16,3,128,no,9.225997e-06,Z_mean,0.1392920236,5.28574208e-04,4.76674256e-13,1108879285.556947,4.76091389e-13,4.79838391e-13,2.230483e+03,false,1.598308e-02,7.553535e-02,6.082776e-07,0.824093,0.569215,2453.6
10,4-8-16,3,128,no,9.225997e-06,Z1,0.4874821653,1.30392730e-03,4.96449526e-05,26.265053,4.77755817e-06,1.59592148e-04,2.230483e+03,false,1.598308e-02,7.553535e-02,6.082776e-07,0.824093,0.569215,2453.6
10,4-8-16,3,128,no,9.225997e-06,Z2,-0.3236673269,3.77395329e-03,1.12392057e-04,33.578470,3.81874725e-05,2.05412651e-03,2.230483e+03,false,1.598308e-02,7.553535e-02,6.082776e-07,0.824093,0.569215,2453.6
10,4-8-16,3,128,no,9.225997e-06,Z3,0.2835709018,2.06680175e-04,1.64318300e-04,1.257804,6.02426620e-05,3.44850842e-03,2.230483e+03,false,1.598308e-02,7.553535e-02,6.082776e-07,0.824093,0.569215,2453.6
10,4-8-16,3,128,no,9.225997e-06,Z4,0.0405787558,1.52789393e-03,1.22477909e-04,12.474853,4.03118657e-05,2.51212133e-03,2.230483e+03,false,1.598308e-02,7.553535e-02,6.082776e-07,0.824093,0.569215,2453.6
10,4-8-16,3,128,no,9.225997e-06,Z5,-0.1382385710,1.76622892e-03,2.53667929e-05,69.627601,1.24048634e-05,9.33331009e-04,2.230483e+03,false,1.598308e-02,7.553535e-02,6.082776e-07,0.824093,0.569215,2453.6
10,4-8-16,3,128,no,9.225997e-06,Z6,0.2938451310,1.66375141e-03,8.08685650e-05,20.573525,9.27616347e-05,4.36406655e-03,2.230483e+03,false,1.598308e-02,7.553535e-02,6.082776e-07,0.824093,0.569215,2453.6
10,4-8-16,3,128,no,9.225997e-06,Z7,-0.1656735797,2.77402926e-03,3.00579579e-05,92.289345,9.80792342e-05,3.66253090e-03,2.230483e+03,false,1.598308e-02,7.553535e-02,6.082776e-07,0.824093,0.569215,2453.6
10,4-8-16,3,128,no,9.225997e-06,Z8,0.3774946096,1.68738852e-03,1.98427501e-06,850.380374,2.97463533e-05,4.75730763e-04,2.230483e+03,false,1.598308e-02,7.553535e-02,6.082776e-07,0.824093,0.569215,2453.6
10,4-8-16,3,128,no,9.225997e-06,Z9,-0.2147906720,2.32474247e-03,1.45282629e-04,16.001517,1.34615998e-05,8.48807614e-06,2.230483e+03,false,1.598308e-02,7.553535e-02,6.082776e-07,0.824093,0.569215,2453.6
10,4-8-16,3,128,no,9.225997e-06,Z10,0.7523188220,2.01935838e-03,1.42729808e-04,14.148119,7.33294562e-05,3.06025662e-03,2.230483e+03,false,1.598308e-02,7.553535e-02,6.082776e-07,0.824093,0.569215,2453.6
10,3-8,2,128,no,9.225997e-06,Z_mid,-0.1382385710,1.76622892e-03,8.53887880e-04,2.068455,8.87655895e-04,3.81665903e-03,1.732166e+02,false,1.336391e-02,1.296495e-03,1.726697e-07,0.778999,0.307146,2453.6
10,3-8,2,128,no,9.225997e-06,ZZ_mid,-0.6041188142,1.71385104e-03,7.13798715e-03,0.240103,6.84229429e-03,1.88058021e-02,1.732166e+02,false,1.336391e-02,1.296495e-03,1.726697e-07,0.778999,0.307146,2453.6
10,3-8,2,128,no,9.225997e-06,Z_mean,0.1392920236,5.28574208e-04,4.89053242e-13,1080811171.972475,4.89053242e-13,4.89192020e-13,1.732166e+02,false,1.336391e-02,1.296495e-03,1.726697e-07,0.778999,0.307146,2453.6
10,3-8,2,128,no,9.225997e-06,Z1,0.4874821653,1.30392730e-03,2.27798295e-03,0.572404,2.25702796e-03,4.39413553e-04,1.732166e+02,false,1.336391e-02,1.296495e-03,1.726697e-07,0.778999,0.307146,2453.6
10,3-8,2,128,no,9.225997e-06,Z2,-0.3236673269,3.77395329e-03,3.71976284e-03,1.014568,3.77036242e-03,8.15931825e-03,1.732166e+02,false,1.336391e-02,1.296495e-03,1.726697e-07,0.778999,0.307146,2453.6
10,3-8,2,128,no,9.225997e-06,Z3,0.2835709018,2.06680175e-04,5.44301491e-03,0.037972,5.53829456e-03,1.38027543e-02,1.732166e+02,false,1.336391e-02,1.296495e-03,1.726697e-07,0.778999,0.307146,2453.6
10,3-8,2,128,no,9.225997e-06,Z4,0.0405787558,1.52789393e-03,4.28019144e-03,0.356969,4.34581158e-03,1.00376356e-02,1.732166e+02,false,1.336391e-02,1.296495e-03,1.726697e-07,0.778999,0.307146,2453.6
10,3-8,2,128,no,9.225997e-06,Z5,-0.1382385710,1.76622892e-03,8.53887880e-04,2.068455,8.87655895e-04,3.81665903e-03,1.732166e+02,false,1.336391e-02,1.296495e-03,1.726697e-07,0.778999,0.307146,2453.6
10,3-8,2,128,no,9.225997e-06,Z6,0.2938451310,1.66375141e-03,3.38466830e-03,0.491555,3.13192958e-03,1.87903689e-02,1.732166e+02,false,1.336391e-02,1.296495e-03,1.726697e-07,0.778999,0.307146,2453.6
10,3-8,2,128,no,9.225997e-06,Z7,-0.1656735797,2.77402926e-03,2.44699578e-03,1.133647,2.24101070e-03,1.56259245e-02,1.732166e+02,false,1.336391e-02,1.296495e-03,1.726697e-07,0.778999,0.307146,2453.6
10,3-8,2,128,no,9.225997e-06,Z8,0.3774946096,1.68738852e-03,7.44199573e-04,2.267387,7.12632710e-04,2.02544474e-03,1.732166e+02,false,1.336391e-02,1.296495e-03,1.726697e-07,0.778999,0.307146,2453.6
10,3-8,2,128,no,9.225997e-06,Z9,-0.2147906720,2.32474247e-03,4.17716753e-03,0.556536,4.12189271e-03,6.72589228e-04,1.732166e+02,false,1.336391e-02,1.296495e-03,1.726697e-07,0.778999,0.307146,2453.6
10,3-8,2,128,no,9.225997e-06,Z10,0.7523188220,2.01935838e-03,3.62813974e-03,0.556582,3.72684850e-03,1.22887450e-02,1.732166e+02,false,1.336391e-02,1.296495e-03,1.726697e-07,0.778999,0.307146,2453.6
10,4-8-16,3,192,no,1.320464e-06,Z_mid,-0.1382385710,5.07993028e-04,1.03927963e-05,48.879340,1.24048634e-05,9.33331009e-04,2.525303e+04,false,3.539478e-03,1.709886e-02,3.386988e-08,0.816057,0.535467,2670.5
10,4-8-16,3,192,no,1.320464e-06,ZZ_mid,-0.6041188142,4.10579894e-04,1.10369694e-05,37.200420,1.08338202e-04,4.26263510e-03,2.525303e+04,false,3.539478e-03,1.709886e-02,3.386988e-08,0.816057,0.535467,2670.5
10,4-8-16,3,192,no,1.320464e-06,Z_mean,0.1392920236,1.16486481e-04,4.76230166e-13,244601222.401212,4.76091389e-13,4.79838391e-13,2.525303e+04,false,3.539478e-03,1.709886e-02,3.386988e-08,0.816057,0.535467,2670.5
10,4-8-16,3,192,no,1.320464e-06,Z1,0.4874821653,3.27274477e-04,8.34579692e-06,39.214287,4.77755817e-06,1.59592148e-04,2.525303e+04,false,3.539478e-03,1.709886e-02,3.386988e-08,0.816057,0.535467,2670.5
10,4-8-16,3,192,no,1.320464e-06,Z2,-0.3236673269,8.04842267e-04,4.56409768e-05,17.634203,3.81874725e-05,2.05412651e-03,2.525303e+04,false,3.539478e-03,1.709886e-02,3.386988e-08,0.816057,0.535467,2670.5
10,4-8-16,3,192,no,1.320464e-06,Z3,0.2835709018,4.49205925e-04,6.74290072e-05,6.661909,6.02426620e-05,3.44850842e-03,2.525303e+04,false,3.539478e-03,1.709886e-02,3.386988e-08,0.816057,0.535467,2670.5
10,4-8-16,3,192,no,1.320464e-06,Z4,0.0405787558,5.28998204e-04,4.71691523e-05,11.214919,4.03118657e-05,2.51212133e-03,2.525303e+04,false,3.539478e-03,1.709886e-02,3.386988e-08,0.816057,0.535467,2670.5
10,4-8-16,3,192,no,1.320464e-06,Z5,-0.1382385710,5.07993028e-04,1.03927963e-05,48.879340,1.24048634e-05,9.33331009e-04,2.525303e+04,false,3.539478e-03,1.709886e-02,3.386988e-08,0.816057,0.535467,2670.5
10,4-8-16,3,192,no,1.320464e-06,Z6,0.2938451310,6.35994643e-04,2.29504798e-05,27.711606,9.27616347e-05,4.36406655e-03,2.525303e+04,false,3.539478e-03,1.709886e-02,3.386988e-08,0.816057,0.535467,2670.5
10,4-8-16,3,192,no,1.320464e-06,Z7,-0.1656735797,7.43408922e-04,4.41572388e-05,16.835494,9.80792342e-05,3.66253090e-03,2.525303e+04,false,3.539478e-03,1.709886e-02,3.386988e-08,0.816057,0.535467,2670.5
10,4-8-16,3,192,no,1.320464e-06,Z8,0.3774946096,3.05897098e-04,1.99647757e-05,15.321840,2.97463533e-05,4.75730763e-04,2.525303e+04,false,3.539478e-03,1.709886e-02,3.386988e-08,0.816057,0.535467,2670.5
10,4-8-16,3,192,no,1.320464e-06,Z9,-0.2147906720,8.52389442e-04,4.76963204e-05,17.871178,1.34615998e-05,8.48807614e-06,2.525303e+04,false,3.539478e-03,1.709886e-02,3.386988e-08,0.816057,0.535467,2670.5
10,4-8-16,3,192,no,1.320464e-06,Z10,0.7523188220,5.54394911e-04,7.38824630e-05,7.503742,7.33294562e-05,3.06025662e-03,2.525303e+04,false,3.539478e-03,1.709886e-02,3.386988e-08,0.816057,0.535467,2670.5
10,3-8,2,192,no,1.320464e-06,Z_mid,-0.1382385710,5.07993028e-04,8.68160513e-04,0.585137,8.87655895e-04,3.81665903e-03,1.811687e+02,false,3.154693e-03,7.485089e-04,5.755309e-08,0.778999,0.241198,2670.5
10,3-8,2,192,no,1.320464e-06,ZZ_mid,-0.6041188142,4.10579894e-04,7.01300747e-03,0.058545,6.84229429e-03,1.88058021e-02,1.811687e+02,false,3.154693e-03,7.485089e-04,5.755309e-08,0.778999,0.241198,2670.5
10,3-8,2,192,no,1.320464e-06,Z_mean,0.1392920236,1.16486481e-04,4.89053242e-13,238187728.374574,4.89053242e-13,4.89192020e-13,1.811687e+02,false,3.154693e-03,7.485089e-04,5.755309e-08,0.778999,0.241198,2670.5
10,3-8,2,192,no,1.320464e-06,Z1,0.4874821653,3.27274477e-04,2.26912597e-03,0.144229,2.25702796e-03,4.39413553e-04,1.811687e+02,false,3.154693e-03,7.485089e-04,5.755309e-08,0.778999,0.241198,2670.5
10,3-8,2,192,no,1.320464e-06,Z2,-0.3236673269,8.04842267e-04,3.74114962e-03,0.215132,3.77036242e-03,8.15931825e-03,1.811687e+02,false,3.154693e-03,7.485089e-04,5.755309e-08,0.778999,0.241198,2670.5
10,3-8,2,192,no,1.320464e-06,Z3,0.2835709018,4.49205925e-04,5.48328649e-03,0.081923,5.53829456e-03,1.38027543e-02,1.811687e+02,false,3.154693e-03,7.485089e-04,5.755309e-08,0.778999,0.241198,2670.5
10,3-8,2,192,no,1.320464e-06,Z4,0.0405787558,5.28998204e-04,4.30792692e-03,0.122796,4.34581158e-03,1.00376356e-02,1.811687e+02,false,3.154693e-03,7.485089e-04,5.755309e-08,0.778999,0.241198,2670.5
10,3-8,2,192,no,1.320464e-06,Z5,-0.1382385710,5.07993028e-04,8.68160513e-04,0.585137,8.87655895e-04,3.81665903e-03,1.811687e+02,false,3.154693e-03,7.485089e-04,5.755309e-08,0.778999,0.241198,2670.5
10,3-8,2,192,no,1.320464e-06,Z6,0.2938451310,6.35994643e-04,3.27784392e-03,0.194028,3.13192958e-03,1.87903689e-02,1.811687e+02,false,3.154693e-03,7.485089e-04,5.755309e-08,0.778999,0.241198,2670.5
10,3-8,2,192,no,1.320464e-06,Z7,-0.1656735797,7.43408922e-04,2.35993263e-03,0.315013,2.24101070e-03,1.56259245e-02,1.811687e+02,false,3.154693e-03,7.485089e-04,5.755309e-08,0.778999,0.241198,2670.5
10,3-8,2,192,no,1.320464e-06,Z8,0.3774946096,3.05897098e-04,7.30857294e-04,0.418546,7.12632710e-04,2.02544474e-03,1.811687e+02,false,3.154693e-03,7.485089e-04,5.755309e-08,0.778999,0.241198,2670.5
10,3-8,2,192,no,1.320464e-06,Z9,-0.2147906720,8.52389442e-04,4.15380468e-03,0.205207,4.12189271e-03,6.72589228e-04,1.811687e+02,false,3.154693e-03,7.485089e-04,5.755309e-08,0.778999,0.241198,2670.5
10,3-8,2,192,no,1.320464e-06,Z10,0.7523188220,5.54394911e-04,3.66986070e-03,0.151067,3.72684850e-03,1.22887450e-02,1.811687e+02,false,3.154693e-03,7.485089e-04,5.755309e-08,0.778999,0.241198,2670.5
10,4-8-16,3,256,no,2.956130e-07,Z_mid,-0.1382385710,1.70949492e-04,1.27191904e-05,13.440281,1.24048634e-05,9.33331009e-04,8.987592e+04,false,6.857571e-04,2.821683e-03,8.473872e-10,0.822455,0.542197,2796.0
10,4-8-16,3,256,no,2.956130e-07,ZZ_mid,-0.6041188142,1.23647256e-04,9.66393577e-05,1.279471,1.08338202e-04,4.26263510e-03,8.987592e+04,false,6.857571e-04,2.821683e-03,8.473872e-10,0.822455,0.542197,2796.0
10,4-8-16,3,256,no,2.956130e-07,Z_mean,0.1392920236,6.42121773e-05,4.76146900e-13,134857913.291460,4.76091389e-13,4.79838391e-13,8.987592e+04,false,6.857571e-04,2.821683e-03,8.473872e-10,0.822455,0.542197,2796.0
10,4-8-16,3,256,no,2.956130e-07,Z1,0.4874821653,1.39187025e-04,2.71695660e-06,51.229020,4.77755817e-06,1.59592148e-04,8.987592e+04,false,6.857571e-04,2.821683e-03,8.473872e-10,0.822455,0.542197,2796.0
10,4-8-16,3,256,no,2.956130e-07,Z2,-0.3236673269,1.80415938e-04,4.06385251e-05,4.439530,3.81874725e-05,2.05412651e-03,8.987592e+04,false,6.857571e-04,2.821683e-03,8.473872e-10,0.822455,0.542197,2796.0
10,4-8-16,3,256,no,2.956130e-07,Z3,0.2835709018,1.18194028e-04,6.35681629e-05,1.859327,6.02426620e-05,3.44850842e-03,8.987592e+04,false,6.857571e-04,2.821683e-03,8.473872e-10,0.822455,0.542197,2796.0
10,4-8-16,3,256,no,2.956130e-07,Z4,0.0405787558,1.69844329e-04,4.29779516e-05,3.951894,4.03118657e-05,2.51212133e-03,8.987592e+04,false,6.857571e-04,2.821683e-03,8.473872e-10,0.822455,0.542197,2796.0
10,4-8-16,3,256,no,2.956130e-07,Z5,-0.1382385710,1.70949492e-04,1.27191904e-05,13.440281,1.24048634e-05,9.33331009e-04,8.987592e+04,false,6.857571e-04,2.821683e-03,8.473872e-10,0.822455,0.542197,2796.0
10,4-8-16,3,256,no,2.956130e-07,Z6,0.2938451310,2.19040521e-04,8.52278065e-05,2.570059,9.27616347e-05,4.36406655e-03,8.987592e+04,false,6.857571e-04,2.821683e-03,8.473872e-10,0.822455,0.542197,2796.0
10,4-8-16,3,256,no,2.956130e-07,Z7,-0.1656735797,9.74086979e-05,9.24368515e-05,1.053786,9.80792342e-05,3.66253090e-03,8.987592e+04,false,6.857571e-04,2.821683e-03,8.473872e-10,0.822455,0.542197,2796.0
10,4-8-16,3,256,no,2.956130e-07,Z8,0.3774946096,1.24560212e-04,2.85891727e-05,4.356902,2.97463533e-05,4.75730763e-04,8.987592e+04,false,6.857571e-04,2.821683e-03,8.473872e-10,0.822455,0.542197,2796.0
10,4-8-16,3,256,no,2.956130e-07,Z9,-0.2147906720,2.76628548e-04,1.85368063e-05,14.923204,1.34615998e-05,8.48807614e-06,8.987592e+04,false,6.857571e-04,2.821683e-03,8.473872e-10,0.822455,0.542197,2796.0
10,4-8-16,3,256,no,2.956130e-07,Z10,0.7523188220,6.94825033e-05,7.54013996e-05,0.921502,7.33294562e-05,3.06025662e-03,8.987592e+04,false,6.857571e-04,2.821683e-03,8.473872e-10,0.822455,0.542197,2796.0
10,3-8,2,256,no,2.956130e-07,Z_mid,-0.1382385710,1.70949492e-04,8.86884805e-04,0.192753,8.87655895e-04,3.81665903e-03,1.792319e+02,false,6.782954e-04,2.960536e-05,9.003584e-11,0.778999,0.242744,2796.0
10,3-8,2,256,no,2.956130e-07,ZZ_mid,-0.6041188142,1.23647256e-04,6.84904642e-03,0.018053,6.84229429e-03,1.88058021e-02,1.792319e+02,false,6.782954e-04,2.960536e-05,9.003584e-11,0.778999,0.242744,2796.0
10,3-8,2,256,no,2.956130e-07,Z_mean,0.1392920236,6.42121773e-05,4.89080998e-13,131291498.922592,4.89053242e-13,4.89192020e-13,1.792319e+02,false,6.782954e-04,2.960536e-05,9.003584e-11,0.778999,0.242744,2796.0
10,3-8,2,256,no,2.956130e-07,Z1,0.4874821653,1.39187025e-04,2.25750647e-03,0.061655,2.25702796e-03,4.39413553e-04,1.792319e+02,false,6.782954e-04,2.960536e-05,9.003584e-11,0.778999,0.242744,2796.0
10,3-8,2,256,no,2.956130e-07,Z2,-0.3236673269,1.80415938e-04,3.76920698e-03,0.047866,3.77036242e-03,8.15931825e-03,1.792319e+02,false,6.782954e-04,2.960536e-05,9.003584e-11,0.778999,0.242744,2796.0
10,3-8,2,256,no,2.956130e-07,Z3,0.2835709018,1.18194028e-04,5.53611886e-03,0.021350,5.53829456e-03,1.38027543e-02,1.792319e+02,false,6.782954e-04,2.960536e-05,9.003584e-11,0.778999,0.242744,2796.0
10,3-8,2,256,no,2.956130e-07,Z4,0.0405787558,1.69844329e-04,4.34431315e-03,0.039096,4.34581158e-03,1.00376356e-02,1.792319e+02,false,6.782954e-04,2.960536e-05,9.003584e-11,0.778999,0.242744,2796.0
10,3-8,2,256,no,2.956130e-07,Z5,-0.1382385710,1.70949492e-04,8.86884805e-04,0.192753,8.87655895e-04,3.81665903e-03,1.792319e+02,false,6.782954e-04,2.960536e-05,9.003584e-11,0.778999,0.242744,2796.0
10,3-8,2,256,no,2.956130e-07,Z6,0.2938451310,2.19040521e-04,3.13770085e-03,0.069809,3.13192958e-03,1.87903689e-02,1.792319e+02,false,6.782954e-04,2.960536e-05,9.003584e-11,0.778999,0.242744,2796.0
10,3-8,2,256,no,2.956130e-07,Z7,-0.1656735797,9.74086979e-05,2.24571435e-03,0.043375,2.24101070e-03,1.56259245e-02,1.792319e+02,false,6.782954e-04,2.960536e-05,9.003584e-11,0.778999,0.242744,2796.0
10,3-8,2,256,no,2.956130e-07,Z8,0.3774946096,1.24560212e-04,7.13353537e-04,0.174612,7.12632710e-04,2.02544474e-03,1.792319e+02,false,6.782954e-04,2.960536e-05,9.003584e-11,0.778999,0.242744,2796.0
10,3-8,2,256,no,2.956130e-07,Z9,-0.2147906720,2.76628548e-04,4.12315490e-03,0.067091,4.12189271e-03,6.72589228e-04,1.792319e+02,false,6.782954e-04,2.960536e-05,9.003584e-11,0.778999,0.242744,2796.0
10,3-8,2,256,no,2.956130e-07,Z10,0.7523188220,6.94825033e-05,3.72459449e-03,0.018655,3.72684850e-03,1.22887450e-02,1.792319e+02,false,6.782954e-04,2.960536e-05,9.003584e-11,0.778999,0.242744,2796.0
10,4-8-16,3,384,no,2.387008e-08,Z_mid,-0.1382385710,1.24882285e-05,1.23364908e-05,1.012300,1.24048634e-05,9.33331009e-04,5.998926e+05,false,1.943167e-04,4.753189e-04,2.664591e-11,0.815309,0.520151,2790.2
10,4-8-16,3,384,no,2.387008e-08,ZZ_mid,-0.6041188142,3.18240764e-05,1.05549517e-04,0.301508,1.08338202e-04,4.26263510e-03,5.998926e+05,false,1.943167e-04,4.753189e-04,2.664591e-11,0.815309,0.520151,2790.2
10,4-8-16,3,384,no,2.387008e-08,Z_mean,0.1392920236,1.87578694e-05,4.76119144e-13,39397427.367669,4.76091389e-13,4.79838391e-13,5.998926e+05,false,1.943167e-04,4.753189e-04,2.664591e-11,0.815309,0.520151,2790.2
10,4-8-16,3,384,no,2.387008e-08,Z1,0.4874821653,2.02751227e-05,4.41072975e-06,4.596773,4.77755817e-06,1.59592148e-04,5.998926e+05,false,1.943167e-04,4.753189e-04,2.664591e-11,0.815309,0.520151,2790.2
10,4-8-16,3,384,no,2.387008e-08,Z2,-0.3236673269,6.18973141e-05,3.83711652e-05,1.613121,3.81874725e-05,2.05412651e-03,5.998926e+05,false,1.943167e-04,4.753189e-04,2.664591e-11,0.815309,0.520151,2790.2
10,4-8-16,3,384,no,2.387008e-08,Z3,0.2835709018,2.68665496e-05,6.04012490e-05,0.444801,6.02426620e-05,3.44850842e-03,5.998926e+05,false,1.943167e-04,4.753189e-04,2.664591e-11,0.815309,0.520151,2790.2
10,4-8-16,3,384,no,2.387008e-08,Z4,0.0405787558,2.36147214e-06,4.04729521e-05,0.058347,4.03118657e-05,2.51212133e-03,5.998926e+05,false,1.943167e-04,4.753189e-04,2.664591e-11,0.815309,0.520151,2790.2
10,4-8-16,3,384,no,2.387008e-08,Z5,-0.1382385710,1.24882285e-05,1.23364908e-05,1.012300,1.24048634e-05,9.33331009e-04,5.998926e+05,false,1.943167e-04,4.753189e-04,2.664591e-11,0.815309,0.520151,2790.2
10,4-8-16,3,384,no,2.387008e-08,Z6,0.2938451310,1.70190857e-05,9.07442751e-05,0.187550,9.27616347e-05,4.36406655e-03,5.998926e+05,false,1.943167e-04,4.753189e-04,2.664591e-11,0.815309,0.520151,2790.2
10,4-8-16,3,384,no,2.387008e-08,Z7,-0.1656735797,4.07280574e-05,9.65176281e-05,0.421975,9.80792342e-05,3.66253090e-03,5.998926e+05,false,1.943167e-04,4.753189e-04,2.664591e-11,0.815309,0.520151,2790.2
10,4-8-16,3,384,no,2.387008e-08,Z8,0.3774946096,3.07795615e-06,2.94656464e-05,0.104459,2.97463533e-05,4.75730763e-04,5.998926e+05,false,1.943167e-04,4.753189e-04,2.664591e-11,0.815309,0.520151,2790.2
10,4-8-16,3,384,no,2.387008e-08,Z9,-0.2147906720,1.46124657e-04,1.44243192e-05,10.130437,1.34615998e-05,8.48807614e-06,5.998926e+05,false,1.943167e-04,4.753189e-04,2.664591e-11,0.815309,0.520151,2790.2
10,4-8-16,3,384,no,2.387008e-08,Z10,0.7523188220,4.05937699e-06,7.33067063e-05,0.055375,7.33294562e-05,3.06025662e-03,5.998926e+05,false,1.943167e-04,4.753189e-04,2.664591e-11,0.815309,0.520151,2790.2
10,3-8,2,384,no,2.387008e-08,Z_mid,-0.1382385710,1.24882285e-05,8.86868028e-04,0.014081,8.87655895e-04,3.81665903e-03,1.795440e+02,false,2.232454e-04,3.024949e-05,9.399633e-11,0.778999,0.219488,2790.2
10,3-8,2,384,no,2.387008e-08,ZZ_mid,-0.6041188142,3.18240764e-05,6.84919332e-03,0.004646,6.84229429e-03,1.88058021e-02,1.795440e+02,false,2.232454e-04,3.024949e-05,9.399633e-11,0.778999,0.219488,2790.2
10,3-8,2,384,no,2.387008e-08,Z_mean,0.1392920236,1.87578694e-05,4.89053242e-13,38355474.975312,4.89053242e-13,4.89192020e-13,1.795440e+02,false,2.232454e-04,3.024949e-05,9.399633e-11,0.778999,0.219488,2790.2
10,3-8,2,384,no,2.387008e-08,Z1,0.4874821653,2.02751227e-05,2.25751688e-03,0.008981,2.25702796e-03,4.39413553e-04,1.795440e+02,false,2.232454e-04,3.024949e-05,9.399633e-11,0.778999,0.219488,2790.2
10,3-8,2,384,no,2.387008e-08,Z2,-0.3236673269,6.18973141e-05,3.76918184e-03,0.016422,3.77036242e-03,8.15931825e-03,1.795440e+02,false,2.232454e-04,3.024949e-05,9.399633e-11,0.778999,0.219488,2790.2
10,3-8,2,384,no,2.387008e-08,Z3,0.2835709018,2.68665496e-05,5.53607152e-03,0.004853,5.53829456e-03,1.38027543e-02,1.795440e+02,false,2.232454e-04,3.024949e-05,9.399633e-11,0.778999,0.219488,2790.2
10,3-8,2,384,no,2.387008e-08,Z4,0.0405787558,2.36147214e-06,4.34428055e-03,0.000544,4.34581158e-03,1.00376356e-02,1.795440e+02,false,2.232454e-04,3.024949e-05,9.399633e-11,0.778999,0.219488,2790.2
10,3-8,2,384,no,2.387008e-08,Z5,-0.1382385710,1.24882285e-05,8.86868028e-04,0.014081,8.87655895e-04,3.81665903e-03,1.795440e+02,false,2.232454e-04,3.024949e-05,9.399633e-11,0.778999,0.219488,2790.2
10,3-8,2,384,no,2.387008e-08,Z6,0.2938451310,1.70190857e-05,3.13782641e-03,0.005424,3.13192958e-03,1.87903689e-02,1.795440e+02,false,2.232454e-04,3.024949e-05,9.399633e-11,0.778999,0.219488,2790.2
10,3-8,2,384,no,2.387008e-08,Z7,-0.1656735797,4.07280574e-05,2.24581669e-03,0.018135,2.24101070e-03,1.56259245e-02,1.795440e+02,false,2.232454e-04,3.024949e-05,9.399633e-11,0.778999,0.219488,2790.2
10,3-8,2,384,no,2.387008e-08,Z8,0.3774946096,3.07795615e-06,7.13369220e-04,0.004315,7.12632710e-04,2.02544474e-03,1.795440e+02,false,2.232454e-04,3.024949e-05,9.399633e-11,0.778999,0.219488,2790.2
10,3-8,2,384,no,2.387008e-08,Z9,-0.2147906720,1.46124657e-04,4.12318237e-03,0.035440,4.12189271e-03,6.72589228e-04,1.795440e+02,false,2.232454e-04,3.024949e-05,9.399633e-11,0.778999,0.219488,2790.2
10,3-8,2,384,no,2.387008e-08,Z10,0.7523188220,4.05937699e-06,3.72454545e-03,0.001090,3.72684850e-03,1.22887450e-02,1.795440e+02,false,2.232454e-04,3.024949e-05,9.399633e-11,0.778999,0.219488,2790.2
10,4-8-16,3,512,no,1.777114e-09,Z_mid,-0.1382385710,3.01861264e-05,1.23453699e-05,2.445137,1.24048634e-05,9.33331009e-04,1.214473e+06,false,6.375781e-05,2.110998e-04,5.901633e-12,0.811309,0.498895,2842.7
10,4-8-16,3,512,no,1.777114e-09,ZZ_mid,-0.6041188142,9.71470285e-06,1.06903296e-04,0.090874,1.08338202e-04,4.26263510e-03,1.214473e+06,false,6.375781e-05,2.110998e-04,5.901633e-12,0.811309,0.498895,2842.7
10,4-8-16,3,512,no,1.777114e-09,Z_mean,0.1392920236,4.56498921e-06,4.76091389e-13,9588472.549933,4.76091389e-13,4.79838391e-13,1.214473e+06,false,6.375781e-05,2.110998e-04,5.901633e-12,0.811309,0.498895,2842.7
10,4-8-16,3,512,no,1.777114e-09,Z1,0.4874821653,5.56815548e-06,4.60990803e-06,1.207867,4.77755817e-06,1.59592148e-04,1.214473e+06,false,6.375781e-05,2.110998e-04,5.901633e-12,0.811309,0.498895,2842.7
10,4-8-16,3,512,no,1.777114e-09,Z2,-0.3236673269,1.99741456e-05,3.82140285e-05,0.522691,3.81874725e-05,2.05412651e-03,1.214473e+06,false,6.375781e-05,2.110998e-04,5.901633e-12,0.811309,0.498895,2842.7
10,4-8-16,3,512,no,1.777114e-09,Z3,0.2835709018,1.53520230e-05,6.02166749e-05,0.254946,6.02426620e-05,3.44850842e-03,1.214473e+06,false,6.375781e-05,2.110998e-04,5.901633e-12,0.811309,0.498895,2842.7
10,4-8-16,3,512,no,1.777114e-09,Z4,0.0405787558,1.36241075e-05,4.03142576e-05,0.337948,4.03118657e-05,2.51212133e-03,1.214473e+06,false,6.375781e-05,2.110998e-04,5.901633e-12,0.811309,0.498895,2842.7
10,4-8-16,3,512,no,1.777114e-09,Z5,-0.1382385710,3.01861264e-05,1.23453699e-05,2.445137,1.24048634e-05,9.33331009e-04,1.214473e+06,false,6.375781e-05,2.110998e-04,5.901633e-12,0.811309,0.498895,2842.7
10,4-8-16,3,512,no,1.777114e-09,Z6,0.2938451310,3.93618996e-05,9.16860306e-05,0.429312,9.27616347e-05,4.36406655e-03,1.214473e+06,false,6.375781e-05,2.110998e-04,5.901633e-12,0.811309,0.498895,2842.7
10,4-8-16,3,512,no,1.777114e-09,Z7,-0.1656735797,4.08611691e-06,9.72389648e-05,0.042021,9.80792342e-05,3.66253090e-03,1.214473e+06,false,6.375781e-05,2.110998e-04,5.901633e-12,0.811309,0.498895,2842.7
10,4-8-16,3,512,no,1.777114e-09,Z8,0.3774946096,3.67073955e-05,2.96010911e-05,1.240069,2.97463533e-05,4.75730763e-04,1.214473e+06,false,6.375781e-05,2.110998e-04,5.901633e-12,0.811309,0.498895,2842.7
10,4-8-16,3,512,no,1.777114e-09,Z9,-0.2147906720,5.64966994e-05,1.39150439e-05,4.060117,1.34615998e-05,8.48807614e-06,1.214473e+06,false,6.375781e-05,2.110998e-04,5.901633e-12,0.811309,0.498895,2842.7
10,4-8-16,3,512,no,1.777114e-09,Z10,0.7523188220,2.78944062e-05,7.32300946e-05,0.380915,7.33294562e-05,3.06025662e-03,1.214473e+06,false,6.375781e-05,2.110998e-04,5.901633e-12,0.811309,0.498895,2842.7
10,3-8,2,512,no,1.777114e-09,Z_mid,-0.1382385710,3.01861264e-05,8.87225201e-04,0.034023,8.87655895e-04,3.81665903e-03,1.795167e+02,false,6.904169e-05,1.653614e-05,2.808942e-11,0.778999,0.195028,2842.7
10,3-8,2,512,no,1.777114e-09,ZZ_mid,-0.6041188142,9.71470285e-06,6.84606571e-03,0.001419,6.84229429e-03,1.88058021e-02,1.795167e+02,false,6.904169e-05,1.653614e-05,2.808942e-11,0.778999,0.195028,2842.7
10,3-8,2,512,no,1.777114e-09,Z_mean,0.1392920236,4.56498921e-06,4.89053242e-13,9334339.934677,4.89053242e-13,4.89192020e-13,1.795167e+02,false,6.904169e-05,1.653614e-05,2.808942e-11,0.778999,0.195028,2842.7
10,3-8,2,512,no,1.777114e-09,Z1,0.4874821653,5.56815548e-06,2.25729523e-03,0.002467,2.25702796e-03,4.39413553e-04,1.795167e+02,false,6.904169e-05,1.653614e-05,2.808942e-11,0.778999,0.195028,2842.7
10,3-8,2,512,no,1.777114e-09,Z2,-0.3236673269,1.99741456e-05,3.76971705e-03,0.005299,3.77036242e-03,8.15931825e-03,1.795167e+02,false,6.904169e-05,1.653614e-05,2.808942e-11,0.778999,0.195028,2842.7
10,3-8,2,512,no,1.777114e-09,Z3,0.2835709018,1.53520230e-05,5.53707932e-03,0.002773,5.53829456e-03,1.38027543e-02,1.795167e+02,false,6.904169e-05,1.653614e-05,2.808942e-11,0.778999,0.195028,2842.7
10,3-8,2,512,no,1.777114e-09,Z4,0.0405787558,1.36241075e-05,4.34497463e-03,0.003136,4.34581158e-03,1.00376356e-02,1.795167e+02,false,6.904169e-05,1.653614e-05,2.808942e-11,0.778999,0.195028,2842.7
10,3-8,2,512,no,1.777114e-09,Z5,-0.1382385710,3.01861264e-05,8.87225201e-04,0.034023,8.87655895e-04,3.81665903e-03,1.795167e+02,false,6.904169e-05,1.653614e-05,2.808942e-11,0.778999,0.195028,2842.7
10,3-8,2,512,no,1.777114e-09,Z6,0.2938451310,3.93618996e-05,3.13515313e-03,0.012555,3.13192958e-03,1.87903689e-02,1.795167e+02,false,6.904169e-05,1.653614e-05,2.808942e-11,0.778999,0.195028,2842.7
10,3-8,2,512,no,1.777114e-09,Z7,-0.1656735797,4.08611691e-06,2.24363794e-03,0.001821,2.24101070e-03,1.56259245e-02,1.795167e+02,false,6.904169e-05,1.653614e-05,2.808942e-11,0.778999,0.195028,2842.7
10,3-8,2,512,no,1.777114e-09,Z8,0.3774946096,3.67073955e-05,7.13035329e-04,0.051480,7.12632710e-04,2.02544474e-03,1.795167e+02,false,6.904169e-05,1.653614e-05,2.808942e-11,0.778999,0.195028,2842.7
10,3-8,2,512,no,1.777114e-09,Z9,-0.2147906720,5.64966994e-05,4.12259771e-03,0.013704,4.12189271e-03,6.72589228e-04,1.795167e+02,false,6.904169e-05,1.653614e-05,2.808942e-11,0.778999,0.195028,2842.7
10,3-8,2,512,no,1.777114e-09,Z10,0.7523188220,2.78944062e-05,3.72558952e-03,0.007487,3.72684850e-03,1.22887450e-02,1.795167e+02,false,6.904169e-05,1.653614e-05,2.808942e-11,0.778999,0.195028,2842.7
10,4-8-16,3,768,no,4.829359e-12,Z_mid,-0.1382385710,3.90655340e-07,1.24012889e-05,0.031501,1.24048634e-05,9.33331009e-04,1.287082e+06,false,2.024195e-06,1.462914e-05,2.737682e-14,0.812405,0.408736,2842.0
10,4-8-16,3,768,no,4.829359e-12,ZZ_mid,-0.6041188142,2.55158951e-08,1.08242461e-04,0.000236,1.08338202e-04,4.26263510e-03,1.287082e+06,false,2.024195e-06,1.462914e-05,2.737682e-14,0.812405,0.408736,2842.0
10,4-8-16,3,768,no,4.829359e-12,Z_mean,0.1392920236,4.27837519e-08,4.76119144e-13,89859.339688,4.76091389e-13,4.79838391e-13,1.287082e+06,false,2.024195e-06,1.462914e-05,2.737682e-14,0.812405,0.408736,2842.0
10,4-8-16,3,768,no,4.829359e-12,Z1,0.4874821653,1.69955150e-07,4.76602918e-06,0.035660,4.77755817e-06,1.59592148e-04,1.287082e+06,false,2.024195e-06,1.462914e-05,2.737682e-14,0.812405,0.408736,2842.0
10,4-8-16,3,768,no,4.829359e-12,Z2,-0.3236673269,5.29363899e-07,3.81903487e-05,0.013861,3.81874725e-05,2.05412651e-03,1.287082e+06,false,2.024195e-06,1.462914e-05,2.737682e-14,0.812405,0.408736,2842.0
10,4-8-16,3,768,no,4.829359e-12,Z3,0.2835709018,8.85985610e-07,6.02426762e-05,0.014707,6.02426620e-05,3.44850842e-03,1.287082e+06,false,2.024195e-06,1.462914e-05,2.737682e-14,0.812405,0.408736,2842.0
10,4-8-16,3,768,no,4.829359e-12,Z4,0.0405787558,6.60868213e-07,4.03133332e-05,0.016393,4.03118657e-05,2.51212133e-03,1.287082e+06,false,2.024195e-06,1.462914e-05,2.737682e-14,0.812405,0.408736,2842.0
10,4-8-16,3,768,no,4.829359e-12,Z5,-0.1382385710,3.90655340e-07,1.24012889e-05,0.031501,1.24048634e-05,9.33331009e-04,1.287082e+06,false,2.024195e-06,1.462914e-05,2.737682e-14,0.812405,0.408736,2842.0
10,4-8-16,3,768,no,4.829359e-12,Z6,0.2938451310,2.42717027e-07,9.26904775e-05,0.002619,9.27616347e-05,4.36406655e-03,1.287082e+06,false,2.024195e-06,1.462914e-05,2.737682e-14,0.812405,0.408736,2842.0
10,4-8-16,3,768,no,4.829359e-12,Z7,-0.1656735797,1.22925227e-06,9.80237658e-05,0.012540,9.80792342e-05,3.66253090e-03,1.287082e+06,false,2.024195e-06,1.462914e-05,2.737682e-14,0.812405,0.408736,2842.0
10,4-8-16,3,768,no,4.829359e-12,Z8,0.3774946096,5.63498557e-07,2.97366743e-05,0.018950,2.97463533e-05,4.75730763e-04,1.287082e+06,false,2.024195e-06,1.462914e-05,2.737682e-14,0.812405,0.408736,2842.0
10,4-8-16,3,768,no,4.829359e-12,Z9,-0.2147906720,8.35047351e-07,1.34925361e-05,0.061890,1.34615998e-05,8.48807614e-06,1.287082e+06,false,2.024195e-06,1.462914e-05,2.737682e-14,0.812405,0.408736,2842.0
10,4-8-16,3,768,no,4.829359e-12,Z10,0.7523188220,8.64577273e-07,7.33242507e-05,0.011791,7.33294562e-05,3.06025662e-03,1.287082e+06,false,2.024195e-06,1.462914e-05,2.737682e-14,0.812405,0.408736,2842.0
10,3-8,2,768,no,4.829359e-12,Z_mid,-0.1382385710,3.90655340e-07,8.87640019e-04,0.000440,8.87655895e-04,3.81665903e-03,1.794467e+02,false,2.030099e-06,6.095426e-07,3.816655e-14,0.778999,0.105293,2842.0
10,3-8,2,768,no,4.829359e-12,ZZ_mid,-0.6041188142,2.55158951e-08,6.84243331e-03,0.000004,6.84229429e-03,1.88058021e-02,1.794467e+02,false,2.030099e-06,6.095426e-07,3.816655e-14,0.778999,0.105293,2842.0
10,3-8,2,768,no,4.829359e-12,Z_mean,0.1392920236,4.27837519e-08,4.89080998e-13,87477.845355,4.89053242e-13,4.89192020e-13,1.794467e+02,false,2.030099e-06,6.095426e-07,3.816655e-14,0.778999,0.105293,2842.0
10,3-8,2,768,no,4.829359e-12,Z1,0.4874821653,1.69955150e-07,2.25703781e-03,0.000075,2.25702796e-03,4.39413553e-04,1.794467e+02,false,2.030099e-06,6.095426e-07,3.816655e-14,0.778999,0.105293,2842.0
10,3-8,2,768,no,4.829359e-12,Z2,-0.3236673269,5.29363899e-07,3.77033863e-03,0.000140,3.77036242e-03,8.15931825e-03,1.794467e+02,false,2.030099e-06,6.095426e-07,3.816655e-14,0.778999,0.105293,2842.0
10,3-8,2,768,no,4.829359e-12,Z3,0.2835709018,8.85985610e-07,5.53824976e-03,0.000160,5.53829456e-03,1.38027543e-02,1.794467e+02,false,2.030099e-06,6.095426e-07,3.816655e-14,0.778999,0.105293,2842.0
10,3-8,2,768,no,4.829359e-12,Z4,0.0405787558,6.60868213e-07,4.34578073e-03,0.000152,4.34581158e-03,1.00376356e-02,1.794467e+02,false,2.030099e-06,6.095426e-07,3.816655e-14,0.778999,0.105293,2842.0
10,3-8,2,768,no,4.829359e-12,Z5,-0.1382385710,3.90655340e-07,8.87640019e-04,0.000440,8.87655895e-04,3.81665903e-03,1.794467e+02,false,2.030099e-06,6.095426e-07,3.816655e-14,0.778999,0.105293,2842.0
10,3-8,2,768,no,4.829359e-12,Z6,0.2938451310,2.42717027e-07,3.13204840e-03,0.000077,3.13192958e-03,1.87903689e-02,1.794467e+02,false,2.030099e-06,6.095426e-07,3.816655e-14,0.778999,0.105293,2842.0
10,3-8,2,768,no,4.829359e-12,Z7,-0.1656735797,1.22925227e-06,2.24110754e-03,0.000549,2.24101070e-03,1.56259245e-02,1.794467e+02,false,2.030099e-06,6.095426e-07,3.816655e-14,0.778999,0.105293,2842.0
10,3-8,2,768,no,4.829359e-12,Z8,0.3774946096,5.63498557e-07,7.12647551e-04,0.000791,7.12632710e-04,2.02544474e-03,1.794467e+02,false,2.030099e-06,6.095426e-07,3.816655e-14,0.778999,0.105293,2842.0
10,3-8,2,768,no,4.829359e-12,Z9,-0.2147906720,8.35047351e-07,4.12191870e-03,0.000203,4.12189271e-03,6.72589228e-04,1.794467e+02,false,2.030099e-06,6.095426e-07,3.816655e-14,0.778999,0.105293,2842.0
10,3-8,2,768,no,4.829359e-12,Z10,0.7523188220,8.64577273e-07,3.72680209e-03,0.000232,3.72684850e-03,1.22887450e-02,1.794467e+02,false,2.030099e-06,6.095426e-07,3.816655e-14,0.778999,0.105293,2842.0
10,4-8-16,3,1024,yes,2.625677e-14,Z_mid,-0.1382385710,0.00000000e+00,1.24048634e-05,0.000000,1.24048634e-05,9.33331009e-04,1.287460e+06,false,0.000000e+00,0.000000e+00,0.000000e+00,0.000000,NaN,2796.2
10,4-8-16,3,1024,yes,2.625677e-14,ZZ_mid,-0.6041188142,0.00000000e+00,1.08338202e-04,0.000000,1.08338202e-04,4.26263510e-03,1.287460e+06,false,0.000000e+00,0.000000e+00,0.000000e+00,0.000000,NaN,2796.2
10,4-8-16,3,1024,yes,2.625677e-14,Z_mean,0.1392920236,0.00000000e+00,4.76091389e-13,0.000000,4.76091389e-13,4.79838391e-13,1.287460e+06,false,0.000000e+00,0.000000e+00,0.000000e+00,0.000000,NaN,2796.2
10,4-8-16,3,1024,yes,2.625677e-14,Z1,0.4874821653,0.00000000e+00,4.77755817e-06,0.000000,4.77755817e-06,1.59592148e-04,1.287460e+06,false,0.000000e+00,0.000000e+00,0.000000e+00,0.000000,NaN,2796.2
10,4-8-16,3,1024,yes,2.625677e-14,Z2,-0.3236673269,0.00000000e+00,3.81874725e-05,0.000000,3.81874725e-05,2.05412651e-03,1.287460e+06,false,0.000000e+00,0.000000e+00,0.000000e+00,0.000000,NaN,2796.2
10,4-8-16,3,1024,yes,2.625677e-14,Z3,0.2835709018,0.00000000e+00,6.02426620e-05,0.000000,6.02426620e-05,3.44850842e-03,1.287460e+06,false,0.000000e+00,0.000000e+00,0.000000e+00,0.000000,NaN,2796.2
10,4-8-16,3,1024,yes,2.625677e-14,Z4,0.0405787558,0.00000000e+00,4.03118657e-05,0.000000,4.03118657e-05,2.51212133e-03,1.287460e+06,false,0.000000e+00,0.000000e+00,0.000000e+00,0.000000,NaN,2796.2
10,4-8-16,3,1024,yes,2.625677e-14,Z5,-0.1382385710,0.00000000e+00,1.24048634e-05,0.000000,1.24048634e-05,9.33331009e-04,1.287460e+06,false,0.000000e+00,0.000000e+00,0.000000e+00,0.000000,NaN,2796.2
10,4-8-16,3,1024,yes,2.625677e-14,Z6,0.2938451310,0.00000000e+00,9.27616347e-05,0.000000,9.27616347e-05,4.36406655e-03,1.287460e+06,false,0.000000e+00,0.000000e+00,0.000000e+00,0.000000,NaN,2796.2
10,4-8-16,3,1024,yes,2.625677e-14,Z7,-0.1656735797,0.00000000e+00,9.80792342e-05,0.000000,9.80792342e-05,3.66253090e-03,1.287460e+06,false,0.000000e+00,0.000000e+00,0.000000e+00,0.000000,NaN,2796.2
10,4-8-16,3,1024,yes,2.625677e-14,Z8,0.3774946096,0.00000000e+00,2.97463533e-05,0.000000,2.97463533e-05,4.75730763e-04,1.287460e+06,false,0.000000e+00,0.000000e+00,0.000000e+00,0.000000,NaN,2796.2
10,4-8-16,3,1024,yes,2.625677e-14,Z9,-0.2147906720,0.00000000e+00,1.34615998e-05,0.000000,1.34615998e-05,8.48807614e-06,1.287460e+06,false,0.000000e+00,0.000000e+00,0.000000e+00,0.000000,NaN,2796.2
10,4-8-16,3,1024,yes,2.625677e-14,Z10,0.7523188220,0.00000000e+00,7.33294562e-05,0.000000,7.33294562e-05,3.06025662e-03,1.287460e+06,false,0.000000e+00,0.000000e+00,0.000000e+00,0.000000,NaN,2796.2
10,3-8,2,1024,yes,2.625677e-14,Z_mid,-0.1382385710,0.00000000e+00,8.87655895e-04,0.000000,8.87655895e-04,3.81665903e-03,1.794439e+02,false,0.000000e+00,0.000000e+00,0.000000e+00,0.000000,NaN,2796.2
10,3-8,2,1024,yes,2.625677e-14,ZZ_mid,-0.6041188142,0.00000000e+00,6.84229429e-03,0.000000,6.84229429e-03,1.88058021e-02,1.794439e+02,false,0.000000e+00,0.000000e+00,0.000000e+00,0.000000,NaN,2796.2
10,3-8,2,1024,yes,2.625677e-14,Z_mean,0.1392920236,0.00000000e+00,4.89053242e-13,0.000000,4.89053242e-13,4.89192020e-13,1.794439e+02,false,0.000000e+00,0.000000e+00,0.000000e+00,0.000000,NaN,2796.2
10,3-8,2,1024,yes,2.625677e-14,Z1,0.4874821653,0.00000000e+00,2.25702796e-03,0.000000,2.25702796e-03,4.39413553e-04,1.794439e+02,false,0.000000e+00,0.000000e+00,0.000000e+00,0.000000,NaN,2796.2
10,3-8,2,1024,yes,2.625677e-14,Z2,-0.3236673269,0.00000000e+00,3.77036242e-03,0.000000,3.77036242e-03,8.15931825e-03,1.794439e+02,false,0.000000e+00,0.000000e+00,0.000000e+00,0.000000,NaN,2796.2
10,3-8,2,1024,yes,2.625677e-14,Z3,0.2835709018,0.00000000e+00,5.53829456e-03,0.000000,5.53829456e-03,1.38027543e-02,1.794439e+02,false,0.000000e+00,0.000000e+00,0.000000e+00,0.000000,NaN,2796.2
10,3-8,2,1024,yes,2.625677e-14,Z4,0.0405787558,0.00000000e+00,4.34581158e-03,0.000000,4.34581158e-03,1.00376356e-02,1.794439e+02,false,0.000000e+00,0.000000e+00,0.000000e+00,0.000000,NaN,2796.2
10,3-8,2,1024,yes,2.625677e-14,Z5,-0.1382385710,0.00000000e+00,8.87655895e-04,0.000000,8.87655895e-04,3.81665903e-03,1.794439e+02,false,0.000000e+00,0.000000e+00,0.000000e+00,0.000000,NaN,2796.2
10,3-8,2,1024,yes,2.625677e-14,Z6,0.2938451310,0.00000000e+00,3.13192958e-03,0.000000,3.13192958e-03,1.87903689e-02,1.794439e+02,false,0.000000e+00,0.000000e+00,0.000000e+00,0.000000,NaN,2796.2
10,3-8,2,1024,yes,2.625677e-14,Z7,-0.1656735797,0.00000000e+00,2.24101070e-03,0.000000,2.24101070e-03,1.56259245e-02,1.794439e+02,false,0.000000e+00,0.000000e+00,0.000000e+00,0.000000,NaN,2796.2
10,3-8,2,1024,yes,2.625677e-14,Z8,0.3774946096,0.00000000e+00,7.12632710e-04,0.000000,7.12632710e-04,2.02544474e-03,1.794439e+02,false,0.000000e+00,0.000000e+00,0.000000e+00,0.000000,NaN,2796.2
10,3-8,2,1024,yes,2.625677e-14,Z9,-0.2147906720,0.00000000e+00,4.12189271e-03,0.000000,4.12189271e-03,6.72589228e-04,1.794439e+02,false,0.000000e+00,0.000000e+00,0.000000e+00,0.000000,NaN,2796.2
10,3-8,2,1024,yes,2.625677e-14,Z10,0.7523188220,0.00000000e+00,3.72684850e-03,0.000000,3.72684850e-03,1.22887450e-02,1.794439e+02,false,0.000000e+00,0.000000e+00,0.000000e+00,0.000000,NaN,2796.2
