label,n,gamma,Jmean,dissipation,order,maxdim,cutoff,dt,t,S_op_mid,S_op_max,S_half_mid,linkdim_mid,linkdim_max,chi_req_mid_1e-06,chi_req_mid_1e-10,chi_req_max_1e-06,chi_req_max_1e-10,trace_re,trace_im,purity,z_mid_re,ceiling_mid,saturated
g0p200_closed_n8,8,0.200000,0.500000,false,2,256,1.000e-12,0.02000,0.000000,0.0000000000,0.0000000000,0.0000000000,1,1,1,1,1,1,1.0000000000,0.000e+00,1.0000000000,1.0000000000,256,false
g0p200_closed_n8,8,0.200000,0.500000,false,2,256,1.000e-12,0.02000,0.250000,0.2258247335,0.2293160393,0.6456258656,15,15,7,14,7,14,0.9999760964,4.633e-08,1.0000478089,0.9397741695,256,false
g0p200_closed_n8,8,0.200000,0.500000,false,2,256,1.000e-12,0.02000,0.500000,0.6175141227,0.6447523215,1.1914987884,32,32,12,26,12,26,0.9999575242,-3.580e-08,1.0001327698,0.7836554017,256,false
g0p200_closed_n8,8,0.200000,0.500000,false,2,256,1.000e-12,0.02000,0.750000,1.0219639704,1.0723252444,1.6941722136,53,53,20,46,20,46,0.9999812757,-3.475e-09,1.0001702244,0.5913599493,256,false
g0p200_closed_n8,8,0.200000,0.500000,false,2,256,1.000e-12,0.02000,1.000000,1.4149338794,1.4267097778,2.1774159578,84,84,30,72,30,72,0.9999626791,-1.828e-07,1.0002448831,0.4246321749,256,false
g0p200_closed_n8,8,0.200000,0.500000,false,2,256,1.000e-12,0.02000,1.250000,1.7991147821,1.8118834190,2.6446629906,120,120,47,106,47,106,0.9999734430,-1.984e-07,1.0002980120,0.3169281610,256,false
g0p200_closed_n8,8,0.200000,0.500000,false,2,256,1.000e-12,0.02000,1.500000,2.1684708702,2.1770431643,3.0978859638,158,158,72,146,72,146,0.9999601974,-3.480e-07,1.0003776456,0.2638463649,256,false
g0p200_closed_n8,8,0.200000,0.500000,false,2,256,1.000e-12,0.02000,1.750000,2.5213186899,2.5527265315,3.5417777709,195,195,102,181,102,181,0.9999629704,1.053e-06,1.0004517368,0.2366813919,256,false
g0p200_closed_n8,8,0.200000,0.500000,false,2,256,1.000e-12,0.02000,2.000000,2.8622832682,2.9297281586,3.9779532198,219,219,132,210,132,210,0.9999712907,3.160e-07,1.0005091839,0.2067644380,256,false
g0p200_closed_n8,8,0.200000,0.500000,false,2,256,1.000e-12,0.02000,2.250000,3.1936135147,3.2791613132,4.3996453600,235,235,162,228,162,228,0.9999955298,-1.221e-07,1.0005181288,0.1636762069,256,false
g0p200_closed_n8,8,0.200000,0.500000,false,2,256,1.000e-12,0.02000,2.500000,3.5101946513,3.5550070751,4.7862545602,244,244,186,240,186,240,0.9999987079,4.166e-08,1.0005207142,0.1173133805,256,false
g0p200_closed_n8,8,0.200000,0.500000,false,2,256,1.000e-12,0.02000,2.750000,3.7873894544,3.7873894544,5.1017997790,248,248,204,247,204,247,0.9999953432,7.497e-08,1.0005300326,0.0862108489,256,false
g0p200_closed_n8,8,0.200000,0.500000,false,2,256,1.000e-12,0.02000,3.000000,3.9779136281,3.9779136281,5.3050437103,251,251,213,250,213,250,0.9999905119,-5.068e-07,1.0005490192,0.0824254303,256,false
g0p200_closed_n8,8,0.200000,0.500000,false,2,256,1.000e-12,0.02000,3.250000,4.0476118308,4.0476118308,5.3675754077,252,252,219,251,219,251,0.9999986418,2.968e-08,1.0005517370,0.1032172999,256,false
g0p200_closed_n8,8,0.200000,0.500000,false,2,256,1.000e-12,0.02000,3.500000,4.0321108921,4.0321108921,5.2978110483,253,253,221,251,221,251,0.9999982514,2.509e-08,1.0005552362,0.1332145163,256,false
g0p200_closed_n8,8,0.200000,0.500000,false,2,256,1.000e-12,0.02000,3.750000,4.0630869682,4.0630869682,5.2614830313,253,253,219,251,219,251,0.9999983504,1.025e-08,1.0005585373,0.1534924531,256,false
g0p200_closed_n8,8,0.200000,0.500000,false,2,256,1.000e-12,0.02000,4.000000,4.1847496765,4.1847496765,5.3005993689,253,253,209,251,209,251,0.9999994771,-1.257e-07,1.0005595837,0.1510583907,256,false
g0p200_closed_n8,8,0.200000,0.500000,false,2,256,1.000e-12,0.02000,4.250000,4.3346751756,4.3346751756,5.4202979118,253,253,216,253,216,253,0.9999988504,-3.700e-08,1.0005618842,0.1235398983,256,false
g0p200_closed_n8,8,0.200000,0.500000,false,2,256,1.000e-12,0.02000,4.500000,4.4473816632,4.4473816632,5.4629369442,253,253,210,252,210,252,0.9999988057,-4.358e-08,1.0005642742,0.0776973396,256,false
g0p200_closed_n8,8,0.200000,0.500000,false,2,256,1.000e-12,0.02000,4.750000,4.4992649175,4.4992649175,5.4542349126,252,252,196,247,196,247,0.9999990031,5.299e-08,1.0005662692,0.0239860574,256,false
g0p200_closed_n8,8,0.200000,0.500000,false,2,256,1.000e-12,0.02000,5.000000,4.4831182364,4.4831182364,5.4282862642,252,252,199,251,199,251,0.9999986011,-4.022e-08,1.0005690685,-0.0286610417,256,false
g0p200_closed_n8,8,0.200000,0.500000,false,2,256,1.000e-12,0.02000,5.250000,4.3942807907,4.3942807907,5.3491393729,252,252,201,252,201,252,0.9999923724,-3.158e-08,1.0005843326,-0.0744015241,256,false
g0p200_closed_n8,8,0.200000,0.500000,false,2,256,1.000e-12,0.02000,5.500000,4.2378278277,4.2378278277,5.2053514547,252,252,197,250,197,250,0.9999894733,-2.756e-08,1.0006053986,-0.1083027381,256,false
g0p200_closed_n8,8,0.200000,0.500000,false,2,256,1.000e-12,0.02000,5.750000,4.0387522933,4.0387522933,5.0017814146,252,252,184,248,184,248,0.9999946878,3.947e-08,1.0006160295,-0.1240700870,256,false
g0p200_closed_n8,8,0.200000,0.500000,false,2,256,1.000e-12,0.02000,6.000000,3.8540318501,3.8540318501,4.8178938571,252,252,179,248,179,248,1.0000014096,-2.966e-07,1.0006132086,-0.1158909804,256,false
g0p200_closed_n8,8,0.200000,0.500000,false,2,256,1.000e-12,0.02000,6.250000,3.7563567472,3.7563567472,4.8047221960,252,252,194,251,194,251,0.9999947353,1.458e-07,1.0006237446,-0.0844761495,256,false
g0p200_closed_n8,8,0.200000,0.500000,false,2,256,1.000e-12,0.02000,6.500000,3.7352684622,3.7352684622,4.8956771341,252,252,203,251,203,251,0.9999937142,-9.071e-08,1.0006363240,-0.0421265473,256,false
g0p200_closed_n8,8,0.200000,0.500000,false,2,256,1.000e-12,0.02000,6.750000,3.7166819080,3.7166819080,4.9122298177,252,252,200,250,200,250,0.9999980373,-1.370e-07,1.0006402518,-0.0106796614,256,false
g0p200_closed_n8,8,0.200000,0.500000,false,2,256,1.000e-12,0.02000,7.000000,3.6841649298,3.6841649298,4.9014572227,252,252,199,251,199,251,1.0000023873,-1.242e-07,1.0006354742,-0.0115869751,256,false
g0p200_closed_n8,8,0.200000,0.500000,false,2,256,1.000e-12,0.02000,7.250000,3.6552207828,3.6552207828,4.9977382992,252,252,204,252,204,252,1.0000036059,5.081e-08,1.0006282579,-0.0543681116,256,false
g0p200_closed_n8,8,0.200000,0.500000,false,2,256,1.000e-12,0.02000,7.500000,3.5530790005,3.5530790005,5.0054058702,252,252,203,251,203,251,1.0000038339,4.639e-08,1.0006205854,-0.1318757216,256,false
g0p200_closed_n8,8,0.200000,0.500000,false,2,256,1.000e-12,0.02000,7.750000,3.3393156423,3.4709636308,4.8775380190,252,252,198,250,198,250,1.0000018550,-2.352e-08,1.0006168731,-0.2258203363,256,false
g0p200_closed_n8,8,0.200000,0.500000,false,2,256,1.000e-12,0.02000,8.000000,3.0735610806,3.4572661866,4.6676522890,252,252,192,251,192,251,1.0000027520,-2.652e-08,1.0006113657,-0.3180602606,256,false
g0p200_closed_n8,8,0.200000,0.500000,false,2,256,1.000e-12,0.02000,8.250000,2.8772169974,3.3984964002,4.4929366657,252,252,185,249,185,249,0.9999957730,2.919e-07,1.0006198248,-0.3991200621,256,false
g0p200_closed_n8,8,0.200000,0.500000,false,2,256,1.000e-12,0.02000,8.500000,2.8445399664,3.2914164224,4.4843027184,252,252,190,250,190,250,0.9999970594,1.493e-08,1.0006257096,-0.4687273973,256,false
g0p200_closed_n8,8,0.200000,0.500000,false,2,256,1.000e-12,0.02000,8.750000,2.9644379607,3.1407904809,4.6442677495,252,252,198,251,198,251,0.9999973760,-5.127e-08,1.0006309609,-0.5302460323,256,false
g0p200_closed_n8,8,0.200000,0.500000,false,2,256,1.000e-12,0.02000,9.000000,3.1274381238,3.1274381238,4.8229515956,253,253,206,252,206,252,0.9999951683,-7.936e-07,1.0006406304,-0.5849998789,256,false
g0p200_closed_n8,8,0.200000,0.500000,false,2,256,1.000e-12,0.02000,9.250000,3.2461039550,3.2461039550,4.9258739566,253,253,212,252,212,252,0.9999987234,7.246e-07,1.0006431852,-0.6303560966,256,false
g0p200_closed_n8,8,0.200000,0.500000,false,2,256,1.000e-12,0.02000,9.500000,3.3000421792,3.3000421792,4.9593370001,253,253,215,252,215,252,0.9999989596,-1.478e-08,1.0006452673,-0.6608423364,256,false
g0p200_closed_n8,8,0.200000,0.500000,false,2,256,1.000e-12,0.02000,9.750000,3.3172280542,3.3172280542,4.9595987292,253,253,212,253,212,253,0.9999984013,-5.638e-07,1.0006484669,-0.6700929192,256,false
g0p200_closed_n8,8,0.200000,0.500000,false,2,256,1.000e-12,0.02000,10.000000,3.3415417108,3.3415417108,4.9735336298,253,253,209,251,209,251,0.9999978805,-3.200e-08,1.0006527087,-0.6532922941,256,false
