label,n,gamma,Jmean,dissipation,order,maxdim,cutoff,dt,t,bond,S_op_bond,S_half_bond,linkdim_bond,chi_req_1e-06,chi_req_1e-10,ceiling_bond
g0p200_closed_n20,20,0.200000,0.500000,false,2,256,1.000e-12,0.02000,0.000000,1,0.0000000000,0.0000000000,1,1,1,4
g0p200_closed_n20,20,0.200000,0.500000,false,2,256,1.000e-12,0.02000,0.000000,2,0.0000000000,0.0000000000,1,1,1,16
g0p200_closed_n20,20,0.200000,0.500000,false,2,256,1.000e-12,0.02000,0.000000,3,0.0000000000,0.0000000000,1,1,1,64
g0p200_closed_n20,20,0.200000,0.500000,false,2,256,1.000e-12,0.02000,0.000000,4,0.0000000000,0.0000000000,1,1,1,256
g0p200_closed_n20,20,0.200000,0.500000,false,2,256,1.000e-12,0.02000,0.000000,5,0.0000000000,0.0000000000,1,1,1,1024
g0p200_closed_n20,20,0.200000,0.500000,false,2,256,1.000e-12,0.02000,0.000000,6,0.0000000000,0.0000000000,1,1,1,4096
g0p200_closed_n20,20,0.200000,0.500000,false,2,256,1.000e-12,0.02000,0.000000,7,0.0000000000,0.0000000000,1,1,1,16384
g0p200_closed_n20,20,0.200000,0.500000,false,2,256,1.000e-12,0.02000,0.000000,8,0.0000000000,0.0000000000,1,1,1,65536
g0p200_closed_n20,20,0.200000,0.500000,false,2,256,1.000e-12,0.02000,0.000000,9,0.0000000000,0.0000000000,1,1,1,262144
g0p200_closed_n20,20,0.200000,0.500000,false,2,256,1.000e-12,0.02000,0.000000,10,0.0000000000,0.0000000000,1,1,1,1048576
g0p200_closed_n20,20,0.200000,0.500000,false,2,256,1.000e-12,0.02000,0.000000,11,0.0000000000,0.0000000000,1,1,1,262144
g0p200_closed_n20,20,0.200000,0.500000,false,2,256,1.000e-12,0.02000,0.000000,12,0.0000000000,0.0000000000,1,1,1,65536
g0p200_closed_n20,20,0.200000,0.500000,false,2,256,1.000e-12,0.02000,0.000000,13,0.0000000000,0.0000000000,1,1,1,16384
g0p200_closed_n20,20,0.200000,0.500000,false,2,256,1.000e-12,0.02000,0.000000,14,0.0000000000,0.0000000000,1,1,1,4096
g0p200_closed_n20,20,0.200000,0.500000,false,2,256,1.000e-12,0.02000,0.000000,15,0.0000000000,0.0000000000,1,1,1,1024
g0p200_closed_n20,20,0.200000,0.500000,false,2,256,1.000e-12,0.02000,0.000000,16,0.0000000000,0.0000000000,1,1,1,256
g0p200_closed_n20,20,0.200000,0.500000,false,2,256,1.000e-12,0.02000,0.000000,17,0.0000000000,0.0000000000,1,1,1,64
g0p200_closed_n20,20,0.200000,0.500000,false,2,256,1.000e-12,0.02000,0.000000,18,0.0000000000,0.0000000000,1,1,1,16
g0p200_closed_n20,20,0.200000,0.500000,false,2,256,1.000e-12,0.02000,0.000000,19,0.0000000000,0.0000000000,1,1,1,4
g0p200_closed_n20,20,0.200000,0.500000,false,2,256,1.000e-12,0.02000,0.250000,1,0.2293160393,0.6349112384,4,4,4,4
g0p200_closed_n20,20,0.200000,0.500000,false,2,256,1.000e-12,0.02000,0.250000,2,0.2258059691,0.6456450211,13,7,12,16
g0p200_closed_n20,20,0.200000,0.500000,false,2,256,1.000e-12,0.02000,0.250000,3,0.2257394188,0.6455405084,14,7,13,64
g0p200_closed_n20,20,0.200000,0.500000,false,2,256,1.000e-12,0.02000,0.250000,4,0.2258247337,0.6456258649,15,7,14,256
g0p200_closed_n20,20,0.200000,0.500000,false,2,256,1.000e-12,0.02000,0.250000,5,0.2257393110,0.6455405274,14,7,13,1024
g0p200_closed_n20,20,0.200000,0.500000,false,2,256,1.000e-12,0.02000,0.250000,6,0.2258247338,0.6456258643,15,7,14,4096
g0p200_closed_n20,20,0.200000,0.500000,false,2,256,1.000e-12,0.02000,0.250000,7,0.2257393110,0.6455405274,14,7,13,16384
g0p200_closed_n20,20,0.200000,0.500000,false,2,256,1.000e-12,0.02000,0.250000,8,0.2258247338,0.6456258643,15,7,14,65536
g0p200_closed_n20,20,0.200000,0.500000,false,2,256,1.000e-12,0.02000,0.250000,9,0.2257393110,0.6455405274,14,7,13,262144
g0p200_closed_n20,20,0.200000,0.500000,false,2,256,1.000e-12,0.02000,0.250000,10,0.2258247338,0.6456258643,15,7,14,1048576
g0p200_closed_n20,20,0.200000,0.500000,false,2,256,1.000e-12,0.02000,0.250000,11,0.2257393110,0.6455405274,14,7,13,262144
g0p200_closed_n20,20,0.200000,0.500000,false,2,256,1.000e-12,0.02000,0.250000,12,0.2258247338,0.6456258643,15,7,14,65536
g0p200_closed_n20,20,0.200000,0.500000,false,2,256,1.000e-12,0.02000,0.250000,13,0.2257393110,0.6455405274,14,7,13,16384
g0p200_closed_n20,20,0.200000,0.500000,false,2,256,1.000e-12,0.02000,0.250000,14,0.2258247338,0.6456258643,15,7,14,4096
g0p200_closed_n20,20,0.200000,0.500000,false,2,256,1.000e-12,0.02000,0.250000,15,0.2257393110,0.6455405274,14,7,13,1024
g0p200_closed_n20,20,0.200000,0.500000,false,2,256,1.000e-12,0.02000,0.250000,16,0.2258247337,0.6456258649,15,7,14,256
g0p200_closed_n20,20,0.200000,0.500000,false,2,256,1.000e-12,0.02000,0.250000,17,0.2257394188,0.6455405084,14,7,13,64
g0p200_closed_n20,20,0.200000,0.500000,false,2,256,1.000e-12,0.02000,0.250000,18,0.2258059691,0.6456450211,13,7,12,16
g0p200_closed_n20,20,0.200000,0.500000,false,2,256,1.000e-12,0.02000,0.250000,19,0.2293160393,0.6349112384,4,4,4,4
g0p200_closed_n20,20,0.200000,0.500000,false,2,256,1.000e-12,0.02000,0.500000,1,0.6447523215,1.1120860291,4,4,4,4
g0p200_closed_n20,20,0.200000,0.500000,false,2,256,1.000e-12,0.02000,0.500000,2,0.6170654973,1.1912281253,16,12,16,16
g0p200_closed_n20,20,0.200000,0.500000,false,2,256,1.000e-12,0.02000,0.500000,3,0.6173389839,1.1913419758,28,12,26,64
g0p200_closed_n20,20,0.200000,0.500000,false,2,256,1.000e-12,0.02000,0.500000,4,0.6175141769,1.1914987447,32,12,26,256
g0p200_closed_n20,20,0.200000,0.500000,false,2,256,1.000e-12,0.02000,0.500000,5,0.6173264466,1.1913306439,29,12,26,1024
g0p200_closed_n20,20,0.200000,0.500000,false,2,256,1.000e-12,0.02000,0.500000,6,0.6175142311,1.1914987006,32,12,26,4096
g0p200_closed_n20,20,0.200000,0.500000,false,2,256,1.000e-12,0.02000,0.500000,7,0.6173264458,1.1913306411,29,12,26,16384
g0p200_closed_n20,20,0.200000,0.500000,false,2,256,1.000e-12,0.02000,0.500000,8,0.6175142311,1.1914987006,32,12,26,65536
g0p200_closed_n20,20,0.200000,0.500000,false,2,256,1.000e-12,0.02000,0.500000,9,0.6173264458,1.1913306411,29,12,26,262144
g0p200_closed_n20,20,0.200000,0.500000,false,2,256,1.000e-12,0.02000,0.500000,10,0.6175142311,1.1914987006,32,12,26,1048576
g0p200_closed_n20,20,0.200000,0.500000,false,2,256,1.000e-12,0.02000,0.500000,11,0.6173264458,1.1913306411,29,12,26,262144
g0p200_closed_n20,20,0.200000,0.500000,false,2,256,1.000e-12,0.02000,0.500000,12,0.6175142311,1.1914987006,32,12,26,65536
g0p200_closed_n20,20,0.200000,0.500000,false,2,256,1.000e-12,0.02000,0.500000,13,0.6173264458,1.1913306411,29,12,26,16384
g0p200_closed_n20,20,0.200000,0.500000,false,2,256,1.000e-12,0.02000,0.500000,14,0.6175142311,1.1914987006,32,12,26,4096
g0p200_closed_n20,20,0.200000,0.500000,false,2,256,1.000e-12,0.02000,0.500000,15,0.6173264466,1.1913306439,29,12,26,1024
g0p200_closed_n20,20,0.200000,0.500000,false,2,256,1.000e-12,0.02000,0.500000,16,0.6175141769,1.1914987447,32,12,26,256
g0p200_closed_n20,20,0.200000,0.500000,false,2,256,1.000e-12,0.02000,0.500000,17,0.6173389839,1.1913419758,28,12,26,64
g0p200_closed_n20,20,0.200000,0.500000,false,2,256,1.000e-12,0.02000,0.500000,18,0.6170654973,1.1912281253,16,12,16,16
g0p200_closed_n20,20,0.200000,0.500000,false,2,256,1.000e-12,0.02000,0.500000,19,0.6447523215,1.1120860291,4,4,4,4
g0p200_closed_n20,20,0.200000,0.500000,false,2,256,1.000e-12,0.02000,0.750000,1,1.0723252444,1.4544425567,4,4,4,4
g0p200_closed_n20,20,0.200000,0.500000,false,2,256,1.000e-12,0.02000,0.750000,2,1.0214209900,1.6894267564,16,14,16,16
g0p200_closed_n20,20,0.200000,0.500000,false,2,256,1.000e-12,0.02000,0.750000,3,1.0218580168,1.6940239556,42,20,38,64
g0p200_closed_n20,20,0.200000,0.500000,false,2,256,1.000e-12,0.02000,0.750000,4,1.0219631158,1.6941661903,53,20,46,256
g0p200_closed_n20,20,0.200000,0.500000,false,2,256,1.000e-12,0.02000,0.750000,5,1.0217358519,1.6939520987,48,20,43,1024
g0p200_closed_n20,20,0.200000,0.500000,false,2,256,1.000e-12,0.02000,0.750000,6,1.0219622554,1.6941601853,53,20,46,4096
g0p200_closed_n20,20,0.200000,0.500000,false,2,256,1.000e-12,0.02000,0.750000,7,1.0217358118,1.6939519871,48,20,43,16384
g0p200_closed_n20,20,0.200000,0.500000,false,2,256,1.000e-12,0.02000,0.750000,8,1.0219622552,1.6941601836,53,20,46,65536
g0p200_closed_n20,20,0.200000,0.500000,false,2,256,1.000e-12,0.02000,0.750000,9,1.0217358117,1.6939519871,48,20,43,262144
g0p200_closed_n20,20,0.200000,0.500000,false,2,256,1.000e-12,0.02000,0.750000,10,1.0219622552,1.6941601836,53,20,46,1048576
g0p200_closed_n20,20,0.200000,0.500000,false,2,256,1.000e-12,0.02000,0.750000,11,1.0217358117,1.6939519871,48,20,43,262144
g0p200_closed_n20,20,0.200000,0.500000,false,2,256,1.000e-12,0.02000,0.750000,12,1.0219622552,1.6941601836,53,20,46,65536
g0p200_closed_n20,20,0.200000,0.500000,false,2,256,1.000e-12,0.02000,0.750000,13,1.0217358118,1.6939519871,48,20,43,16384
g0p200_closed_n20,20,0.200000,0.500000,false,2,256,1.000e-12,0.02000,0.750000,14,1.0219622554,1.6941601853,53,20,46,4096
g0p200_closed_n20,20,0.200000,0.500000,false,2,256,1.000e-12,0.02000,0.750000,15,1.0217358519,1.6939520987,48,20,43,1024
g0p200_closed_n20,20,0.200000,0.500000,false,2,256,1.000e-12,0.02000,0.750000,16,1.0219631158,1.6941661903,53,20,46,256
g0p200_closed_n20,20,0.200000,0.500000,false,2,256,1.000e-12,0.02000,0.750000,17,1.0218580168,1.6940239556,42,20,38,64
g0p200_closed_n20,20,0.200000,0.500000,false,2,256,1.000e-12,0.02000,0.750000,18,1.0214209900,1.6894267564,16,14,16,16
g0p200_closed_n20,20,0.200000,0.500000,false,2,256,1.000e-12,0.02000,0.750000,19,1.0723252444,1.4544425567,4,4,4,4
g0p200_closed_n20,20,0.200000,0.500000,false,2,256,1.000e-12,0.02000,1.000000,1,1.4267097776,1.6856525931,4,4,4,4
g0p200_closed_n20,20,0.200000,0.500000,false,2,256,1.000e-12,0.02000,1.000000,2,1.4200602128,2.1490005017,16,16,16,16
g0p200_closed_n20,20,0.200000,0.500000,false,2,256,1.000e-12,0.02000,1.000000,3,1.4151007227,2.1774135876,51,29,49,64
g0p200_closed_n20,20,0.200000,0.500000,false,2,256,1.000e-12,0.02000,1.000000,4,1.4148979949,2.1773574907,84,30,72,256
g0p200_closed_n20,20,0.200000,0.500000,false,2,256,1.000e-12,0.02000,1.000000,5,1.4146526484,2.1770638269,76,29,66,1024
g0p200_closed_n20,20,0.200000,0.500000,false,2,256,1.000e-12,0.02000,1.000000,6,1.4148618712,2.1773147063,87,30,73,4096
g0p200_closed_n20,20,0.200000,0.500000,false,2,256,1.000e-12,0.02000,1.000000,7,1.4146521815,2.1770615351,76,29,67,16384
g0p200_closed_n20,20,0.200000,0.500000,false,2,256,1.000e-12,0.02000,1.000000,8,1.4148618464,2.1773146400,87,30,73,65536
g0p200_closed_n20,20,0.200000,0.500000,false,2,256,1.000e-12,0.02000,1.000000,9,1.4146521814,2.1770615347,76,29,67,262144
g0p200_closed_n20,20,0.200000,0.500000,false,2,256,1.000e-12,0.02000,1.000000,10,1.4148618463,2.1773146400,87,30,73,1048576
g0p200_closed_n20,20,0.200000,0.500000,false,2,256,1.000e-12,0.02000,1.000000,11,1.4146521814,2.1770615347,76,29,67,262144
g0p200_closed_n20,20,0.200000,0.500000,false,2,256,1.000e-12,0.02000,1.000000,12,1.4148618464,2.1773146400,87,30,73,65536
g0p200_closed_n20,20,0.200000,0.500000,false,2,256,1.000e-12,0.02000,1.000000,13,1.4146521815,2.1770615351,76,29,67,16384
g0p200_closed_n20,20,0.200000,0.500000,false,2,256,1.000e-12,0.02000,1.000000,14,1.4148618712,2.1773147063,87,30,73,4096
g0p200_closed_n20,20,0.200000,0.500000,false,2,256,1.000e-12,0.02000,1.000000,15,1.4146526484,2.1770638269,76,29,66,1024
g0p200_closed_n20,20,0.200000,0.500000,false,2,256,1.000e-12,0.02000,1.000000,16,1.4148979949,2.1773574907,84,30,72,256
g0p200_closed_n20,20,0.200000,0.500000,false,2,256,1.000e-12,0.02000,1.000000,17,1.4151007227,2.1774135876,51,29,49,64
g0p200_closed_n20,20,0.200000,0.500000,false,2,256,1.000e-12,0.02000,1.000000,18,1.4200602128,2.1490005017,16,16,16,16
g0p200_closed_n20,20,0.200000,0.500000,false,2,256,1.000e-12,0.02000,1.000000,19,1.4267097776,1.6856525931,4,4,4,4
g0p200_closed_n20,20,0.200000,0.500000,false,2,256,1.000e-12,0.02000,1.250000,1,1.6766601978,1.8301306814,4,4,4,4
g0p200_closed_n20,20,0.200000,0.500000,false,2,256,1.000e-12,0.02000,1.250000,2,1.8118828010,2.5437289720,16,16,16,16
g0p200_closed_n20,20,0.200000,0.500000,false,2,256,1.000e-12,0.02000,1.250000,3,1.8004418666,2.6447066814,58,40,57,64
g0p200_closed_n20,20,0.200000,0.500000,false,2,256,1.000e-12,0.02000,1.250000,4,1.7988652501,2.6443675232,119,47,105,256
g0p200_closed_n20,20,0.200000,0.500000,false,2,256,1.000e-12,0.02000,1.250000,5,1.7984515158,2.6439996657,119,46,105,1024
g0p200_closed_n20,20,0.200000,0.500000,false,2,256,1.000e-12,0.02000,1.250000,6,1.7986132592,2.6442714366,134,46,114,4096
g0p200_closed_n20,20,0.200000,0.500000,false,2,256,1.000e-12,0.02000,1.250000,7,1.7984435823,2.6439679242,118,46,105,16384
g0p200_closed_n20,20,0.200000,0.500000,false,2,256,1.000e-12,0.02000,1.250000,8,1.7986128538,2.6442709300,134,46,114,65536
g0p200_closed_n20,20,0.200000,0.500000,false,2,256,1.000e-12,0.02000,1.250000,9,1.7984435749,2.6439678917,118,46,105,262144
g0p200_closed_n20,20,0.200000,0.500000,false,2,256,1.000e-12,0.02000,1.250000,10,1.7986128537,2.6442709296,134,46,114,1048576
g0p200_closed_n20,20,0.200000,0.500000,false,2,256,1.000e-12,0.02000,1.250000,11,1.7984435749,2.6439678917,118,46,105,262144
g0p200_closed_n20,20,0.200000,0.500000,false,2,256,1.000e-12,0.02000,1.250000,12,1.7986128538,2.6442709300,134,46,114,65536
g0p200_closed_n20,20,0.200000,0.500000,false,2,256,1.000e-12,0.02000,1.250000,13,1.7984435823,2.6439679242,118,46,105,16384
g0p200_closed_n20,20,0.200000,0.500000,false,2,256,1.000e-12,0.02000,1.250000,14,1.7986132592,2.6442714366,134,46,114,4096
g0p200_closed_n20,20,0.200000,0.500000,false,2,256,1.000e-12,0.02000,1.250000,15,1.7984515158,2.6439996657,119,46,105,1024
g0p200_closed_n20,20,0.200000,0.500000,false,2,256,1.000e-12,0.02000,1.250000,16,1.7988652501,2.6443675232,119,47,105,256
g0p200_closed_n20,20,0.200000,0.500000,false,2,256,1.000e-12,0.02000,1.250000,17,1.8004418666,2.6447066814,58,40,57,64
g0p200_closed_n20,20,0.200000,0.500000,false,2,256,1.000e-12,0.02000,1.250000,18,1.8118828010,2.5437289720,16,16,16,16
g0p200_closed_n20,20,0.200000,0.500000,false,2,256,1.000e-12,0.02000,1.250000,19,1.6766601978,1.8301306814,4,4,4,4
g0p200_closed_n20,20,0.200000,0.500000,false,2,256,1.000e-12,0.02000,1.500000,1,1.8285691320,1.9120703504,4,4,4,4
g0p200_closed_n20,20,0.200000,0.500000,false,2,256,1.000e-12,0.02000,1.500000,2,2.1554412966,2.8424938442,16,16,16,16
g0p200_closed_n20,20,0.200000,0.500000,false,2,256,1.000e-12,0.02000,1.500000,3,2.1769342946,3.0940377660,61,49,61,64
g0p200_closed_n20,20,0.200000,0.500000,false,2,256,1.000e-12,0.02000,1.500000,4,2.1678339249,3.0967391698,155,71,142,256
g0p200_closed_n20,20,0.200000,0.500000,false,2,256,1.000e-12,0.02000,1.500000,5,2.1671719347,3.0965982870,182,70,158,1024
g0p200_closed_n20,20,0.200000,0.500000,false,2,256,1.000e-12,0.02000,1.500000,6,2.1672009859,3.0967790319,208,70,176,4096
g0p200_closed_n20,20,0.200000,0.500000,false,2,256,1.000e-12,0.02000,1.500000,7,2.1670660463,3.0964087110,185,70,158,16384
g0p200_closed_n20,20,0.200000,0.500000,false,2,256,1.000e-12,0.02000,1.500000,8,2.1671992811,3.0967754688,207,70,176,65536
g0p200_closed_n20,20,0.200000,0.500000,false,2,256,1.000e-12,0.02000,1.500000,9,2.1670658169,3.0964082020,185,70,158,262144
g0p200_closed_n20,20,0.200000,0.500000,false,2,256,1.000e-12,0.02000,1.500000,10,2.1671992800,3.0967754640,207,70,176,1048576
g0p200_closed_n20,20,0.200000,0.500000,false,2,256,1.000e-12,0.02000,1.500000,11,2.1670658169,3.0964082020,185,70,158,262144
g0p200_closed_n20,20,0.200000,0.500000,false,2,256,1.000e-12,0.02000,1.500000,12,2.1671992811,3.0967754688,207,70,176,65536
g0p200_closed_n20,20,0.200000,0.500000,false,2,256,1.000e-12,0.02000,1.500000,13,2.1670660463,3.0964087110,185,70,158,16384
g0p200_closed_n20,20,0.200000,0.500000,false,2,256,1.000e-12,0.02000,1.500000,14,2.1672009859,3.0967790318,208,70,176,4096
g0p200_closed_n20,20,0.200000,0.500000,false,2,256,1.000e-12,0.02000,1.500000,15,2.1671719347,3.0965982870,182,70,158,1024
g0p200_closed_n20,20,0.200000,0.500000,false,2,256,1.000e-12,0.02000,1.500000,16,2.1678339249,3.0967391698,155,71,142,256
g0p200_closed_n20,20,0.200000,0.500000,false,2,256,1.000e-12,0.02000,1.500000,17,2.1769342946,3.0940377660,61,49,61,64
g0p200_closed_n20,20,0.200000,0.500000,false,2,256,1.000e-12,0.02000,1.500000,18,2.1554412966,2.8424938442,16,16,16,16
g0p200_closed_n20,20,0.200000,0.500000,false,2,256,1.000e-12,0.02000,1.500000,19,1.8285691320,1.9120703504,4,4,4,4
g0p200_closed_n20,20,0.200000,0.500000,false,2,256,1.000e-12,0.02000,1.750000,1,1.9079844319,1.9533668983,4,4,4,4
g0p200_closed_n20,20,0.200000,0.500000,false,2,256,1.000e-12,0.02000,1.750000,2,2.3964234590,3.0331661113,16,16,16,16
g0p200_closed_n20,20,0.200000,0.500000,false,2,256,1.000e-12,0.02000,1.750000,3,2.5518887848,3.5159116717,63,54,63,64
g0p200_closed_n20,20,0.200000,0.500000,false,2,256,1.000e-12,0.02000,1.750000,4,2.5210170222,3.5379260885,192,100,177,256
g0p200_closed_n20,20,0.200000,0.500000,false,2,256,1.000e-12,0.02000,1.750000,5,2.5215610973,3.5392400400,256,106,236,1024
g0p200_closed_n20,20,0.200000,0.500000,false,2,256,1.000e-12,0.02000,1.750000,6,2.5209428289,3.5389364280,256,106,251,4096
g0p200_closed_n20,20,0.200000,0.500000,false,2,256,1.000e-12,0.02000,1.750000,7,2.5208232721,3.5385399377,256,106,240,16384
g0p200_closed_n20,20,0.200000,0.500000,false,2,256,1.000e-12,0.02000,1.750000,8,2.5209459936,3.5389062884,256,106,250,65536
g0p200_closed_n20,20,0.200000,0.500000,false,2,256,1.000e-12,0.02000,1.750000,9,2.5208202330,3.5385361535,256,106,240,262144
g0p200_closed_n20,20,0.200000,0.500000,false,2,256,1.000e-12,0.02000,1.750000,10,2.5209460089,3.5389061995,256,106,250,1048576
g0p200_closed_n20,20,0.200000,0.500000,false,2,256,1.000e-12,0.02000,1.750000,11,2.5208202330,3.5385361535,256,106,240,262144
g0p200_closed_n20,20,0.200000,0.500000,false,2,256,1.000e-12,0.02000,1.750000,12,2.5209459936,3.5389062884,256,106,250,65536
g0p200_closed_n20,20,0.200000,0.500000,false,2,256,1.000e-12,0.02000,1.750000,13,2.5208232721,3.5385399377,256,106,240,16384
g0p200_closed_n20,20,0.200000,0.500000,false,2,256,1.000e-12,0.02000,1.750000,14,2.5209428289,3.5389364280,256,106,251,4096
g0p200_closed_n20,20,0.200000,0.500000,false,2,256,1.000e-12,0.02000,1.750000,15,2.5215610973,3.5392400400,256,106,236,1024
g0p200_closed_n20,20,0.200000,0.500000,false,2,256,1.000e-12,0.02000,1.750000,16,2.5210170222,3.5379260885,192,100,177,256
g0p200_closed_n20,20,0.200000,0.500000,false,2,256,1.000e-12,0.02000,1.750000,17,2.5518887848,3.5159116717,63,54,63,64
g0p200_closed_n20,20,0.200000,0.500000,false,2,256,1.000e-12,0.02000,1.750000,18,2.3964234590,3.0331661113,16,16,16,16
g0p200_closed_n20,20,0.200000,0.500000,false,2,256,1.000e-12,0.02000,1.750000,19,1.9079844319,1.9533668983,4,4,4,4
g0p200_closed_n20,20,0.200000,0.500000,false,2,256,1.000e-12,0.02000,2.000000,1,1.9426210151,1.9710693692,4,4,4,4
g0p200_closed_n20,20,0.200000,0.500000,false,2,256,1.000e-12,0.02000,2.000000,2,2.5162944097,3.1285926958,16,16,16,16
g0p200_closed_n20,20,0.200000,0.500000,false,2,256,1.000e-12,0.02000,2.000000,3,2.9259048432,3.8863618431,64,60,64,64
g0p200_closed_n20,20,0.200000,0.500000,false,2,256,1.000e-12,0.02000,2.000000,4,2.8640132768,3.9673598998,216,129,206,256
g0p200_closed_n20,20,0.200000,0.500000,false,2,256,1.000e-12,0.02000,2.000000,5,2.8705854676,3.9731762056,256,152,256,1024
g0p200_closed_n20,20,0.200000,0.500000,false,2,256,1.000e-12,0.02000,2.000000,6,2.8676094625,3.9715892472,256,150,256,4096
g0p200_closed_n20,20,0.200000,0.500000,false,2,256,1.000e-12,0.02000,2.000000,7,2.8675221068,3.9712209930,256,150,256,16384
g0p200_closed_n20,20,0.200000,0.500000,false,2,256,1.000e-12,0.02000,2.000000,8,2.8676486170,3.9714363875,256,150,256,65536
g0p200_closed_n20,20,0.200000,0.500000,false,2,256,1.000e-12,0.02000,2.000000,9,2.8675001994,3.9712013631,256,150,256,262144
g0p200_closed_n20,20,0.200000,0.500000,false,2,256,1.000e-12,0.02000,2.000000,10,2.8676487898,3.9714355829,256,150,256,1048576
g0p200_closed_n20,20,0.200000,0.500000,false,2,256,1.000e-12,0.02000,2.000000,11,2.8675001994,3.9712013631,256,150,256,262144
g0p200_closed_n20,20,0.200000,0.500000,false,2,256,1.000e-12,0.02000,2.000000,12,2.8676486170,3.9714363875,256,150,256,65536
g0p200_closed_n20,20,0.200000,0.500000,false,2,256,1.000e-12,0.02000,2.000000,13,2.8675221068,3.9712209929,256,150,256,16384
g0p200_closed_n20,20,0.200000,0.500000,false,2,256,1.000e-12,0.02000,2.000000,14,2.8676094625,3.9715892471,256,150,256,4096
g0p200_closed_n20,20,0.200000,0.500000,false,2,256,1.000e-12,0.02000,2.000000,15,2.8705854676,3.9731762055,256,152,256,1024
g0p200_closed_n20,20,0.200000,0.500000,false,2,256,1.000e-12,0.02000,2.000000,16,2.8640132768,3.9673598998,216,129,206,256
g0p200_closed_n20,20,0.200000,0.500000,false,2,256,1.000e-12,0.02000,2.000000,17,2.9259048432,3.8863618431,64,60,64,64
g0p200_closed_n20,20,0.200000,0.500000,false,2,256,1.000e-12,0.02000,2.000000,18,2.5162944097,3.1285926958,16,16,16,16
g0p200_closed_n20,20,0.200000,0.500000,false,2,256,1.000e-12,0.02000,2.000000,19,1.9426210151,1.9710693692,4,4,4,4
g0p200_closed_n20,20,0.200000,0.500000,false,2,256,1.000e-12,0.02000,2.250000,1,1.9519870862,1.9758250386,4,4,4,4
g0p200_closed_n20,20,0.200000,0.500000,false,2,256,1.000e-12,0.02000,2.250000,2,2.5439285701,3.1596118020,16,16,16,16
g0p200_closed_n20,20,0.200000,0.500000,false,2,256,1.000e-12,0.02000,2.250000,3,3.2672630479,4.1763926808,64,61,64,64
g0p200_closed_n20,20,0.200000,0.500000,false,2,256,1.000e-12,0.02000,2.250000,4,3.1973685651,4.3774147031,231,157,225,256
g0p200_closed_n20,20,0.200000,0.500000,false,2,256,1.000e-12,0.02000,2.250000,5,3.2183298834,4.3954705812,256,206,256,1024
g0p200_closed_n20,20,0.200000,0.500000,false,2,256,1.000e-12,0.02000,2.250000,6,3.2097458328,4.3918612447,256,205,256,4096
g0p200_closed_n20,20,0.200000,0.500000,false,2,256,1.000e-12,0.02000,2.250000,7,3.2097333893,4.3913586556,256,205,256,16384
g0p200_closed_n20,20,0.200000,0.500000,false,2,256,1.000e-12,0.02000,2.250000,8,3.2098079761,4.3913039460,256,204,256,65536
g0p200_closed_n20,20,0.200000,0.500000,false,2,256,1.000e-12,0.02000,2.250000,9,3.2096315968,4.3912764537,256,205,256,262144
g0p200_closed_n20,20,0.200000,0.500000,false,2,256,1.000e-12,0.02000,2.250000,10,3.2098081110,4.3912991475,256,204,256,1048576
g0p200_closed_n20,20,0.200000,0.500000,false,2,256,1.000e-12,0.02000,2.250000,11,3.2096315968,4.3912764536,256,205,256,262144
g0p200_closed_n20,20,0.200000,0.500000,false,2,256,1.000e-12,0.02000,2.250000,12,3.2098079760,4.3913039456,256,204,256,65536
g0p200_closed_n20,20,0.200000,0.500000,false,2,256,1.000e-12,0.02000,2.250000,13,3.2097333892,4.3913586544,256,205,256,16384
g0p200_closed_n20,20,0.200000,0.500000,false,2,256,1.000e-12,0.02000,2.250000,14,3.2097458328,4.3918612444,256,205,256,4096
g0p200_closed_n20,20,0.200000,0.500000,false,2,256,1.000e-12,0.02000,2.250000,15,3.2183298834,4.3954705800,256,206,256,1024
g0p200_closed_n20,20,0.200000,0.500000,false,2,256,1.000e-12,0.02000,2.250000,16,3.1973685651,4.3774147028,231,157,225,256
g0p200_closed_n20,20,0.200000,0.500000,false,2,256,1.000e-12,0.02000,2.250000,17,3.2672630479,4.1763926807,64,61,64,64
g0p200_closed_n20,20,0.200000,0.500000,false,2,256,1.000e-12,0.02000,2.250000,18,2.5439285701,3.1596118020,16,16,16,16
g0p200_closed_n20,20,0.200000,0.500000,false,2,256,1.000e-12,0.02000,2.250000,19,1.9519870862,1.9758250386,4,4,4,4
g0p200_closed_n20,20,0.200000,0.500000,false,2,256,1.000e-12,0.02000,2.500000,1,1.9455208156,1.9725430774,4,4,4,4
g0p200_closed_n20,20,0.200000,0.500000,false,2,256,1.000e-12,0.02000,2.500000,2,2.5300061500,3.1605868527,16,16,16,16
g0p200_closed_n20,20,0.200000,0.500000,false,2,256,1.000e-12,0.02000,2.500000,3,3.5275900622,4.3697614642,64,62,64,64
g0p200_closed_n20,20,0.200000,0.500000,false,2,256,1.000e-12,0.02000,2.500000,4,3.5137826148,4.7524939893,242,180,237,256
g0p200_closed_n20,20,0.200000,0.500000,false,2,256,1.000e-12,0.02000,2.500000,5,3.5627339206,4.8009205327,256,235,256,1024
g0p200_closed_n20,20,0.200000,0.500000,false,2,256,1.000e-12,0.02000,2.500000,6,3.5449231094,4.7949534954,256,233,256,4096
g0p200_closed_n20,20,0.200000,0.500000,false,2,256,1.000e-12,0.02000,2.500000,7,3.5448082885,4.7941386149,256,234,256,16384
g0p200_closed_n20,20,0.200000,0.500000,false,2,256,1.000e-12,0.02000,2.500000,8,3.5446345060,4.7934850189,256,233,256,65536
g0p200_closed_n20,20,0.200000,0.500000,false,2,256,1.000e-12,0.02000,2.500000,9,3.5444535397,4.7938454102,256,234,256,262144
g0p200_closed_n20,20,0.200000,0.500000,false,2,256,1.000e-12,0.02000,2.500000,10,3.5446287091,4.7934723687,256,233,256,1048576
g0p200_closed_n20,20,0.200000,0.500000,false,2,256,1.000e-12,0.02000,2.500000,11,3.5444535410,4.7938454132,256,234,256,262144
g0p200_closed_n20,20,0.200000,0.500000,false,2,256,1.000e-12,0.02000,2.500000,12,3.5446345053,4.7934851429,256,233,256,65536
g0p200_closed_n20,20,0.200000,0.500000,false,2,256,1.000e-12,0.02000,2.500000,13,3.5448082750,4.7941386379,256,234,256,16384
g0p200_closed_n20,20,0.200000,0.500000,false,2,256,1.000e-12,0.02000,2.500000,14,3.5449229609,4.7949336560,256,233,256,4096
g0p200_closed_n20,20,0.200000,0.500000,false,2,256,1.000e-12,0.02000,2.500000,15,3.5627339056,4.8009205524,256,235,256,1024
g0p200_closed_n20,20,0.200000,0.500000,false,2,256,1.000e-12,0.02000,2.500000,16,3.5137826110,4.7524940021,242,180,237,256
g0p200_closed_n20,20,0.200000,0.500000,false,2,256,1.000e-12,0.02000,2.500000,17,3.5275900633,4.3697614707,64,62,64,64
g0p200_closed_n20,20,0.200000,0.500000,false,2,256,1.000e-12,0.02000,2.500000,18,2.5300061519,3.1605868549,16,16,16,16
g0p200_closed_n20,20,0.200000,0.500000,false,2,256,1.000e-12,0.02000,2.500000,19,1.9455208159,1.9725430775,4,4,4,4
g0p200_closed_n20,20,0.200000,0.500000,false,2,256,1.000e-12,0.02000,2.750000,1,1.9267642529,1.9629875698,4,4,4,4
g0p200_closed_n20,20,0.200000,0.500000,false,2,256,1.000e-12,0.02000,2.750000,2,2.5161505656,3.1559511324,16,16,16,16
g0p200_closed_n20,20,0.200000,0.500000,false,2,256,1.000e-12,0.02000,2.750000,3,3.6824904885,4.4724483390,64,63,64,64
g0p200_closed_n20,20,0.200000,0.500000,false,2,256,1.000e-12,0.02000,2.750000,4,3.7957498589,5.0697749826,248,198,245,256
g0p200_closed_n20,20,0.200000,0.500000,false,2,256,1.000e-12,0.02000,2.750000,5,3.9006741966,5.1810693004,256,244,256,1024
g0p200_closed_n20,20,0.200000,0.500000,false,2,256,1.000e-12,0.02000,2.750000,6,3.8716453108,5.1745823313,256,246,256,4096
g0p200_closed_n20,20,0.200000,0.500000,false,2,256,1.000e-12,0.02000,2.750000,7,3.8709825082,5.1728388055,256,245,256,16384
g0p200_closed_n20,20,0.200000,0.500000,false,2,256,1.000e-12,0.02000,2.750000,8,3.8700767337,5.1718088182,256,246,256,65536
g0p200_closed_n20,20,0.200000,0.500000,false,2,256,1.000e-12,0.02000,2.750000,9,3.8699047941,5.1719347622,256,245,256,262144
g0p200_closed_n20,20,0.200000,0.500000,false,2,256,1.000e-12,0.02000,2.750000,10,3.8700406459,5.1718285851,256,246,256,1048576
g0p200_closed_n20,20,0.200000,0.500000,false,2,256,1.000e-12,0.02000,2.750000,11,3.8699048078,5.1719349557,256,245,256,262144
g0p200_closed_n20,20,0.200000,0.500000,false,2,256,1.000e-12,0.02000,2.750000,12,3.8700779690,5.1718600997,256,246,256,65536
g0p200_closed_n20,20,0.200000,0.500000,false,2,256,1.000e-12,0.02000,2.750000,13,3.8709827184,5.1728382028,256,245,256,16384
g0p200_closed_n20,20,0.200000,0.500000,false,2,256,1.000e-12,0.02000,2.750000,14,3.8716431473,5.1745652664,256,246,256,4096
g0p200_closed_n20,20,0.200000,0.500000,false,2,256,1.000e-12,0.02000,2.750000,15,3.9006779789,5.1812448172,256,245,256,1024
g0p200_closed_n20,20,0.200000,0.500000,false,2,256,1.000e-12,0.02000,2.750000,16,3.7957499291,5.0697750547,248,198,245,256
g0p200_closed_n20,20,0.200000,0.500000,false,2,256,1.000e-12,0.02000,2.750000,17,3.6824905138,4.4724483549,64,63,64,64
g0p200_closed_n20,20,0.200000,0.500000,false,2,256,1.000e-12,0.02000,2.750000,18,2.5161505856,3.1559511422,16,16,16,16
g0p200_closed_n20,20,0.200000,0.500000,false,2,256,1.000e-12,0.02000,2.750000,19,1.9267642537,1.9629875702,4,4,4,4
g0p200_closed_n20,20,0.200000,0.500000,false,2,256,1.000e-12,0.02000,3.000000,1,1.8988700914,1.9486775207,4,4,4,4
g0p200_closed_n20,20,0.200000,0.500000,false,2,256,1.000e-12,0.02000,3.000000,2,2.5215140503,3.1567723629,16,16,16,16
g0p200_closed_n20,20,0.200000,0.500000,false,2,256,1.000e-12,0.02000,3.000000,3,3.7486955262,4.5098207374,64,63,64,64
g0p200_closed_n20,20,0.200000,0.500000,false,2,256,1.000e-12,0.02000,3.000000,4,4.0150921691,5.3067603774,250,209,248,256
g0p200_closed_n20,20,0.200000,0.500000,false,2,256,1.000e-12,0.02000,3.000000,5,4.2275233638,5.5265225169,256,252,256,1024
g0p200_closed_n20,20,0.200000,0.500000,false,2,256,1.000e-12,0.02000,3.000000,6,4.1883721657,5.5232932776,256,253,256,4096
g0p200_closed_n20,20,0.200000,0.500000,false,2,256,1.000e-12,0.02000,3.000000,7,4.1881190904,5.5220994012,256,253,256,16384
g0p200_closed_n20,20,0.200000,0.500000,false,2,256,1.000e-12,0.02000,3.000000,8,4.1852825450,5.5204480245,256,253,256,65536
g0p200_closed_n20,20,0.200000,0.500000,false,2,256,1.000e-12,0.02000,3.000000,9,4.1850176437,5.5196758883,256,253,256,262144
g0p200_closed_n20,20,0.200000,0.500000,false,2,256,1.000e-12,0.02000,3.000000,10,4.1851557260,5.5202515368,256,253,256,1048576
g0p200_closed_n20,20,0.200000,0.500000,false,2,256,1.000e-12,0.02000,3.000000,11,4.1850032450,5.5194709777,256,253,256,262144
g0p200_closed_n20,20,0.200000,0.500000,false,2,256,1.000e-12,0.02000,3.000000,12,4.1852875586,5.5204756373,256,253,256,65536
g0p200_closed_n20,20,0.200000,0.500000,false,2,256,1.000e-12,0.02000,3.000000,13,4.1881113906,5.5220102607,256,253,256,16384
g0p200_closed_n20,20,0.200000,0.500000,false,2,256,1.000e-12,0.02000,3.000000,14,4.1883792155,5.5234569145,256,253,256,4096
g0p200_closed_n20,20,0.200000,0.500000,false,2,256,1.000e-12,0.02000,3.000000,15,4.2275501915,5.5268252758,256,252,256,1024
g0p200_closed_n20,20,0.200000,0.500000,false,2,256,1.000e-12,0.02000,3.000000,16,4.0150914844,5.3067590349,250,209,248,256
g0p200_closed_n20,20,0.200000,0.500000,false,2,256,1.000e-12,0.02000,3.000000,17,3.7486955168,4.5098207226,64,63,64,64
g0p200_closed_n20,20,0.200000,0.500000,false,2,256,1.000e-12,0.02000,3.000000,18,2.5215140106,3.1567723175,16,16,16,16
g0p200_closed_n20,20,0.200000,0.500000,false,2,256,1.000e-12,0.02000,3.000000,19,1.8988700849,1.9486775174,4,4,4,4
g0p200_closed_n20,20,0.200000,0.500000,false,2,256,1.000e-12,0.02000,3.250000,1,1.8676684082,1.9325270320,4,4,4,4
g0p200_closed_n20,20,0.200000,0.500000,false,2,256,1.000e-12,0.02000,3.250000,2,2.5445506411,3.1641921616,16,16,16,16
g0p200_closed_n20,20,0.200000,0.500000,false,2,256,1.000e-12,0.02000,3.250000,3,3.7662601828,4.5152023642,64,63,64,64
g0p200_closed_n20,20,0.200000,0.500000,false,2,256,1.000e-12,0.02000,3.250000,4,4.1500011488,5.4540907380,251,216,250,256
g0p200_closed_n20,20,0.200000,0.500000,false,2,256,1.000e-12,0.02000,3.250000,5,4.5331850058,5.8238604703,256,255,256,1024
g0p200_closed_n20,20,0.200000,0.500000,false,2,256,1.000e-12,0.02000,3.250000,6,4.4903329800,5.8323727311,256,256,256,4096
g0p200_closed_n20,20,0.200000,0.500000,false,2,256,1.000e-12,0.02000,3.250000,7,4.4971394498,5.8355845537,256,255,256,16384
g0p200_closed_n20,20,0.200000,0.500000,false,2,256,1.000e-12,0.02000,3.250000,8,4.4894230732,5.8323455319,256,255,256,65536
g0p200_closed_n20,20,0.200000,0.500000,false,2,256,1.000e-12,0.02000,3.250000,9,4.4889708625,5.8300250941,256,255,256,262144
g0p200_closed_n20,20,0.200000,0.500000,false,2,256,1.000e-12,0.02000,3.250000,10,4.4891935538,5.8320875446,256,255,256,1048576
g0p200_closed_n20,20,0.200000,0.500000,false,2,256,1.000e-12,0.02000,3.250000,11,4.4889302719,5.8297593935,256,255,256,262144
g0p200_closed_n20,20,0.200000,0.500000,false,2,256,1.000e-12,0.02000,3.250000,12,4.4894487456,5.8325831637,256,255,256,65536
g0p200_closed_n20,20,0.200000,0.500000,false,2,256,1.000e-12,0.02000,3.250000,13,4.4971372247,5.8356227221,256,255,256,16384
g0p200_closed_n20,20,0.200000,0.500000,false,2,256,1.000e-12,0.02000,3.250000,14,4.4903937003,5.8328054382,256,256,256,4096
g0p200_closed_n20,20,0.200000,0.500000,false,2,256,1.000e-12,0.02000,3.250000,15,4.5332071810,5.8238954075,256,255,256,1024
g0p200_closed_n20,20,0.200000,0.500000,false,2,256,1.000e-12,0.02000,3.250000,16,4.1500011255,5.4540911905,252,216,250,256
g0p200_closed_n20,20,0.200000,0.500000,false,2,256,1.000e-12,0.02000,3.250000,17,3.7662601573,4.5152024219,64,63,64,64
g0p200_closed_n20,20,0.200000,0.500000,false,2,256,1.000e-12,0.02000,3.250000,18,2.5445504416,3.1641920307,16,16,16,16
g0p200_closed_n20,20,0.200000,0.500000,false,2,256,1.000e-12,0.02000,3.250000,19,1.8676683515,1.9325270052,4,4,4,4
g0p200_closed_n20,20,0.200000,0.500000,false,2,256,1.000e-12,0.02000,3.500000,1,1.8410739031,1.9186388926,4,4,4,4
g0p200_closed_n20,20,0.200000,0.500000,false,2,256,1.000e-12,0.02000,3.500000,2,2.5722875643,3.1740915718,16,16,16,16
g0p200_closed_n20,20,0.200000,0.500000,false,2,256,1.000e-12,0.02000,3.500000,3,3.7711430642,4.5158052311,64,63,64,64
g0p200_closed_n20,20,0.200000,0.500000,false,2,256,1.000e-12,0.02000,3.500000,4,4.2081396611,5.5246877186,252,221,251,256
g0p200_closed_n20,20,0.200000,0.500000,false,2,256,1.000e-12,0.02000,3.500000,5,4.7993878859,6.0599731396,256,256,256,1024
g0p200_closed_n20,20,0.200000,0.500000,false,2,256,1.000e-12,0.02000,3.500000,6,4.7682747745,6.0944134902,256,256,256,4096
g0p200_closed_n20,20,0.200000,0.500000,false,2,256,1.000e-12,0.02000,3.500000,7,4.7988280962,6.1114566763,256,256,256,16384
g0p200_closed_n20,20,0.200000,0.500000,false,2,256,1.000e-12,0.02000,3.500000,8,4.7806869049,6.1028858571,256,256,256,65536
g0p200_closed_n20,20,0.200000,0.500000,false,2,256,1.000e-12,0.02000,3.500000,9,4.7804560774,6.1009512563,256,256,256,262144
g0p200_closed_n20,20,0.200000,0.500000,false,2,256,1.000e-12,0.02000,3.500000,10,4.7804697990,6.1020108028,256,256,256,1048576
g0p200_closed_n20,20,0.200000,0.500000,false,2,256,1.000e-12,0.02000,3.500000,11,4.7803444404,6.1004737006,256,256,256,262144
g0p200_closed_n20,20,0.200000,0.500000,false,2,256,1.000e-12,0.02000,3.500000,12,4.7805640350,6.1022960412,256,256,256,65536
g0p200_closed_n20,20,0.200000,0.500000,false,2,256,1.000e-12,0.02000,3.500000,13,4.7988453547,6.1116430109,256,256,256,16384
g0p200_closed_n20,20,0.200000,0.500000,false,2,256,1.000e-12,0.02000,3.500000,14,4.7682876691,6.0938839328,256,256,256,4096
g0p200_closed_n20,20,0.200000,0.500000,false,2,256,1.000e-12,0.02000,3.500000,15,4.7993119010,6.0597515109,256,256,256,1024
g0p200_closed_n20,20,0.200000,0.500000,false,2,256,1.000e-12,0.02000,3.500000,16,4.2081409462,5.5246925635,252,221,251,256
g0p200_closed_n20,20,0.200000,0.500000,false,2,256,1.000e-12,0.02000,3.500000,17,3.7711398318,4.5158024068,64,63,64,64
g0p200_closed_n20,20,0.200000,0.500000,false,2,256,1.000e-12,0.02000,3.500000,18,2.5722855839,3.1740903284,16,16,16,16
g0p200_closed_n20,20,0.200000,0.500000,false,2,256,1.000e-12,0.02000,3.500000,19,1.8410736513,1.9186387761,4,4,4,4
g0p200_closed_n20,20,0.200000,0.500000,false,2,256,1.000e-12,0.02000,3.750000,1,1.8260016707,1.9107169216,4,4,4,4
g0p200_closed_n20,20,0.200000,0.500000,false,2,256,1.000e-12,0.02000,3.750000,2,2.5922757149,3.1819993374,16,16,16,16
g0p200_closed_n20,20,0.200000,0.500000,false,2,256,1.000e-12,0.02000,3.750000,3,3.7807532094,4.5237569620,64,63,64,64
g0p200_closed_n20,20,0.200000,0.500000,false,2,256,1.000e-12,0.02000,3.750000,4,4.2253805290,5.5492364200,252,223,251,256
g0p200_closed_n20,20,0.200000,0.500000,false,2,256,1.000e-12,0.02000,3.750000,5,5.0040024040,6.2256662411,256,256,256,1024
g0p200_closed_n20,20,0.200000,0.500000,false,2,256,1.000e-12,0.02000,3.750000,6,5.0095095974,6.3061087146,256,256,256,4096
g0p200_closed_n20,20,0.200000,0.500000,false,2,256,1.000e-12,0.02000,3.750000,7,5.0895005714,6.3459840816,256,256,256,16384
g0p200_closed_n20,20,0.200000,0.500000,false,2,256,1.000e-12,0.02000,3.750000,8,5.0549709001,6.3328914495,256,256,256,65536
g0p200_closed_n20,20,0.200000,0.500000,false,2,256,1.000e-12,0.02000,3.750000,9,5.0560511161,6.3308897912,256,256,256,262144
g0p200_closed_n20,20,0.200000,0.500000,false,2,256,1.000e-12,0.02000,3.750000,10,5.0551194874,6.3317245599,256,256,256,1048576
g0p200_closed_n20,20,0.200000,0.500000,false,2,256,1.000e-12,0.02000,3.750000,11,5.0559007774,6.3305838875,256,256,256,262144
g0p200_closed_n20,20,0.200000,0.500000,false,2,256,1.000e-12,0.02000,3.750000,12,5.0547446053,6.3323927582,256,256,256,65536
g0p200_closed_n20,20,0.200000,0.500000,false,2,256,1.000e-12,0.02000,3.750000,13,5.0896489009,6.3465464194,256,256,256,16384
g0p200_closed_n20,20,0.200000,0.500000,false,2,256,1.000e-12,0.02000,3.750000,14,5.0093301550,6.3055493823,256,256,256,4096
g0p200_closed_n20,20,0.200000,0.500000,false,2,256,1.000e-12,0.02000,3.750000,15,5.0041169018,6.2264322432,256,256,256,1024
g0p200_closed_n20,20,0.200000,0.500000,false,2,256,1.000e-12,0.02000,3.750000,16,4.2253871422,5.5492541996,252,223,252,256
g0p200_closed_n20,20,0.200000,0.500000,false,2,256,1.000e-12,0.02000,3.750000,17,3.7807499579,4.5237549974,64,63,64,64
g0p200_closed_n20,20,0.200000,0.500000,false,2,256,1.000e-12,0.02000,3.750000,18,2.5922753166,3.1819992944,16,16,16,16
g0p200_closed_n20,20,0.200000,0.500000,false,2,256,1.000e-12,0.02000,3.750000,19,1.8260013536,1.9107167719,4,4,4,4
g0p200_closed_n20,20,0.200000,0.500000,false,2,256,1.000e-12,0.02000,4.000000,1,1.8252753543,1.9103340716,4,4,4,4
g0p200_closed_n20,20,0.200000,0.500000,false,2,256,1.000e-12,0.02000,4.000000,2,2.6004390729,3.1862527253,16,16,16,16
g0p200_closed_n20,20,0.200000,0.500000,false,2,256,1.000e-12,0.02000,4.000000,3,3.7943496130,4.5371283076,64,63,64,64
g0p200_closed_n20,20,0.200000,0.500000,false,2,256,1.000e-12,0.02000,4.000000,4,4.2382680655,5.5566384242,253,223,252,256
g0p200_closed_n20,20,0.200000,0.500000,false,2,256,1.000e-12,0.02000,4.000000,5,5.1355221569,6.3249519157,256,256,256,1024
g0p200_closed_n20,20,0.200000,0.500000,false,2,256,1.000e-12,0.02000,4.000000,6,5.2018124184,6.4654965253,256,256,256,4096
g0p200_closed_n20,20,0.200000,0.500000,false,2,256,1.000e-12,0.02000,4.000000,7,5.3584696533,6.5390564791,256,256,256,16384
g0p200_closed_n20,20,0.200000,0.500000,false,2,256,1.000e-12,0.02000,4.000000,8,5.3072282014,6.5257548620,256,256,256,65536
g0p200_closed_n20,20,0.200000,0.500000,false,2,256,1.000e-12,0.02000,4.000000,9,5.3095988182,6.5201726059,256,256,256,262144
g0p200_closed_n20,20,0.200000,0.500000,false,2,256,1.000e-12,0.02000,4.000000,10,5.3076687201,6.5227695216,256,256,256,1048576
g0p200_closed_n20,20,0.200000,0.500000,false,2,256,1.000e-12,0.02000,4.000000,11,5.3098376967,6.5210437006,256,256,256,262144
g0p200_closed_n20,20,0.200000,0.500000,false,2,256,1.000e-12,0.02000,4.000000,12,5.3066213119,6.5245121362,256,256,256,65536
g0p200_closed_n20,20,0.200000,0.500000,false,2,256,1.000e-12,0.02000,4.000000,13,5.3586284851,6.5391165192,256,256,256,16384
g0p200_closed_n20,20,0.200000,0.500000,false,2,256,1.000e-12,0.02000,4.000000,14,5.2014314018,6.4651248930,256,256,256,4096
g0p200_closed_n20,20,0.200000,0.500000,false,2,256,1.000e-12,0.02000,4.000000,15,5.1356867455,6.3250592841,256,256,256,1024
g0p200_closed_n20,20,0.200000,0.500000,false,2,256,1.000e-12,0.02000,4.000000,16,4.2382949750,5.5566775771,253,223,252,256
g0p200_closed_n20,20,0.200000,0.500000,false,2,256,1.000e-12,0.02000,4.000000,17,3.7943427779,4.5371248706,64,63,64,64
g0p200_closed_n20,20,0.200000,0.500000,false,2,256,1.000e-12,0.02000,4.000000,18,2.6004377570,3.1862527616,16,16,16,16
g0p200_closed_n20,20,0.200000,0.500000,false,2,256,1.000e-12,0.02000,4.000000,19,1.8252748969,1.9103338399,4,4,4,4
g0p200_closed_n20,20,0.200000,0.500000,false,2,256,1.000e-12,0.02000,4.250000,1,1.8367030842,1.9163447583,4,4,4,4
g0p200_closed_n20,20,0.200000,0.500000,false,2,256,1.000e-12,0.02000,4.250000,2,2.6010835036,3.1882232548,16,16,16,16
g0p200_closed_n20,20,0.200000,0.500000,false,2,256,1.000e-12,0.02000,4.250000,3,3.8019489763,4.5476763234,64,63,64,64
g0p200_closed_n20,20,0.200000,0.500000,false,2,256,1.000e-12,0.02000,4.250000,4,4.2645408028,5.5607848398,254,221,253,256
g0p200_closed_n20,20,0.200000,0.500000,false,2,256,1.000e-12,0.02000,4.250000,5,5.2026730371,6.3680329692,256,256,256,1024
g0p200_closed_n20,20,0.200000,0.500000,false,2,256,1.000e-12,0.02000,4.250000,6,5.3371199067,6.5714140442,256,256,256,4096
g0p200_closed_n20,20,0.200000,0.500000,false,2,256,1.000e-12,0.02000,4.250000,7,5.5921555758,6.6900870540,256,256,256,16384
g0p200_closed_n20,20,0.200000,0.500000,false,2,256,1.000e-12,0.02000,4.250000,8,5.5310283223,6.6794821473,256,256,256,65536
g0p200_closed_n20,20,0.200000,0.500000,false,2,256,1.000e-12,0.02000,4.250000,9,5.5360166041,6.6733868770,256,256,256,262144
g0p200_closed_n20,20,0.200000,0.500000,false,2,256,1.000e-12,0.02000,4.250000,10,5.5319408111,6.6755239867,256,256,256,1048576
g0p200_closed_n20,20,0.200000,0.500000,false,2,256,1.000e-12,0.02000,4.250000,11,5.5372407330,6.6753217720,256,256,256,262144
g0p200_closed_n20,20,0.200000,0.500000,false,2,256,1.000e-12,0.02000,4.250000,12,5.5301187453,6.6783846053,256,256,256,65536
g0p200_closed_n20,20,0.200000,0.500000,false,2,256,1.000e-12,0.02000,4.250000,13,5.5923458737,6.6898684943,256,256,256,16384
g0p200_closed_n20,20,0.200000,0.500000,false,2,256,1.000e-12,0.02000,4.250000,14,5.3366716481,6.5712579511,256,256,256,4096
g0p200_closed_n20,20,0.200000,0.500000,false,2,256,1.000e-12,0.02000,4.250000,15,5.2027908221,6.3677644995,256,256,256,1024
g0p200_closed_n20,20,0.200000,0.500000,false,2,256,1.000e-12,0.02000,4.250000,16,4.2646354537,5.5608833232,254,221,253,256
g0p200_closed_n20,20,0.200000,0.500000,false,2,256,1.000e-12,0.02000,4.250000,17,3.8019423989,4.5476709120,64,63,64,64
g0p200_closed_n20,20,0.200000,0.500000,false,2,256,1.000e-12,0.02000,4.250000,18,2.6010782834,3.1882202722,16,16,16,16
g0p200_closed_n20,20,0.200000,0.500000,false,2,256,1.000e-12,0.02000,4.250000,19,1.8367032124,1.9163448287,4,4,4,4
g0p200_closed_n20,20,0.200000,0.500000,false,2,256,1.000e-12,0.02000,4.500000,1,1.8547359728,1.9257860039,4,4,4,4
g0p200_closed_n20,20,0.200000,0.500000,false,2,256,1.000e-12,0.02000,4.500000,2,2.6012639049,3.1903142683,16,16,16,16
g0p200_closed_n20,20,0.200000,0.500000,false,2,256,1.000e-12,0.02000,4.500000,3,3.7956382499,4.5487776325,64,63,64,64
g0p200_closed_n20,20,0.200000,0.500000,false,2,256,1.000e-12,0.02000,4.500000,4,4.3050459714,5.5657236475,254,218,254,256
g0p200_closed_n20,20,0.200000,0.500000,false,2,256,1.000e-12,0.02000,4.500000,5,5.2297423224,6.3753278877,256,256,256,1024
g0p200_closed_n20,20,0.200000,0.500000,false,2,256,1.000e-12,0.02000,4.500000,6,5.4188270917,6.6343676365,256,256,256,4096
g0p200_closed_n20,20,0.200000,0.500000,false,2,256,1.000e-12,0.02000,4.500000,7,5.7779119279,6.7995973115,256,256,256,16384
g0p200_closed_n20,20,0.200000,0.500000,false,2,256,1.000e-12,0.02000,4.500000,8,5.7217444814,6.8021096931,256,256,256,65536
g0p200_closed_n20,20,0.200000,0.500000,false,2,256,1.000e-12,0.02000,4.500000,9,5.7354714819,6.7996488955,256,256,256,262144
g0p200_closed_n20,20,0.200000,0.500000,false,2,256,1.000e-12,0.02000,4.500000,10,5.7270964624,6.8006457203,256,256,256,1048576
g0p200_closed_n20,20,0.200000,0.500000,false,2,256,1.000e-12,0.02000,4.500000,11,5.7373948645,6.8016102750,256,256,256,262144
g0p200_closed_n20,20,0.200000,0.500000,false,2,256,1.000e-12,0.02000,4.500000,12,5.7208557229,6.8013263923,256,256,256,65536
g0p200_closed_n20,20,0.200000,0.500000,false,2,256,1.000e-12,0.02000,4.500000,13,5.7780745820,6.7987908510,256,256,256,16384
g0p200_closed_n20,20,0.200000,0.500000,false,2,256,1.000e-12,0.02000,4.500000,14,5.4183746833,6.6342459378,256,256,256,4096
g0p200_closed_n20,20,0.200000,0.500000,false,2,256,1.000e-12,0.02000,4.500000,15,5.2297418060,6.3748084201,256,256,256,1024
g0p200_closed_n20,20,0.200000,0.500000,false,2,256,1.000e-12,0.02000,4.500000,16,4.3052375911,5.5659262292,254,218,254,256
g0p200_closed_n20,20,0.200000,0.500000,false,2,256,1.000e-12,0.02000,4.500000,17,3.7956425576,4.5487753894,64,63,64,64
g0p200_closed_n20,20,0.200000,0.500000,false,2,256,1.000e-12,0.02000,4.500000,18,2.6012529589,3.1903076892,16,16,16,16
g0p200_closed_n20,20,0.200000,0.500000,false,2,256,1.000e-12,0.02000,4.500000,19,1.8547371535,1.9257865985,4,4,4,4
g0p200_closed_n20,20,0.200000,0.500000,false,2,256,1.000e-12,0.02000,4.750000,1,1.8732472017,1.9354220579,4,4,4,4
g0p200_closed_n20,20,0.200000,0.500000,false,2,256,1.000e-12,0.02000,4.750000,2,2.6047310267,3.1934765087,16,16,16,16
g0p200_closed_n20,20,0.200000,0.500000,false,2,256,1.000e-12,0.02000,4.750000,3,3.7768163687,4.5396831036,64,63,64,64
g0p200_closed_n20,20,0.200000,0.500000,false,2,256,1.000e-12,0.02000,4.750000,4,4.3491438918,5.5707871673,254,215,254,256
g0p200_closed_n20,20,0.200000,0.500000,false,2,256,1.000e-12,0.02000,4.750000,5,5.2409210855,6.3693056856,256,256,256,1024
g0p200_closed_n20,20,0.200000,0.500000,false,2,256,1.000e-12,0.02000,4.750000,6,5.4633453152,6.6688486931,256,256,256,4096
g0p200_closed_n20,20,0.200000,0.500000,false,2,256,1.000e-12,0.02000,4.750000,7,5.9135106088,6.8756688974,256,256,256,16384
g0p200_closed_n20,20,0.200000,0.500000,false,2,256,1.000e-12,0.02000,4.750000,8,5.8777860377,6.9007435685,256,256,256,65536
g0p200_closed_n20,20,0.200000,0.500000,false,2,256,1.000e-12,0.02000,4.750000,9,5.9133214536,6.9056129625,256,256,256,262144
g0p200_closed_n20,20,0.200000,0.500000,false,2,256,1.000e-12,0.02000,4.750000,10,5.8976782136,6.9063958964,256,256,256,1048576
g0p200_closed_n20,20,0.200000,0.500000,false,2,256,1.000e-12,0.02000,4.750000,11,5.9154178188,6.9071671131,256,256,256,262144
g0p200_closed_n20,20,0.200000,0.500000,false,2,256,1.000e-12,0.02000,4.750000,12,5.8771483424,6.9004636549,256,256,256,65536
g0p200_closed_n20,20,0.200000,0.500000,false,2,256,1.000e-12,0.02000,4.750000,13,5.9132218060,6.8741499159,256,256,256,16384
g0p200_closed_n20,20,0.200000,0.500000,false,2,256,1.000e-12,0.02000,4.750000,14,5.4630142334,6.6689122781,256,256,256,4096
g0p200_closed_n20,20,0.200000,0.500000,false,2,256,1.000e-12,0.02000,4.750000,15,5.2407558571,6.3687802522,256,256,256,1024
g0p200_closed_n20,20,0.200000,0.500000,false,2,256,1.000e-12,0.02000,4.750000,16,4.3493950765,5.5710483096,254,215,254,256
g0p200_closed_n20,20,0.200000,0.500000,false,2,256,1.000e-12,0.02000,4.750000,17,3.7768561409,4.5396991158,64,63,64,64
g0p200_closed_n20,20,0.200000,0.500000,false,2,256,1.000e-12,0.02000,4.750000,18,2.6047146409,3.1934675044,16,16,16,16
g0p200_closed_n20,20,0.200000,0.500000,false,2,256,1.000e-12,0.02000,4.750000,19,1.8732493551,1.9354230952,4,4,4,4
g0p200_closed_n20,20,0.200000,0.500000,false,2,256,1.000e-12,0.02000,5.000000,1,1.8876465367,1.9428772680,4,4,4,4
g0p200_closed_n20,20,0.200000,0.500000,false,2,256,1.000e-12,0.02000,5.000000,2,2.6098453596,3.1962836951,16,16,16,16
g0p200_closed_n20,20,0.200000,0.500000,false,2,256,1.000e-12,0.02000,5.000000,3,3.7557203844,4.5254045032,64,63,64,64
g0p200_closed_n20,20,0.200000,0.500000,false,2,256,1.000e-12,0.02000,5.000000,4,4.3815391017,5.5733592702,254,211,254,256
g0p200_closed_n20,20,0.200000,0.500000,false,2,256,1.000e-12,0.02000,5.000000,5,5.2505930694,6.3677778211,256,256,256,1024
g0p200_closed_n20,20,0.200000,0.500000,false,2,256,1.000e-12,0.02000,5.000000,6,5.4923469160,6.6871926157,256,256,256,4096
g0p200_closed_n20,20,0.200000,0.500000,false,2,256,1.000e-12,0.02000,5.000000,7,6.0037232462,6.9239499848,256,256,256,16384
g0p200_closed_n20,20,0.200000,0.500000,false,2,256,1.000e-12,0.02000,5.000000,8,6.0010149877,6.9794506288,256,256,256,65536
g0p200_closed_n20,20,0.200000,0.500000,false,2,256,1.000e-12,0.02000,5.000000,9,6.0749200827,6.9972102949,256,256,256,262144
g0p200_closed_n20,20,0.200000,0.500000,false,2,256,1.000e-12,0.02000,5.000000,10,6.0502269544,6.9981510179,256,256,256,1048576
g0p200_closed_n20,20,0.200000,0.500000,false,2,256,1.000e-12,0.02000,5.000000,11,6.0770517455,6.9983720706,256,256,256,262144
g0p200_closed_n20,20,0.200000,0.500000,false,2,256,1.000e-12,0.02000,5.000000,12,6.0004250364,6.9794454372,256,256,256,65536
g0p200_closed_n20,20,0.200000,0.500000,false,2,256,1.000e-12,0.02000,5.000000,13,6.0030410001,6.9222601547,256,256,256,16384
g0p200_closed_n20,20,0.200000,0.500000,false,2,256,1.000e-12,0.02000,5.000000,14,5.4922728612,6.6873209330,256,256,256,4096
g0p200_closed_n20,20,0.200000,0.500000,false,2,256,1.000e-12,0.02000,5.000000,15,5.2502570254,6.3674022944,256,256,256,1024
g0p200_closed_n20,20,0.200000,0.500000,false,2,256,1.000e-12,0.02000,5.000000,16,4.3817421459,5.5735684280,255,211,254,256
g0p200_closed_n20,20,0.200000,0.500000,false,2,256,1.000e-12,0.02000,5.000000,17,3.7558257019,4.5254618582,64,63,64,64
g0p200_closed_n20,20,0.200000,0.500000,false,2,256,1.000e-12,0.02000,5.000000,18,2.6098276077,3.1962737646,16,16,16,16
g0p200_closed_n20,20,0.200000,0.500000,false,2,256,1.000e-12,0.02000,5.000000,19,1.8876485801,1.9428780955,4,4,4,4
g0p200_closed_n20,20,0.200000,0.500000,false,2,256,1.000e-12,0.02000,5.250000,1,1.8955224573,1.9469348534,4,4,4,4
g0p200_closed_n20,20,0.200000,0.500000,false,2,256,1.000e-12,0.02000,5.250000,2,2.6122521155,3.1962884066,16,16,16,16
g0p200_closed_n20,20,0.200000,0.500000,false,2,256,1.000e-12,0.02000,5.250000,3,3.7443766627,4.5132530563,64,63,64,64
g0p200_closed_n20,20,0.200000,0.500000,false,2,256,1.000e-12,0.02000,5.250000,4,4.3923828768,5.5736529155,255,209,255,256
g0p200_closed_n20,20,0.200000,0.500000,false,2,256,1.000e-12,0.02000,5.250000,5,5.2621875437,6.3756481608,256,256,256,1024
g0p200_closed_n20,20,0.200000,0.500000,false,2,256,1.000e-12,0.02000,5.250000,6,5.5217042083,6.7028831174,256,256,256,4096
g0p200_closed_n20,20,0.200000,0.500000,false,2,256,1.000e-12,0.02000,5.250000,7,6.0609057626,6.9559068000,256,256,256,16384
g0p200_closed_n20,20,0.200000,0.500000,false,2,256,1.000e-12,0.02000,5.250000,8,6.0928173302,7.0373436697,256,256,256,65536
g0p200_closed_n20,20,0.200000,0.500000,false,2,256,1.000e-12,0.02000,5.250000,9,6.2265542225,7.0820095311,256,256,256,262144
g0p200_closed_n20,20,0.200000,0.500000,false,2,256,1.000e-12,0.02000,5.250000,10,6.1871495424,7.0780942013,256,256,256,1048576
g0p200_closed_n20,20,0.200000,0.500000,false,2,256,1.000e-12,0.02000,5.250000,11,6.2288005170,7.0828139527,256,256,256,262144
g0p200_closed_n20,20,0.200000,0.500000,false,2,256,1.000e-12,0.02000,5.250000,12,6.0925482290,7.0378082334,256,256,256,65536
g0p200_closed_n20,20,0.200000,0.500000,false,2,256,1.000e-12,0.02000,5.250000,13,6.0600662905,6.9541691104,256,256,256,16384
g0p200_closed_n20,20,0.200000,0.500000,false,2,256,1.000e-12,0.02000,5.250000,14,5.5217593925,6.7027718744,256,256,256,4096
g0p200_closed_n20,20,0.200000,0.500000,false,2,256,1.000e-12,0.02000,5.250000,15,5.2617584038,6.3755498280,256,256,256,1024
g0p200_closed_n20,20,0.200000,0.500000,false,2,256,1.000e-12,0.02000,5.250000,16,4.3923995014,5.5736931381,255,209,255,256
g0p200_closed_n20,20,0.200000,0.500000,false,2,256,1.000e-12,0.02000,5.250000,17,3.7445651143,4.5133704380,64,63,64,64
g0p200_closed_n20,20,0.200000,0.500000,false,2,256,1.000e-12,0.02000,5.250000,18,2.6122412970,3.1962779430,16,16,16,16
g0p200_closed_n20,20,0.200000,0.500000,false,2,256,1.000e-12,0.02000,5.250000,19,1.8955246885,1.9469355608,4,4,4,4
g0p200_closed_n20,20,0.200000,0.500000,false,2,256,1.000e-12,0.02000,5.500000,1,1.8962274350,1.9472813502,4,4,4,4
g0p200_closed_n20,20,0.200000,0.500000,false,2,256,1.000e-12,0.02000,5.500000,2,2.6092704632,3.1921737405,16,16,16,16
g0p200_closed_n20,20,0.200000,0.500000,false,2,256,1.000e-12,0.02000,5.500000,3,3.7484271202,4.5081289633,64,63,64,64
g0p200_closed_n20,20,0.200000,0.500000,false,2,256,1.000e-12,0.02000,5.500000,4,4.3828807145,5.5696337036,255,214,255,256
g0p200_closed_n20,20,0.200000,0.500000,false,2,256,1.000e-12,0.02000,5.500000,5,5.2700734968,6.3859599796,256,256,256,1024
g0p200_closed_n20,20,0.200000,0.500000,false,2,256,1.000e-12,0.02000,5.500000,6,5.5541550481,6.7224841217,256,256,256,4096
g0p200_closed_n20,20,0.200000,0.500000,false,2,256,1.000e-12,0.02000,5.500000,7,6.1014270997,6.9822579999,256,256,256,16384
g0p200_closed_n20,20,0.200000,0.500000,false,2,256,1.000e-12,0.02000,5.500000,8,6.1578211683,7.0787555149,256,256,256,65536
g0p200_closed_n20,20,0.200000,0.500000,false,2,256,1.000e-12,0.02000,5.500000,9,6.3717112999,7.1622353239,256,256,256,262144
g0p200_closed_n20,20,0.200000,0.500000,false,2,256,1.000e-12,0.02000,5.500000,10,6.3084232140,7.1489186414,256,256,256,1048576
g0p200_closed_n20,20,0.200000,0.500000,false,2,256,1.000e-12,0.02000,5.500000,11,6.3736541266,7.1626085120,256,256,256,262144
g0p200_closed_n20,20,0.200000,0.500000,false,2,256,1.000e-12,0.02000,5.500000,12,6.1579844368,7.0793067662,256,256,256,65536
g0p200_closed_n20,20,0.200000,0.500000,false,2,256,1.000e-12,0.02000,5.500000,13,6.1004468877,6.9805902863,256,256,256,16384
g0p200_closed_n20,20,0.200000,0.500000,false,2,256,1.000e-12,0.02000,5.500000,14,5.5541825317,6.7219767081,256,256,256,4096
g0p200_closed_n20,20,0.200000,0.500000,false,2,256,1.000e-12,0.02000,5.500000,15,5.2696831923,6.3860862164,256,256,256,1024
g0p200_closed_n20,20,0.200000,0.500000,false,2,256,1.000e-12,0.02000,5.500000,16,4.3825808051,5.5694372536,255,214,255,256
g0p200_closed_n20,20,0.200000,0.500000,false,2,256,1.000e-12,0.02000,5.500000,17,3.7486848755,4.5082946880,64,63,64,64
g0p200_closed_n20,20,0.200000,0.500000,false,2,256,1.000e-12,0.02000,5.500000,18,2.6092875346,3.1921665632,16,16,16,16
g0p200_closed_n20,20,0.200000,0.500000,false,2,256,1.000e-12,0.02000,5.500000,19,1.8962310045,1.9472825142,4,4,4,4
g0p200_closed_n20,20,0.200000,0.500000,false,2,256,1.000e-12,0.02000,5.750000,1,1.8903129808,1.9441976891,4,4,4,4
g0p200_closed_n20,20,0.200000,0.500000,false,2,256,1.000e-12,0.02000,5.750000,2,2.6019915086,3.1847460469,16,16,16,16
g0p200_closed_n20,20,0.200000,0.500000,false,2,256,1.000e-12,0.02000,5.750000,3,3.7639745657,4.5097181930,64,63,64,64
g0p200_closed_n20,20,0.200000,0.500000,false,2,256,1.000e-12,0.02000,5.750000,4,4.3628655759,5.5576236966,255,217,255,256
g0p200_closed_n20,20,0.200000,0.500000,false,2,256,1.000e-12,0.02000,5.750000,5,5.2650694786,6.3916197491,256,256,256,1024
g0p200_closed_n20,20,0.200000,0.500000,false,2,256,1.000e-12,0.02000,5.750000,6,5.5832125529,6.7404272323,256,256,256,4096
g0p200_closed_n20,20,0.200000,0.500000,false,2,256,1.000e-12,0.02000,5.750000,7,6.1369448291,7.0070482033,256,256,256,16384
g0p200_closed_n20,20,0.200000,0.500000,false,2,256,1.000e-12,0.02000,5.750000,8,6.2069165563,7.1119172511,256,256,256,65536
g0p200_closed_n20,20,0.200000,0.500000,false,2,256,1.000e-12,0.02000,5.750000,9,6.5031878761,7.2328978374,256,256,256,262144
g0p200_closed_n20,20,0.200000,0.500000,false,2,256,1.000e-12,0.02000,5.750000,10,6.4141841839,7.2122809136,256,256,256,1048576
g0p200_closed_n20,20,0.200000,0.500000,false,2,256,1.000e-12,0.02000,5.750000,11,6.5047046846,7.2332310907,256,256,256,262144
g0p200_closed_n20,20,0.200000,0.500000,false,2,256,1.000e-12,0.02000,5.750000,12,6.2074994670,7.1122886793,256,256,256,65536
g0p200_closed_n20,20,0.200000,0.500000,false,2,256,1.000e-12,0.02000,5.750000,13,6.1359374833,7.0057774925,256,256,256,16384
g0p200_closed_n20,20,0.200000,0.500000,false,2,256,1.000e-12,0.02000,5.750000,14,5.5830866460,6.7395090410,256,256,256,4096
g0p200_closed_n20,20,0.200000,0.500000,false,2,256,1.000e-12,0.02000,5.750000,15,5.2648742049,6.3919864155,256,256,256,1024
g0p200_closed_n20,20,0.200000,0.500000,false,2,256,1.000e-12,0.02000,5.750000,16,4.3621779774,5.5571447588,255,218,255,256
g0p200_closed_n20,20,0.200000,0.500000,false,2,256,1.000e-12,0.02000,5.750000,17,3.7642485242,4.5098859890,64,63,64,64
g0p200_closed_n20,20,0.200000,0.500000,false,2,256,1.000e-12,0.02000,5.750000,18,2.6020701309,3.1847591150,16,16,16,16
g0p200_closed_n20,20,0.200000,0.500000,false,2,256,1.000e-12,0.02000,5.750000,19,1.8903192420,1.9442001430,4,4,4,4
g0p200_closed_n20,20,0.200000,0.500000,false,2,256,1.000e-12,0.02000,6.000000,1,1.8793076771,1.9384502726,4,4,4,4
g0p200_closed_n20,20,0.200000,0.500000,false,2,256,1.000e-12,0.02000,6.000000,2,2.5939177717,3.1762427097,16,16,16,16
g0p200_closed_n20,20,0.200000,0.500000,false,2,256,1.000e-12,0.02000,6.000000,3,3.7814910667,4.5136829064,64,63,64,64
g0p200_closed_n20,20,0.200000,0.500000,false,2,256,1.000e-12,0.02000,6.000000,4,4.3435987914,5.5407413660,255,219,255,256
g0p200_closed_n20,20,0.200000,0.500000,false,2,256,1.000e-12,0.02000,6.000000,5,5.2418952502,6.3870829199,256,256,256,1024
g0p200_closed_n20,20,0.200000,0.500000,false,2,256,1.000e-12,0.02000,6.000000,6,5.6025076456,6.7504271362,256,256,256,4096
g0p200_closed_n20,20,0.200000,0.500000,false,2,256,1.000e-12,0.02000,6.000000,7,6.1720924028,7.0315400707,256,256,256,16384
g0p200_closed_n20,20,0.200000,0.500000,false,2,256,1.000e-12,0.02000,6.000000,8,6.2523029125,7.1431641542,256,256,256,65536
g0p200_closed_n20,20,0.200000,0.500000,false,2,256,1.000e-12,0.02000,6.000000,9,6.6101739150,7.2890092876,256,256,256,262144
g0p200_closed_n20,20,0.200000,0.500000,false,2,256,1.000e-12,0.02000,6.000000,10,6.5055697234,7.2677420946,256,256,256,1048576
g0p200_closed_n20,20,0.200000,0.500000,false,2,256,1.000e-12,0.02000,6.000000,11,6.6113248353,7.2893348808,256,256,256,262144
g0p200_closed_n20,20,0.200000,0.500000,false,2,256,1.000e-12,0.02000,6.000000,12,6.2532171351,7.1432612540,256,256,256,65536
g0p200_closed_n20,20,0.200000,0.500000,false,2,256,1.000e-12,0.02000,6.000000,13,6.1712073038,7.0307314746,256,256,256,16384
g0p200_closed_n20,20,0.200000,0.500000,false,2,256,1.000e-12,0.02000,6.000000,14,5.6021884747,6.7493647535,256,256,256,4096
g0p200_closed_n20,20,0.200000,0.500000,false,2,256,1.000e-12,0.02000,6.000000,15,5.2419611844,6.3876315293,256,256,256,1024
g0p200_closed_n20,20,0.200000,0.500000,false,2,256,1.000e-12,0.02000,6.000000,16,4.3425631925,5.5400106562,256,220,256,256
g0p200_closed_n20,20,0.200000,0.500000,false,2,256,1.000e-12,0.02000,6.000000,17,3.7817132091,4.5138132621,64,63,64,64
g0p200_closed_n20,20,0.200000,0.500000,false,2,256,1.000e-12,0.02000,6.000000,18,2.5940934988,3.1763103519,16,16,16,16
g0p200_closed_n20,20,0.200000,0.500000,false,2,256,1.000e-12,0.02000,6.000000,19,1.8793170651,1.9384546782,4,4,4,4
g0p200_closed_n20,20,0.200000,0.500000,false,2,256,1.000e-12,0.02000,6.250000,1,1.8656976662,1.9313024475,4,4,4,4
g0p200_closed_n20,20,0.200000,0.500000,false,2,256,1.000e-12,0.02000,6.250000,2,2.5878936960,3.1687011168,16,16,16,16
g0p200_closed_n20,20,0.200000,0.500000,false,2,256,1.000e-12,0.02000,6.250000,3,3.7925086352,4.5151848592,64,63,64,64
g0p200_closed_n20,20,0.200000,0.500000,false,2,256,1.000e-12,0.02000,6.250000,4,4.3305692867,5.5239497500,255,221,255,256
g0p200_closed_n20,20,0.200000,0.500000,false,2,256,1.000e-12,0.02000,6.250000,5,5.2039441371,6.3701492822,256,256,256,1024
g0p200_closed_n20,20,0.200000,0.500000,false,2,256,1.000e-12,0.02000,6.250000,6,5.6090985370,6.7523806543,256,256,256,4096
g0p200_closed_n20,20,0.200000,0.500000,false,2,256,1.000e-12,0.02000,6.250000,7,6.2051871674,7.0562649036,256,256,256,16384
g0p200_closed_n20,20,0.200000,0.500000,false,2,256,1.000e-12,0.02000,6.250000,8,6.3033929245,7.1752349299,256,256,256,65536
g0p200_closed_n20,20,0.200000,0.500000,false,2,256,1.000e-12,0.02000,6.250000,9,6.6880268124,7.3289125103,256,256,256,262144
g0p200_closed_n20,20,0.200000,0.500000,false,2,256,1.000e-12,0.02000,6.250000,10,6.5816327803,7.3131807357,256,256,256,1048576
g0p200_closed_n20,20,0.200000,0.500000,false,2,256,1.000e-12,0.02000,6.250000,11,6.6886115449,7.3290111353,256,256,256,262144
g0p200_closed_n20,20,0.200000,0.500000,false,2,256,1.000e-12,0.02000,6.250000,12,6.3044761958,7.1751272548,256,256,256,65536
g0p200_closed_n20,20,0.200000,0.500000,false,2,256,1.000e-12,0.02000,6.250000,13,6.2045070536,7.0557259639,256,256,256,16384
g0p200_closed_n20,20,0.200000,0.500000,false,2,256,1.000e-12,0.02000,6.250000,14,5.6085441154,6.7513522600,256,256,256,4096
g0p200_closed_n20,20,0.200000,0.500000,false,2,256,1.000e-12,0.02000,6.250000,15,5.2041972973,6.3706967522,256,256,256,1024
g0p200_closed_n20,20,0.200000,0.500000,false,2,256,1.000e-12,0.02000,6.250000,16,4.3293624796,5.5230795382,256,223,256,256
g0p200_closed_n20,20,0.200000,0.500000,false,2,256,1.000e-12,0.02000,6.250000,17,3.7926314242,4.5152922180,64,63,64,64
g0p200_closed_n20,20,0.200000,0.500000,false,2,256,1.000e-12,0.02000,6.250000,18,2.5881792470,3.1688591208,16,16,16,16
g0p200_closed_n20,20,0.200000,0.500000,false,2,256,1.000e-12,0.02000,6.250000,19,1.8657093294,1.9313092054,4,4,4,4
g0p200_closed_n20,20,0.200000,0.500000,false,2,256,1.000e-12,0.02000,6.500000,1,1.8526397550,1.9243926048,4,4,4,4
g0p200_closed_n20,20,0.200000,0.500000,false,2,256,1.000e-12,0.02000,6.500000,2,2.5840378404,3.1626405686,16,16,16,16
g0p200_closed_n20,20,0.200000,0.500000,false,2,256,1.000e-12,0.02000,6.500000,3,3.7935449358,4.5115520554,64,63,64,64
g0p200_closed_n20,20,0.200000,0.500000,false,2,256,1.000e-12,0.02000,6.500000,4,4.3211587940,5.5095309512,255,224,255,256
g0p200_closed_n20,20,0.200000,0.500000,false,2,256,1.000e-12,0.02000,6.500000,5,5.1620547368,6.3445690054,256,256,256,1024
g0p200_closed_n20,20,0.200000,0.500000,false,2,256,1.000e-12,0.02000,6.500000,6,5.6027211528,6.7486385619,256,256,256,4096
g0p200_closed_n20,20,0.200000,0.500000,false,2,256,1.000e-12,0.02000,6.500000,7,6.2302216552,7.0790325316,256,256,256,16384
g0p200_closed_n20,20,0.200000,0.500000,false,2,256,1.000e-12,0.02000,6.500000,8,6.3629601804,7.2080257000,256,256,256,65536
g0p200_closed_n20,20,0.200000,0.500000,false,2,256,1.000e-12,0.02000,6.500000,9,6.7409957519,7.3554725937,256,256,256,262144
g0p200_closed_n20,20,0.200000,0.500000,false,2,256,1.000e-12,0.02000,6.500000,10,6.6406969672,7.3480794929,256,256,256,1048576
g0p200_closed_n20,20,0.200000,0.500000,false,2,256,1.000e-12,0.02000,6.500000,11,6.7409058041,7.3552905236,256,256,256,262144
g0p200_closed_n20,20,0.200000,0.500000,false,2,256,1.000e-12,0.02000,6.500000,12,6.3636742463,7.2076323658,256,256,256,65536
g0p200_closed_n20,20,0.200000,0.500000,false,2,256,1.000e-12,0.02000,6.500000,13,6.2298535105,7.0786557311,256,256,256,16384
g0p200_closed_n20,20,0.200000,0.500000,false,2,256,1.000e-12,0.02000,6.500000,14,5.6018267370,6.7476153935,256,256,256,4096
g0p200_closed_n20,20,0.200000,0.500000,false,2,256,1.000e-12,0.02000,6.500000,15,5.1623971256,6.3450052301,256,256,256,1024
g0p200_closed_n20,20,0.200000,0.500000,false,2,256,1.000e-12,0.02000,6.500000,16,4.3200435755,5.5086956460,256,225,256,256
g0p200_closed_n20,20,0.200000,0.500000,false,2,256,1.000e-12,0.02000,6.500000,17,3.7935577742,4.5116989599,64,63,64,64
g0p200_closed_n20,20,0.200000,0.500000,false,2,256,1.000e-12,0.02000,6.500000,18,2.5843971091,3.1628899171,16,16,16,16
g0p200_closed_n20,20,0.200000,0.500000,false,2,256,1.000e-12,0.02000,6.500000,19,1.8526518210,1.9244019973,4,4,4,4
g0p200_closed_n20,20,0.200000,0.500000,false,2,256,1.000e-12,0.02000,6.750000,1,1.8431566374,1.9193261058,4,4,4,4
g0p200_closed_n20,20,0.200000,0.500000,false,2,256,1.000e-12,0.02000,6.750000,2,2.5802611481,3.1570720463,16,16,16,16
g0p200_closed_n20,20,0.200000,0.500000,false,2,256,1.000e-12,0.02000,6.750000,3,3.7855781091,4.5028270536,64,63,64,64
g0p200_closed_n20,20,0.200000,0.500000,false,2,256,1.000e-12,0.02000,6.750000,4,4.3086359916,5.4969927926,255,225,255,256
g0p200_closed_n20,20,0.200000,0.500000,false,2,256,1.000e-12,0.02000,6.750000,5,5.1286830919,6.3179933798,256,256,256,1024
g0p200_closed_n20,20,0.200000,0.500000,false,2,256,1.000e-12,0.02000,6.750000,6,5.5869983462,6.7406873026,256,256,256,4096
g0p200_closed_n20,20,0.200000,0.500000,false,2,256,1.000e-12,0.02000,6.750000,7,6.2415367384,7.0956059706,256,256,256,16384
g0p200_closed_n20,20,0.200000,0.500000,false,2,256,1.000e-12,0.02000,6.750000,8,6.4261894384,7.2401068993,256,256,256,65536
g0p200_closed_n20,20,0.200000,0.500000,false,2,256,1.000e-12,0.02000,6.750000,9,6.7782869583,7.3744963650,256,256,256,262144
g0p200_closed_n20,20,0.200000,0.500000,false,2,256,1.000e-12,0.02000,6.750000,10,6.6873509501,7.3751747675,256,256,256,1048576
g0p200_closed_n20,20,0.200000,0.500000,false,2,256,1.000e-12,0.02000,6.750000,11,6.7776446391,7.3740830456,256,256,256,262144
g0p200_closed_n20,20,0.200000,0.500000,false,2,256,1.000e-12,0.02000,6.750000,12,6.4258698239,7.2392316291,256,256,256,65536
g0p200_closed_n20,20,0.200000,0.500000,false,2,256,1.000e-12,0.02000,6.750000,13,6.2416613192,7.0954797344,256,256,256,16384
g0p200_closed_n20,20,0.200000,0.500000,false,2,256,1.000e-12,0.02000,6.750000,14,5.5857702211,6.7396344909,256,256,256,4096
g0p200_closed_n20,20,0.200000,0.500000,false,2,256,1.000e-12,0.02000,6.750000,15,5.1291183886,6.3184313749,256,256,256,1024
g0p200_closed_n20,20,0.200000,0.500000,false,2,256,1.000e-12,0.02000,6.750000,16,4.3078439052,5.4963663173,256,226,256,256
g0p200_closed_n20,20,0.200000,0.500000,false,2,256,1.000e-12,0.02000,6.750000,17,3.7854972648,4.5030685474,64,63,64,64
g0p200_closed_n20,20,0.200000,0.500000,false,2,256,1.000e-12,0.02000,6.750000,18,2.5805995387,3.1573471480,16,16,16,16
g0p200_closed_n20,20,0.200000,0.500000,false,2,256,1.000e-12,0.02000,6.750000,19,1.8431663098,1.9193378875,4,4,4,4
g0p200_closed_n20,20,0.200000,0.500000,false,2,256,1.000e-12,0.02000,7.000000,1,1.8390798614,1.9171023419,4,4,4,4
g0p200_closed_n20,20,0.200000,0.500000,false,2,256,1.000e-12,0.02000,7.000000,2,2.5743916909,3.1506138277,16,16,16,16
g0p200_closed_n20,20,0.200000,0.500000,false,2,256,1.000e-12,0.02000,7.000000,3,3.7707397711,4.4905823643,64,62,64,64
g0p200_closed_n20,20,0.200000,0.500000,false,2,256,1.000e-12,0.02000,7.000000,4,4.2880557529,5.4848154704,255,227,255,256
g0p200_closed_n20,20,0.200000,0.500000,false,2,256,1.000e-12,0.02000,7.000000,5,5.1107176083,6.2975771746,256,256,256,1024
g0p200_closed_n20,20,0.200000,0.500000,false,2,256,1.000e-12,0.02000,7.000000,6,5.5687448373,6.7305186324,256,256,256,4096
g0p200_closed_n20,20,0.200000,0.500000,false,2,256,1.000e-12,0.02000,7.000000,7,6.2385547636,7.1033246684,256,256,256,16384
g0p200_closed_n20,20,0.200000,0.500000,false,2,256,1.000e-12,0.02000,7.000000,8,6.4825290546,7.2685063362,256,256,256,65536
g0p200_closed_n20,20,0.200000,0.500000,false,2,256,1.000e-12,0.02000,7.000000,9,6.8087177858,7.3916457342,256,256,256,262144
g0p200_closed_n20,20,0.200000,0.500000,false,2,256,1.000e-12,0.02000,7.000000,10,6.7302679962,7.3986775370,256,256,256,1048576
g0p200_closed_n20,20,0.200000,0.500000,false,2,256,1.000e-12,0.02000,7.000000,11,6.8078304800,7.3911638016,256,256,256,262144
g0p200_closed_n20,20,0.200000,0.500000,false,2,256,1.000e-12,0.02000,7.000000,12,6.4809268870,7.2670858014,256,256,256,65536
g0p200_closed_n20,20,0.200000,0.500000,false,2,256,1.000e-12,0.02000,7.000000,13,6.2392601053,7.1034813239,256,256,256,16384
g0p200_closed_n20,20,0.200000,0.500000,false,2,256,1.000e-12,0.02000,7.000000,14,5.5674817725,6.7294658616,256,256,256,4096
g0p200_closed_n20,20,0.200000,0.500000,false,2,256,1.000e-12,0.02000,7.000000,15,5.1113046083,6.2982246191,256,256,256,1024
g0p200_closed_n20,20,0.200000,0.500000,false,2,256,1.000e-12,0.02000,7.000000,16,4.2876959250,5.4845463404,256,228,256,256
g0p200_closed_n20,20,0.200000,0.500000,false,2,256,1.000e-12,0.02000,7.000000,17,3.7705948381,4.4909343802,64,62,64,64
g0p200_closed_n20,20,0.200000,0.500000,false,2,256,1.000e-12,0.02000,7.000000,18,2.5745783861,3.1507894634,16,16,16,16
g0p200_closed_n20,20,0.200000,0.500000,false,2,256,1.000e-12,0.02000,7.000000,19,1.8390837297,1.9171149463,4,4,4,4
g0p200_closed_n20,20,0.200000,0.500000,false,2,256,1.000e-12,0.02000,7.250000,1,1.8403590441,1.9177182303,4,4,4,4
g0p200_closed_n20,20,0.200000,0.500000,false,2,256,1.000e-12,0.02000,7.250000,2,2.5658309981,3.1426144461,16,16,16,16
g0p200_closed_n20,20,0.200000,0.500000,false,2,256,1.000e-12,0.02000,7.250000,3,3.7495465232,4.4762092756,64,62,64,64
g0p200_closed_n20,20,0.200000,0.500000,false,2,256,1.000e-12,0.02000,7.250000,4,4.2593468862,5.4712942150,255,227,255,256
g0p200_closed_n20,20,0.200000,0.500000,false,2,256,1.000e-12,0.02000,7.250000,5,5.1052780819,6.2854925615,256,256,256,1024
g0p200_closed_n20,20,0.200000,0.500000,false,2,256,1.000e-12,0.02000,7.250000,6,5.5531303895,6.7209390835,256,256,256,4096
g0p200_closed_n20,20,0.200000,0.500000,false,2,256,1.000e-12,0.02000,7.250000,7,6.2266623078,7.1027686011,256,256,256,16384
g0p200_closed_n20,20,0.200000,0.500000,false,2,256,1.000e-12,0.02000,7.250000,8,6.5206123784,7.2891801983,256,256,256,65536
g0p200_closed_n20,20,0.200000,0.500000,false,2,256,1.000e-12,0.02000,7.250000,9,6.8375738866,7.4101063384,256,256,256,262144
g0p200_closed_n20,20,0.200000,0.500000,false,2,256,1.000e-12,0.02000,7.250000,10,6.7749676029,7.4228074303,256,256,256,1048576
g0p200_closed_n20,20,0.200000,0.500000,false,2,256,1.000e-12,0.02000,7.250000,11,6.8368112986,7.4098077355,256,256,256,262144
g0p200_closed_n20,20,0.200000,0.500000,false,2,256,1.000e-12,0.02000,7.250000,12,6.5181448747,7.2874827137,256,256,256,65536
g0p200_closed_n20,20,0.200000,0.500000,false,2,256,1.000e-12,0.02000,7.250000,13,6.2277006860,7.1030119519,256,256,256,16384
g0p200_closed_n20,20,0.200000,0.500000,false,2,256,1.000e-12,0.02000,7.250000,14,5.5523145799,6.7200033431,256,256,256,4096
g0p200_closed_n20,20,0.200000,0.500000,false,2,256,1.000e-12,0.02000,7.250000,15,5.1059912021,6.2863623088,256,256,256,1024
g0p200_closed_n20,20,0.200000,0.500000,false,2,256,1.000e-12,0.02000,7.250000,16,4.2594058265,5.4715299707,256,229,256,256
g0p200_closed_n20,20,0.200000,0.500000,false,2,256,1.000e-12,0.02000,7.250000,17,3.7493696436,4.4766684688,64,63,64,64
g0p200_closed_n20,20,0.200000,0.500000,false,2,256,1.000e-12,0.02000,7.250000,18,2.5657523256,3.1425612614,16,16,16,16
g0p200_closed_n20,20,0.200000,0.500000,false,2,256,1.000e-12,0.02000,7.250000,19,1.8403553459,1.9177292600,4,4,4,4
g0p200_closed_n20,20,0.200000,0.500000,false,2,256,1.000e-12,0.02000,7.500000,1,1.8451745585,1.9202142836,4,4,4,4
g0p200_closed_n20,20,0.200000,0.500000,false,2,256,1.000e-12,0.02000,7.500000,2,2.5555676983,3.1334456575,16,16,16,16
g0p200_closed_n20,20,0.200000,0.500000,false,2,256,1.000e-12,0.02000,7.500000,3,3.7210406346,4.4599300353,64,62,64,64
g0p200_closed_n20,20,0.200000,0.500000,false,2,256,1.000e-12,0.02000,7.500000,4,4.2268445246,5.4552581682,255,228,255,256
g0p200_closed_n20,20,0.200000,0.500000,false,2,256,1.000e-12,0.02000,7.500000,5,5.1027001113,6.2785134827,256,256,256,1024
g0p200_closed_n20,20,0.200000,0.500000,false,2,256,1.000e-12,0.02000,7.500000,6,5.5409920337,6.7130054243,256,256,256,4096
g0p200_closed_n20,20,0.200000,0.500000,false,2,256,1.000e-12,0.02000,7.500000,7,6.2140324255,7.0970592101,256,256,256,16384
g0p200_closed_n20,20,0.200000,0.500000,false,2,256,1.000e-12,0.02000,7.500000,8,6.5341923955,7.2990910265,256,256,256,65536
g0p200_closed_n20,20,0.200000,0.500000,false,2,256,1.000e-12,0.02000,7.500000,9,6.8649501243,7.4296315457,256,256,256,262144
g0p200_closed_n20,20,0.200000,0.500000,false,2,256,1.000e-12,0.02000,7.500000,10,6.8205024803,7.4476678118,256,256,256,1048576
g0p200_closed_n20,20,0.200000,0.500000,false,2,256,1.000e-12,0.02000,7.500000,11,6.8646036009,7.4296485590,256,256,256,262144
g0p200_closed_n20,20,0.200000,0.500000,false,2,256,1.000e-12,0.02000,7.500000,12,6.5316653523,7.2975456318,256,256,256,65536
g0p200_closed_n20,20,0.200000,0.500000,false,2,256,1.000e-12,0.02000,7.500000,13,6.2149819741,7.0972570195,256,256,256,16384
g0p200_closed_n20,20,0.200000,0.500000,false,2,256,1.000e-12,0.02000,7.500000,14,5.5409979252,6.7123156487,256,256,256,4096
g0p200_closed_n20,20,0.200000,0.500000,false,2,256,1.000e-12,0.02000,7.500000,15,5.1034594623,6.2794685394,256,256,256,1024
g0p200_closed_n20,20,0.200000,0.500000,false,2,256,1.000e-12,0.02000,7.500000,16,4.2272101583,5.4560628495,256,230,256,256
g0p200_closed_n20,20,0.200000,0.500000,false,2,256,1.000e-12,0.02000,7.500000,17,3.7208485637,4.4604847648,64,63,64,64
g0p200_closed_n20,20,0.200000,0.500000,false,2,256,1.000e-12,0.02000,7.500000,18,2.5551910797,3.1331086289,16,16,16,16
g0p200_closed_n20,20,0.200000,0.500000,false,2,256,1.000e-12,0.02000,7.500000,19,1.8451640085,1.9202211800,4,4,4,4
g0p200_closed_n20,20,0.200000,0.500000,false,2,256,1.000e-12,0.02000,7.750000,1,1.8507422113,1.9231124075,4,4,4,4
g0p200_closed_n20,20,0.200000,0.500000,false,2,256,1.000e-12,0.02000,7.750000,2,2.5448993598,3.1240473642,16,16,16,16
g0p200_closed_n20,20,0.200000,0.500000,false,2,256,1.000e-12,0.02000,7.750000,3,3.6852512483,4.4410769181,64,63,64,64
g0p200_closed_n20,20,0.200000,0.500000,false,2,256,1.000e-12,0.02000,7.750000,4,4.1962615464,5.4373814909,255,230,255,256
g0p200_closed_n20,20,0.200000,0.500000,false,2,256,1.000e-12,0.02000,7.750000,5,5.0939699370,6.2722043852,256,256,256,1024
g0p200_closed_n20,20,0.200000,0.500000,false,2,256,1.000e-12,0.02000,7.750000,6,5.5308750419,6.7059900866,256,256,256,4096
g0p200_closed_n20,20,0.200000,0.500000,false,2,256,1.000e-12,0.02000,7.750000,7,6.2068898388,7.0901350833,256,256,256,16384
g0p200_closed_n20,20,0.200000,0.500000,false,2,256,1.000e-12,0.02000,7.750000,8,6.5250505120,7.2981374708,256,256,256,65536
g0p200_closed_n20,20,0.200000,0.500000,false,2,256,1.000e-12,0.02000,7.750000,9,6.8862951832,7.4473684161,256,256,256,262144
g0p200_closed_n20,20,0.200000,0.500000,false,2,256,1.000e-12,0.02000,7.750000,10,6.8617993818,7.4701334458,256,256,256,1048576
g0p200_closed_n20,20,0.200000,0.500000,false,2,256,1.000e-12,0.02000,7.750000,11,6.8864620887,7.4476601373,256,256,256,262144
g0p200_closed_n20,20,0.200000,0.500000,false,2,256,1.000e-12,0.02000,7.750000,12,6.5231765783,7.2970565717,256,256,256,65536
g0p200_closed_n20,20,0.200000,0.500000,false,2,256,1.000e-12,0.02000,7.750000,13,6.2074909994,7.0903525701,256,256,256,16384
g0p200_closed_n20,20,0.200000,0.500000,false,2,256,1.000e-12,0.02000,7.750000,14,5.5317498253,6.7055632459,256,256,256,4096
g0p200_closed_n20,20,0.200000,0.500000,false,2,256,1.000e-12,0.02000,7.750000,15,5.0947996733,6.2730914659,256,256,256,1024
g0p200_closed_n20,20,0.200000,0.500000,false,2,256,1.000e-12,0.02000,7.750000,16,4.1967149228,5.4385689128,256,231,256,256
g0p200_closed_n20,20,0.200000,0.500000,false,2,256,1.000e-12,0.02000,7.750000,17,3.6850381745,4.4416959543,64,63,64,64
g0p200_closed_n20,20,0.200000,0.500000,false,2,256,1.000e-12,0.02000,7.750000,18,2.5443099092,3.1234971193,16,16,16,16
g0p200_closed_n20,20,0.200000,0.500000,false,2,256,1.000e-12,0.02000,7.750000,19,1.8507260720,1.9231124520,4,4,4,4
g0p200_closed_n20,20,0.200000,0.500000,false,2,256,1.000e-12,0.02000,8.000000,1,1.8542924113,1.9249474178,4,4,4,4
g0p200_closed_n20,20,0.200000,0.500000,false,2,256,1.000e-12,0.02000,8.000000,2,2.5341265132,3.1153039318,16,16,16,16
g0p200_closed_n20,20,0.200000,0.500000,false,2,256,1.000e-12,0.02000,8.000000,3,3.6453889047,4.4194458808,64,63,64,64
g0p200_closed_n20,20,0.200000,0.500000,false,2,256,1.000e-12,0.02000,8.000000,4,4.1710282960,5.4202828822,255,231,255,256
g0p200_closed_n20,20,0.200000,0.500000,false,2,256,1.000e-12,0.02000,8.000000,5,5.0753557848,6.2638893548,256,256,256,1024
g0p200_closed_n20,20,0.200000,0.500000,false,2,256,1.000e-12,0.02000,8.000000,6,5.5219026059,6.6998123262,256,256,256,4096
g0p200_closed_n20,20,0.200000,0.500000,false,2,256,1.000e-12,0.02000,8.000000,7,6.2058332298,7.0845823296,256,256,256,16384
g0p200_closed_n20,20,0.200000,0.500000,false,2,256,1.000e-12,0.02000,8.000000,8,6.5015234867,7.2893845603,256,256,256,65536
g0p200_closed_n20,20,0.200000,0.500000,false,2,256,1.000e-12,0.02000,8.000000,9,6.8955448688,7.4599319077,256,256,256,262144
g0p200_closed_n20,20,0.200000,0.500000,false,2,256,1.000e-12,0.02000,8.000000,10,6.8921233387,7.4869364190,256,256,256,1048576
g0p200_closed_n20,20,0.200000,0.500000,false,2,256,1.000e-12,0.02000,8.000000,11,6.8961325119,7.4603970041,256,256,256,262144
g0p200_closed_n20,20,0.200000,0.500000,false,2,256,1.000e-12,0.02000,8.000000,12,6.5007192964,7.2889385434,256,256,256,65536
g0p200_closed_n20,20,0.200000,0.500000,false,2,256,1.000e-12,0.02000,8.000000,13,6.2060839743,7.0848866510,256,256,256,16384
g0p200_closed_n20,20,0.200000,0.500000,false,2,256,1.000e-12,0.02000,8.000000,14,5.5233411148,6.6996421440,256,256,256,4096
g0p200_closed_n20,20,0.200000,0.500000,false,2,256,1.000e-12,0.02000,8.000000,15,5.0764295509,6.2645877318,256,256,256,1024
g0p200_closed_n20,20,0.200000,0.500000,false,2,256,1.000e-12,0.02000,8.000000,16,4.1712959048,5.4214620232,256,233,256,256
g0p200_closed_n20,20,0.200000,0.500000,false,2,256,1.000e-12,0.02000,8.000000,17,3.6451448293,4.4201040110,64,63,64,64
g0p200_closed_n20,20,0.200000,0.500000,false,2,256,1.000e-12,0.02000,8.000000,18,2.5335100480,3.1147194811,16,16,16,16
g0p200_closed_n20,20,0.200000,0.500000,false,2,256,1.000e-12,0.02000,8.000000,19,1.8542692290,1.9249368596,4,4,4,4
g0p200_closed_n20,20,0.200000,0.500000,false,2,256,1.000e-12,0.02000,8.250000,1,1.8537669904,1.9246331707,4,4,4,4
g0p200_closed_n20,20,0.200000,0.500000,false,2,256,1.000e-12,0.02000,8.250000,2,2.5223576639,3.1075496278,16,16,16,16
g0p200_closed_n20,20,0.200000,0.500000,false,2,256,1.000e-12,0.02000,8.250000,3,3.6075763319,4.3965359256,64,63,64,64
g0p200_closed_n20,20,0.200000,0.500000,false,2,256,1.000e-12,0.02000,8.250000,4,4.1512367626,5.4065179986,255,232,255,256
g0p200_closed_n20,20,0.200000,0.500000,false,2,256,1.000e-12,0.02000,8.250000,5,5.0484527921,6.2529742637,256,256,256,1024
g0p200_closed_n20,20,0.200000,0.500000,false,2,256,1.000e-12,0.02000,8.250000,6,5.5145992484,6.6953687661,256,256,256,4096
g0p200_closed_n20,20,0.200000,0.500000,false,2,256,1.000e-12,0.02000,8.250000,7,6.2059736149,7.0804898641,256,256,256,16384
g0p200_closed_n20,20,0.200000,0.500000,false,2,256,1.000e-12,0.02000,8.250000,8,6.4741962727,7.2776282858,256,256,256,65536
g0p200_closed_n20,20,0.200000,0.500000,false,2,256,1.000e-12,0.02000,8.250000,9,6.8885542473,7.4651272831,256,256,256,262144
g0p200_closed_n20,20,0.200000,0.500000,false,2,256,1.000e-12,0.02000,8.250000,10,6.9048149337,7.4956655952,256,256,256,1048576
g0p200_closed_n20,20,0.200000,0.500000,false,2,256,1.000e-12,0.02000,8.250000,11,6.8893855895,7.4656542410,256,256,256,262144
g0p200_closed_n20,20,0.200000,0.500000,false,2,256,1.000e-12,0.02000,8.250000,12,6.4746635700,7.2779621800,256,256,256,65536
g0p200_closed_n20,20,0.200000,0.500000,false,2,256,1.000e-12,0.02000,8.250000,13,6.2061429897,7.0809753653,256,256,256,16384
g0p200_closed_n20,20,0.200000,0.500000,false,2,256,1.000e-12,0.02000,8.250000,14,5.5160728815,6.6954163274,256,256,256,4096
g0p200_closed_n20,20,0.200000,0.500000,false,2,256,1.000e-12,0.02000,8.250000,15,5.0500036884,6.2535384351,256,256,256,1024
g0p200_closed_n20,20,0.200000,0.500000,false,2,256,1.000e-12,0.02000,8.250000,16,4.1511511436,5.4074009106,256,233,256,256
g0p200_closed_n20,20,0.200000,0.500000,false,2,256,1.000e-12,0.02000,8.250000,17,3.6072972447,4.3972388320,64,63,64,64
g0p200_closed_n20,20,0.200000,0.500000,false,2,256,1.000e-12,0.02000,8.250000,18,2.5219261196,3.1071251262,16,16,16,16
g0p200_closed_n20,20,0.200000,0.500000,false,2,256,1.000e-12,0.02000,8.250000,19,1.8537315424,1.9246068741,4,4,4,4
g0p200_closed_n20,20,0.200000,0.500000,false,2,256,1.000e-12,0.02000,8.500000,1,1.8481346262,1.9216173769,4,4,4,4
g0p200_closed_n20,20,0.200000,0.500000,false,2,256,1.000e-12,0.02000,8.500000,2,2.5085705735,3.1003026342,16,16,16,16
g0p200_closed_n20,20,0.200000,0.500000,false,2,256,1.000e-12,0.02000,8.500000,3,3.5777007111,4.3752661159,64,63,64,64
g0p200_closed_n20,20,0.200000,0.500000,false,2,256,1.000e-12,0.02000,8.500000,4,4.1355141035,5.3971609306,255,233,255,256
g0p200_closed_n20,20,0.200000,0.500000,false,2,256,1.000e-12,0.02000,8.500000,5,5.0182045853,6.2407116481,256,256,256,1024
g0p200_closed_n20,20,0.200000,0.500000,false,2,256,1.000e-12,0.02000,8.500000,6,5.5104310190,6.6933461202,256,256,256,4096
g0p200_closed_n20,20,0.200000,0.500000,false,2,256,1.000e-12,0.02000,8.500000,7,6.2008356878,7.0763708520,256,256,256,16384
g0p200_closed_n20,20,0.200000,0.500000,false,2,256,1.000e-12,0.02000,8.500000,8,6.4513891279,7.2673703001,256,256,256,65536
g0p200_closed_n20,20,0.200000,0.500000,false,2,256,1.000e-12,0.02000,8.500000,9,6.8648602436,7.4626102084,256,256,256,262144
g0p200_closed_n20,20,0.200000,0.500000,false,2,256,1.000e-12,0.02000,8.500000,10,6.8947656429,7.4946036119,256,256,256,1048576
g0p200_closed_n20,20,0.200000,0.500000,false,2,256,1.000e-12,0.02000,8.500000,11,6.8657986239,7.4630962619,256,256,256,262144
g0p200_closed_n20,20,0.200000,0.500000,false,2,256,1.000e-12,0.02000,8.500000,12,6.4530939772,7.2685325558,256,256,256,65536
g0p200_closed_n20,20,0.200000,0.500000,false,2,256,1.000e-12,0.02000,8.500000,13,6.2013453871,7.0772326298,256,256,256,16384
g0p200_closed_n20,20,0.200000,0.500000,false,2,256,1.000e-12,0.02000,8.500000,14,5.5114461726,6.6935041356,256,256,256,4096
g0p200_closed_n20,20,0.200000,0.500000,false,2,256,1.000e-12,0.02000,8.500000,15,5.0203585597,6.2414303609,256,256,256,1024
g0p200_closed_n20,20,0.200000,0.500000,false,2,256,1.000e-12,0.02000,8.500000,16,4.1351509400,5.3978440480,256,234,256,256
g0p200_closed_n20,20,0.200000,0.500000,false,2,256,1.000e-12,0.02000,8.500000,17,3.5773632780,4.3760084415,64,63,64,64
g0p200_closed_n20,20,0.200000,0.500000,false,2,256,1.000e-12,0.02000,8.500000,18,2.5084617090,3.1001330040,16,16,16,16
g0p200_closed_n20,20,0.200000,0.500000,false,2,256,1.000e-12,0.02000,8.500000,19,1.8480800809,1.9215698531,4,4,4,4
g0p200_closed_n20,20,0.200000,0.500000,false,2,256,1.000e-12,0.02000,8.750000,1,1.8375106330,1.9159387803,4,4,4,4
g0p200_closed_n20,20,0.200000,0.500000,false,2,256,1.000e-12,0.02000,8.750000,2,2.4930686259,3.0926842751,16,16,16,16
g0p200_closed_n20,20,0.200000,0.500000,false,2,256,1.000e-12,0.02000,8.750000,3,3.5573433615,4.3579423493,64,63,64,64
g0p200_closed_n20,20,0.200000,0.500000,false,2,256,1.000e-12,0.02000,8.750000,4,4.1225829437,5.3919758846,255,234,255,256
g0p200_closed_n20,20,0.200000,0.500000,false,2,256,1.000e-12,0.02000,8.750000,5,4.9900490702,6.2296993615,256,256,256,1024
g0p200_closed_n20,20,0.200000,0.500000,false,2,256,1.000e-12,0.02000,8.750000,6,5.5105281490,6.6942342504,256,256,256,4096
g0p200_closed_n20,20,0.200000,0.500000,false,2,256,1.000e-12,0.02000,8.750000,7,6.1864293412,7.0709160265,256,256,256,16384
g0p200_closed_n20,20,0.200000,0.500000,false,2,256,1.000e-12,0.02000,8.750000,8,6.4364577684,7.2612544446,256,256,256,65536
g0p200_closed_n20,20,0.200000,0.500000,false,2,256,1.000e-12,0.02000,8.750000,9,6.8275365482,7.4536727138,256,256,256,262144
g0p200_closed_n20,20,0.200000,0.500000,false,2,256,1.000e-12,0.02000,8.750000,10,6.8607543276,7.4836321394,256,256,256,1048576
g0p200_closed_n20,20,0.200000,0.500000,false,2,256,1.000e-12,0.02000,8.750000,11,6.8285180690,7.4540512191,256,256,256,262144
g0p200_closed_n20,20,0.200000,0.500000,false,2,256,1.000e-12,0.02000,8.750000,12,6.4390334204,7.2630354213,256,256,256,65536
g0p200_closed_n20,20,0.200000,0.500000,false,2,256,1.000e-12,0.02000,8.750000,13,6.1875797010,7.0722856396,256,256,256,16384
g0p200_closed_n20,20,0.200000,0.500000,false,2,256,1.000e-12,0.02000,8.750000,14,5.5109412118,6.6944954580,256,256,256,4096
g0p200_closed_n20,20,0.200000,0.500000,false,2,256,1.000e-12,0.02000,8.750000,15,4.9926713633,6.2307974317,256,256,256,1024
g0p200_closed_n20,20,0.200000,0.500000,false,2,256,1.000e-12,0.02000,8.750000,16,4.1222302812,5.3927410196,256,235,256,256
g0p200_closed_n20,20,0.200000,0.500000,false,2,256,1.000e-12,0.02000,8.750000,17,3.5568840657,4.3586263202,64,63,64,64
g0p200_closed_n20,20,0.200000,0.500000,false,2,256,1.000e-12,0.02000,8.750000,18,2.4932812248,3.0927263894,16,16,16,16
g0p200_closed_n20,20,0.200000,0.500000,false,2,256,1.000e-12,0.02000,8.750000,19,1.8374327076,1.9158666358,4,4,4,4
g0p200_closed_n20,20,0.200000,0.500000,false,2,256,1.000e-12,0.02000,9.000000,1,1.8232388067,1.9082812440,4,4,4,4
g0p200_closed_n20,20,0.200000,0.500000,false,2,256,1.000e-12,0.02000,9.000000,2,2.4781741012,3.0846440380,16,16,16,16
g0p200_closed_n20,20,0.200000,0.500000,false,2,256,1.000e-12,0.02000,9.000000,3,3.5421168455,4.3441785141,64,63,64,64
g0p200_closed_n20,20,0.200000,0.500000,false,2,256,1.000e-12,0.02000,9.000000,4,4.1116014002,5.3897177249,255,236,255,256
g0p200_closed_n20,20,0.200000,0.500000,false,2,256,1.000e-12,0.02000,9.000000,5,4.9666560655,6.2221633715,256,256,256,1024
g0p200_closed_n20,20,0.200000,0.500000,false,2,256,1.000e-12,0.02000,9.000000,6,5.5138028892,6.6975583297,256,256,256,4096
g0p200_closed_n20,20,0.200000,0.500000,false,2,256,1.000e-12,0.02000,9.000000,7,6.1624394801,7.0636838182,256,256,256,16384
g0p200_closed_n20,20,0.200000,0.500000,false,2,256,1.000e-12,0.02000,9.000000,8,6.4278758405,7.2596442292,256,256,256,65536
g0p200_closed_n20,20,0.200000,0.500000,false,2,256,1.000e-12,0.02000,9.000000,9,6.7818168728,7.4405273879,256,256,256,262144
g0p200_closed_n20,20,0.200000,0.500000,false,2,256,1.000e-12,0.02000,9.000000,10,6.8081973736,7.4654002958,256,256,256,1048576
g0p200_closed_n20,20,0.200000,0.500000,false,2,256,1.000e-12,0.02000,9.000000,11,6.7828277978,7.4407970870,256,256,256,262144
g0p200_closed_n20,20,0.200000,0.500000,false,2,256,1.000e-12,0.02000,9.000000,12,6.4307520298,7.2616327718,256,256,256,65536
g0p200_closed_n20,20,0.200000,0.500000,false,2,256,1.000e-12,0.02000,9.000000,13,6.1642226103,7.0654882262,256,256,256,16384
g0p200_closed_n20,20,0.200000,0.500000,false,2,256,1.000e-12,0.02000,9.000000,14,5.5140372129,6.6981934930,256,256,256,4096
g0p200_closed_n20,20,0.200000,0.500000,false,2,256,1.000e-12,0.02000,9.000000,15,4.9693818767,6.2235167207,256,256,256,1024
g0p200_closed_n20,20,0.200000,0.500000,false,2,256,1.000e-12,0.02000,9.000000,16,4.1116040683,5.3907232239,256,236,256,256
g0p200_closed_n20,20,0.200000,0.500000,false,2,256,1.000e-12,0.02000,9.000000,17,3.5414751028,4.3446207579,64,63,64,64
g0p200_closed_n20,20,0.200000,0.500000,false,2,256,1.000e-12,0.02000,9.000000,18,2.4785674998,3.0847692438,16,16,16,16
g0p200_closed_n20,20,0.200000,0.500000,false,2,256,1.000e-12,0.02000,9.000000,19,1.8231408579,1.9081867815,4,4,4,4
g0p200_closed_n20,20,0.200000,0.500000,false,2,256,1.000e-12,0.02000,9.250000,1,1.8078511558,1.8999812980,4,4,4,4
g0p200_closed_n20,20,0.200000,0.500000,false,2,256,1.000e-12,0.02000,9.250000,2,2.4676034350,3.0778486494,16,16,16,16
g0p200_closed_n20,20,0.200000,0.500000,false,2,256,1.000e-12,0.02000,9.250000,3,3.5240557027,4.3309474199,64,63,64,64
g0p200_closed_n20,20,0.200000,0.500000,false,2,256,1.000e-12,0.02000,9.250000,4,4.1027060147,5.3888178162,256,237,255,256
g0p200_closed_n20,20,0.200000,0.500000,false,2,256,1.000e-12,0.02000,9.250000,5,4.9461682677,6.2176526299,256,256,256,1024
g0p200_closed_n20,20,0.200000,0.500000,false,2,256,1.000e-12,0.02000,9.250000,6,5.5171779762,6.7012942921,256,256,256,4096
g0p200_closed_n20,20,0.200000,0.500000,false,2,256,1.000e-12,0.02000,9.250000,7,6.1305992270,7.0548584481,256,256,256,16384
g0p200_closed_n20,20,0.200000,0.500000,false,2,256,1.000e-12,0.02000,9.250000,8,6.4219167685,7.2612974679,256,256,256,65536
g0p200_closed_n20,20,0.200000,0.500000,false,2,256,1.000e-12,0.02000,9.250000,9,6.7331647383,7.4254815507,256,256,256,262144
g0p200_closed_n20,20,0.200000,0.500000,false,2,256,1.000e-12,0.02000,9.250000,10,6.7497020945,7.4452537855,256,256,256,1048576
g0p200_closed_n20,20,0.200000,0.500000,false,2,256,1.000e-12,0.02000,9.250000,11,6.7342647511,7.4257272657,256,256,256,262144
g0p200_closed_n20,20,0.200000,0.500000,false,2,256,1.000e-12,0.02000,9.250000,12,6.4246766999,7.2631441302,256,256,256,65536
g0p200_closed_n20,20,0.200000,0.500000,false,2,256,1.000e-12,0.02000,9.250000,13,6.1326989545,7.0568479564,256,256,256,16384
g0p200_closed_n20,20,0.200000,0.500000,false,2,256,1.000e-12,0.02000,9.250000,14,5.5180183541,6.7026469943,256,256,256,4096
g0p200_closed_n20,20,0.200000,0.500000,false,2,256,1.000e-12,0.02000,9.250000,15,4.9486279400,6.2190757212,256,256,256,1024
g0p200_closed_n20,20,0.200000,0.500000,false,2,256,1.000e-12,0.02000,9.250000,16,4.1033045107,5.3900703477,256,237,256,256
g0p200_closed_n20,20,0.200000,0.500000,false,2,256,1.000e-12,0.02000,9.250000,17,3.5232792736,4.3310354495,64,63,64,64
g0p200_closed_n20,20,0.200000,0.500000,false,2,256,1.000e-12,0.02000,9.250000,18,2.4679455696,3.0779159635,16,16,16,16
g0p200_closed_n20,20,0.200000,0.500000,false,2,256,1.000e-12,0.02000,9.250000,19,1.8077490002,1.8998763044,4,4,4,4
g0p200_closed_n20,20,0.200000,0.500000,false,2,256,1.000e-12,0.02000,9.500000,1,1.7946600548,1.8928394706,4,4,4,4
g0p200_closed_n20,20,0.200000,0.500000,false,2,256,1.000e-12,0.02000,9.500000,2,2.4650439921,3.0752361523,16,16,16,16
g0p200_closed_n20,20,0.200000,0.500000,false,2,256,1.000e-12,0.02000,9.500000,3,3.4962017392,4.3147911608,64,63,64,64
g0p200_closed_n20,20,0.200000,0.500000,false,2,256,1.000e-12,0.02000,9.500000,4,4.0974669690,5.3886999691,256,238,256,256
g0p200_closed_n20,20,0.200000,0.500000,false,2,256,1.000e-12,0.02000,9.500000,5,4.9234628062,6.2132854683,256,256,256,1024
g0p200_closed_n20,20,0.200000,0.500000,false,2,256,1.000e-12,0.02000,9.500000,6,5.5181007194,6.7037316713,256,256,256,4096
g0p200_closed_n20,20,0.200000,0.500000,false,2,256,1.000e-12,0.02000,9.500000,7,6.0923558316,7.0448573508,256,256,256,16384
g0p200_closed_n20,20,0.200000,0.500000,false,2,256,1.000e-12,0.02000,9.500000,8,6.4158562994,7.2644769742,256,256,256,65536
g0p200_closed_n20,20,0.200000,0.500000,false,2,256,1.000e-12,0.02000,9.500000,9,6.6851744532,7.4101504931,256,256,256,262144
g0p200_closed_n20,20,0.200000,0.500000,false,2,256,1.000e-12,0.02000,9.500000,10,6.7006965072,7.4292842745,256,256,256,1048576
g0p200_closed_n20,20,0.200000,0.500000,false,2,256,1.000e-12,0.02000,9.500000,11,6.6865201276,7.4105147800,256,256,256,262144
g0p200_closed_n20,20,0.200000,0.500000,false,2,256,1.000e-12,0.02000,9.500000,12,6.4184239569,7.2660326466,256,256,256,65536
g0p200_closed_n20,20,0.200000,0.500000,false,2,256,1.000e-12,0.02000,9.500000,13,6.0943102823,7.0467271095,256,256,256,16384
g0p200_closed_n20,20,0.200000,0.500000,false,2,256,1.000e-12,0.02000,9.500000,14,5.5201134501,6.7058977527,256,256,256,4096
g0p200_closed_n20,20,0.200000,0.500000,false,2,256,1.000e-12,0.02000,9.500000,15,4.9254700220,6.2148626996,256,256,256,1024
g0p200_closed_n20,20,0.200000,0.500000,false,2,256,1.000e-12,0.02000,9.500000,16,4.0986760022,5.3900791861,256,239,256,256
g0p200_closed_n20,20,0.200000,0.500000,false,2,256,1.000e-12,0.02000,9.500000,17,3.4955149742,4.3146257440,64,63,64,64
g0p200_closed_n20,20,0.200000,0.500000,false,2,256,1.000e-12,0.02000,9.500000,18,2.4651062818,3.0751487058,16,16,16,16
g0p200_closed_n20,20,0.200000,0.500000,false,2,256,1.000e-12,0.02000,9.500000,19,1.7945825666,1.8927461167,4,4,4,4
g0p200_closed_n20,20,0.200000,0.500000,false,2,256,1.000e-12,0.02000,9.750000,1,1.7868694134,1.8886378151,4,4,4,4
g0p200_closed_n20,20,0.200000,0.500000,false,2,256,1.000e-12,0.02000,9.750000,2,2.4727698556,3.0795476600,16,16,16,16
g0p200_closed_n20,20,0.200000,0.500000,false,2,256,1.000e-12,0.02000,9.750000,3,3.4562571185,4.2942303301,64,63,64,64
g0p200_closed_n20,20,0.200000,0.500000,false,2,256,1.000e-12,0.02000,9.750000,4,4.0981202346,5.3903481794,256,240,256,256
g0p200_closed_n20,20,0.200000,0.500000,false,2,256,1.000e-12,0.02000,9.750000,5,4.8932244181,6.2061282201,256,256,256,1024
g0p200_closed_n20,20,0.200000,0.500000,false,2,256,1.000e-12,0.02000,9.750000,6,5.5161835351,6.7047498110,256,256,256,4096
g0p200_closed_n20,20,0.200000,0.500000,false,2,256,1.000e-12,0.02000,9.750000,7,6.0478150494,7.0338661084,256,256,256,16384
g0p200_closed_n20,20,0.200000,0.500000,false,2,256,1.000e-12,0.02000,9.750000,8,6.4092204289,7.2677463785,256,256,256,65536
g0p200_closed_n20,20,0.200000,0.500000,false,2,256,1.000e-12,0.02000,9.750000,9,6.6385104312,7.3951311484,256,256,256,262144
g0p200_closed_n20,20,0.200000,0.500000,false,2,256,1.000e-12,0.02000,9.750000,10,6.6716430287,7.4211781845,256,256,256,1048576
g0p200_closed_n20,20,0.200000,0.500000,false,2,256,1.000e-12,0.02000,9.750000,11,6.6402989135,7.3957255917,256,256,256,262144
g0p200_closed_n20,20,0.200000,0.500000,false,2,256,1.000e-12,0.02000,9.750000,12,6.4116921527,7.2690027247,256,256,256,65536
g0p200_closed_n20,20,0.200000,0.500000,false,2,256,1.000e-12,0.02000,9.750000,13,6.0493469463,7.0354294463,256,256,256,16384
g0p200_closed_n20,20,0.200000,0.500000,false,2,256,1.000e-12,0.02000,9.750000,14,5.5193295356,6.7075443452,256,256,256,4096
g0p200_closed_n20,20,0.200000,0.500000,false,2,256,1.000e-12,0.02000,9.750000,15,4.8948230282,6.2079864957,256,256,256,1024
g0p200_closed_n20,20,0.200000,0.500000,false,2,256,1.000e-12,0.02000,9.750000,16,4.0996868347,5.3916446881,256,240,256,256
g0p200_closed_n20,20,0.200000,0.500000,false,2,256,1.000e-12,0.02000,9.750000,17,3.4560071983,4.2941239825,64,63,64,64
g0p200_closed_n20,20,0.200000,0.500000,false,2,256,1.000e-12,0.02000,9.750000,18,2.4724391618,3.0792888264,16,16,16,16
g0p200_closed_n20,20,0.200000,0.500000,false,2,256,1.000e-12,0.02000,9.750000,19,1.7868503432,1.8885831673,4,4,4,4
g0p200_closed_n20,20,0.200000,0.500000,false,2,256,1.000e-12,0.02000,10.000000,1,1.7864619684,1.8884881945,4,4,4,4
g0p200_closed_n20,20,0.200000,0.500000,false,2,256,1.000e-12,0.02000,10.000000,2,2.4905309292,3.0915257496,16,16,16,16
g0p200_closed_n20,20,0.200000,0.500000,false,2,256,1.000e-12,0.02000,10.000000,3,3.4076810907,4.2710052616,64,63,64,64
g0p200_closed_n20,20,0.200000,0.500000,false,2,256,1.000e-12,0.02000,10.000000,4,4.1057501753,5.3955014001,256,241,256,256
g0p200_closed_n20,20,0.200000,0.500000,false,2,256,1.000e-12,0.02000,10.000000,5,4.8533537263,6.1949788447,256,256,256,1024
g0p200_closed_n20,20,0.200000,0.500000,false,2,256,1.000e-12,0.02000,10.000000,6,5.5127759780,6.7052851726,256,256,256,4096
g0p200_closed_n20,20,0.200000,0.500000,false,2,256,1.000e-12,0.02000,10.000000,7,5.9969102427,7.0217793879,256,256,256,16384
g0p200_closed_n20,20,0.200000,0.500000,false,2,256,1.000e-12,0.02000,10.000000,8,6.4027529501,7.2702378260,256,256,256,65536
g0p200_closed_n20,20,0.200000,0.500000,false,2,256,1.000e-12,0.02000,10.000000,9,6.5921921332,7.3804535040,256,256,256,262144
g0p200_closed_n20,20,0.200000,0.500000,false,2,256,1.000e-12,0.02000,10.000000,10,6.6631195436,7.4205634722,256,256,256,1048576
g0p200_closed_n20,20,0.200000,0.500000,false,2,256,1.000e-12,0.02000,10.000000,11,6.5945442351,7.3813205430,256,256,256,262144
g0p200_closed_n20,20,0.200000,0.500000,false,2,256,1.000e-12,0.02000,10.000000,12,6.4051836155,7.2712448591,256,256,256,65536
g0p200_closed_n20,20,0.200000,0.500000,false,2,256,1.000e-12,0.02000,10.000000,13,5.9982039542,7.0231178253,256,256,256,16384
g0p200_closed_n20,20,0.200000,0.500000,false,2,256,1.000e-12,0.02000,10.000000,14,5.5164863942,6.7083628436,256,256,256,4096
g0p200_closed_n20,20,0.200000,0.500000,false,2,256,1.000e-12,0.02000,10.000000,15,4.8548530715,6.1971130281,256,256,256,1024
g0p200_closed_n20,20,0.200000,0.500000,false,2,256,1.000e-12,0.02000,10.000000,16,4.1072753730,5.3965647368,256,241,256,256
g0p200_closed_n20,20,0.200000,0.500000,false,2,256,1.000e-12,0.02000,10.000000,17,3.4081899030,4.2713654355,64,63,64,64
g0p200_closed_n20,20,0.200000,0.500000,false,2,256,1.000e-12,0.02000,10.000000,18,2.4898597719,3.0911671592,16,16,16,16
g0p200_closed_n20,20,0.200000,0.500000,false,2,256,1.000e-12,0.02000,10.000000,19,1.7865235642,1.8884928563,4,4,4,4
