index,object,sigma,sigma_over_s1,cum_weight_frac,tail_weight_frac
1,Xi,5.4238040539e-01,1.0000000000e+00,0.271712346718,7.282876532815e-01
2,Xi,4.6629985271e-01,8.5972842691e-01,0.472543900000,5.274561000003e-01
3,Xi,2.8787244481e-01,5.3075745722e-01,0.549086213192,4.509137868083e-01
4,Xi,2.8312230286e-01,5.2199950450e-01,0.623123339717,3.768766602831e-01
5,Xi,1.9197903564e-01,3.5395643672e-01,0.657164864304,3.428351356961e-01
6,Xi,1.9196809174e-01,3.5393625919e-01,0.691202507880,3.087974921199e-01
7,Xi,1.8393109826e-01,3.3911825801e-01,0.722449751883,2.775502481167e-01
8,Xi,1.8390381451e-01,3.3906795430e-01,0.753687726343,2.463122736570e-01
9,Xi,1.6066591560e-01,2.9622367254e-01,0.777530067465,2.224699325350e-01
10,Xi,1.5448341484e-01,2.8482484490e-01,0.799572783835,2.004272161649e-01
11,Xi,1.1649119536e-01,2.1477766196e-01,0.812106723338,1.878932766616e-01
12,Xi,1.1642341517e-01,2.1465269396e-01,0.824626081384,1.753739186156e-01
13,Xi,1.1165053584e-01,2.0585281978e-01,0.836139996254,1.638600037457e-01
14,Xi,1.1164472856e-01,2.0584211276e-01,0.847652713409,1.523472865912e-01
15,Xi,1.0100851769e-01,1.8623187100e-01,0.857076325188,1.429236748123e-01
16,Xi,9.7802091221e-02,1.8032010421e-01,0.865911144519,1.340888554814e-01
17,Xi,8.8310471142e-02,1.6282017245e-01,0.873114349840,1.268856501597e-01
18,Xi,8.8308837490e-02,1.6281716045e-01,0.880317288661,1.196827113390e-01
19,Xi,8.6158762488e-02,1.5885301466e-01,0.887173754170,1.128262458302e-01
20,Xi,8.6091154129e-02,1.5872836347e-01,0.894019463431,1.059805365694e-01
21,Xi,8.1206013920e-02,1.4972151116e-01,0.900110311648,9.988968835194e-02
22,Xi,8.0623160544e-02,1.4864689016e-01,0.906114039934,9.388596006620e-02
23,Xi,7.2600805940e-02,1.3385587904e-01,0.910982417744,8.901758225560e-02
24,Xi,7.2594817464e-02,1.3384483794e-01,0.915849992452,8.415000754797e-02
25,Xi,7.1538486798e-02,1.3189725530e-01,0.920576941160,7.942305883953e-02
26,Xi,6.9252739283e-02,1.2768296678e-01,0.925006651248,7.499334875223e-02
27,Xi,6.9247108091e-02,1.2767258441e-01,0.929435640973,7.056435902730e-02
28,Xi,6.8928107591e-02,1.2708443540e-01,0.933823918654,6.617608134620e-02
29,Xi,6.7001258367e-02,1.2353185643e-01,0.937970281548,6.202971845152e-02
30,Xi,6.2491630651e-02,1.1521734567e-01,0.941577272935,5.842272706544e-02
31,Xi,5.6063842781e-02,1.0336627618e-01,0.944480407156,5.551959284375e-02
32,Xi,5.4903282138e-02,1.0122652218e-01,0.947264591620,5.273540838015e-02
33,Xi,5.4897267619e-02,1.0121543307e-01,0.950048166116,4.995183388421e-02
34,Xi,5.2081951595e-02,9.6024766155e-02,0.952553559290,4.744644071033e-02
35,Xi,5.2030906400e-02,9.5930652882e-02,0.955054043830,4.494595617017e-02
36,Xi,5.1902020517e-02,9.5693022833e-02,0.957542155801,4.245784419942e-02
37,Xi,4.7099581407e-02,8.6838648555e-02,0.959591125261,4.040887473856e-02
38,Xi,4.4816839295e-02,8.2629901172e-02,0.961446295805,3.855370419462e-02
39,Xi,4.4785087026e-02,8.2571358737e-02,0.963298838542,3.670116145795e-02
40,Xi,4.3233900935e-02,7.9711399057e-02,0.965025273562,3.497472643823e-02
41,Xi,4.2846510088e-02,7.8997157091e-02,0.966720908272,3.327909172782e-02
42,Xi,4.2184103121e-02,7.7775861189e-02,0.968364519240,3.163548076010e-02
43,Xi,3.5041398241e-02,6.4606681755e-02,0.969498652913,3.050134708655e-02
44,Xi,3.4992082778e-02,6.4515757631e-02,0.970629596590,2.937040340961e-02
45,Xi,3.3777535464e-02,6.2276467085e-02,0.971683394440,2.831660556021e-02
46,Xi,3.3487919765e-02,6.1742495548e-02,0.972719198792,2.728080120780e-02
47,Xi,3.3392876678e-02,6.1567262287e-02,0.973749131992,2.625086800791e-02
48,Xi,3.2207759995e-02,5.9382233714e-02,0.974707257568,2.529274243201e-02
49,Xi,3.2197028401e-02,5.9362447613e-02,0.975664744757,2.433525524272e-02
50,Xi,2.9456975043e-02,5.4310544316e-02,0.976466197066,2.353380293409e-02
51,Xi,2.9451747570e-02,5.4300906297e-02,0.977267364946,2.273263505372e-02
52,Xi,2.8264262700e-02,5.2111511440e-02,0.978005229610,2.199477038986e-02
53,Xi,2.7590650647e-02,5.0869556446e-02,0.978708342849,2.129165715138e-02
54,Xi,2.7329273064e-02,5.0387648213e-02,0.979398197427,2.060180257350e-02
55,Xi,2.7290745246e-02,5.0316613532e-02,0.980086108311,1.991389168855e-02
56,Xi,2.6448085791e-02,4.8762981716e-02,0.980732193642,1.926780635775e-02
57,Xi,2.6425756619e-02,4.8721812876e-02,0.981377188500,1.862281149985e-02
58,Xi,2.5773914509e-02,4.7519995658e-02,0.981990755732,1.800924426756e-02
59,Xi,2.4707715826e-02,4.5554219105e-02,0.982554609629,1.744539037098e-02
60,Xi,2.4515616533e-02,4.5200040948e-02,0.983109729828,1.689027017236e-02
61,Xi,2.4508722959e-02,4.5187331097e-02,0.983664537880,1.633546211958e-02
62,Xi,2.4031846041e-02,4.4308101477e-02,0.984197965694,1.580203430580e-02
63,Xi,2.3032305209e-02,4.2465223633e-02,0.984687943270,1.531205673023e-02
64,Xi,2.3004954421e-02,4.2414796317e-02,0.985176757843,1.482324215731e-02
65,Xi,2.2982431685e-02,4.2373270599e-02,0.985664615748,1.433538425239e-02
66,Xi,2.1922062597e-02,4.0418242213e-02,0.986108494358,1.389150564209e-02
67,Xi,2.1879342559e-02,4.0339478236e-02,0.986550644661,1.344935533946e-02
68,Xi,2.1710615487e-02,4.0028392013e-02,0.986986001791,1.301399820885e-02
69,Xi,2.0625689091e-02,3.8028086720e-02,0.987378934629,1.262106537119e-02
70,Xi,2.0514025925e-02,3.7822210614e-02,0.987767624471,1.223237552938e-02
71,Xi,1.9734232108e-02,3.6384485708e-02,0.988127325644,1.187267435600e-02
72,Xi,1.8965444882e-02,3.4967053922e-02,0.988459546934,1.154045306626e-02
73,Xi,1.8400153310e-02,3.3924812045e-02,0.988772258737,1.122774126311e-02
74,Xi,1.8395361272e-02,3.3915976847e-02,0.989084807679,1.091519232075e-02
75,Xi,1.8057174908e-02,3.3292454390e-02,0.989385970253,1.061402974681e-02
76,Xi,1.7542020319e-02,3.2342651292e-02,0.989670194164,1.032980583650e-02
77,Xi,1.7514417777e-02,3.2291759810e-02,0.989953524319,1.004647568075e-02
78,Xi,1.6858425582e-02,3.1082290979e-02,0.990216028012,9.783971988122e-03
79,Xi,1.6285424731e-02,3.0025835316e-02,0.990460990492,9.539009508264e-03
80,Xi,1.6274865384e-02,3.0006366790e-02,0.990705635411,9.294364589069e-03
81,Xi,1.6210556520e-02,2.9887798968e-02,0.990948350759,9.051649240766e-03
82,Xi,1.6194316183e-02,2.9857856260e-02,0.991190580029,8.809419971361e-03
83,Xi,1.5940546661e-02,2.9389975196e-02,0.991425277177,8.574722823197e-03
84,Xi,1.5710135265e-02,2.8965160077e-02,0.991653238537,8.346761463150e-03
85,Xi,1.5656679672e-02,2.8866602695e-02,0.991879651205,8.120348794781e-03
86,Xi,1.5621531792e-02,2.8801799691e-02,0.992105048461,7.894951538746e-03
87,Xi,1.5414338023e-02,2.8419791478e-02,0.992324506325,7.675493674888e-03
88,Xi,1.4974495488e-02,2.7608843053e-02,0.992531618576,7.468381423679e-03
89,Xi,1.4395502477e-02,2.6541339498e-02,0.992723024356,7.276975643890e-03
90,Xi,1.4361004180e-02,2.6477734145e-02,0.992913513841,7.086486158805e-03
91,Xi,1.4103956071e-02,2.6003808270e-02,0.993097245199,6.902754801282e-03
92,Xi,1.4095520068e-02,2.5988254605e-02,0.993280756831,6.719243168600e-03
93,Xi,1.4040171465e-02,2.5886207034e-02,0.993462830111,6.537169889456e-03
94,Xi,1.3951311923e-02,2.5722374525e-02,0.993642606017,6.357393982599e-03
95,Xi,1.3798225565e-02,2.5440125469e-02,0.993818458244,6.181541756185e-03
96,Xi,1.3786002146e-02,2.5417588853e-02,0.993993999044,6.006000955800e-03
97,Xi,1.3305502502e-02,2.4531679923e-02,0.994157516436,5.842483563500e-03
98,Xi,1.2717485279e-02,2.3447538208e-02,0.994306900366,5.693099634486e-03
99,Xi,1.2673995723e-02,2.3367355452e-02,0.994455264355,5.544735644933e-03
100,Xi,1.2669941951e-02,2.3359881413e-02,0.994603533451,5.396466548519e-03
101,Xi,1.2312484406e-02,2.2700828208e-02,0.994743554323,5.256445676627e-03
102,Xi,1.2095250053e-02,2.2300307926e-02,0.994878677888,5.121322112141e-03
103,Xi,1.2075637513e-02,2.2264147806e-02,0.995013363600,4.986636400165e-03
104,Xi,1.1830135015e-02,2.1811508855e-02,0.995142628553,4.857371447054e-03
105,Xi,1.1683198745e-02,2.1540598866e-02,0.995268702375,4.731297624766e-03
106,Xi,1.1587788530e-02,2.1364688722e-02,0.995392725455,4.607274544705e-03
107,Xi,1.1577414175e-02,2.1345561271e-02,0.995516526563,4.483473436849e-03
108,Xi,1.1163953898e-02,2.0583254459e-02,0.995631643032,4.368356967973e-03
109,Xi,1.1048899021e-02,2.0371124972e-02,0.995744398964,4.255601035843e-03
110,Xi,1.1012854790e-02,2.0304669344e-02,0.995856420421,4.143579578987e-03
111,Xi,1.0932559469e-02,2.0156626899e-02,0.995966814324,4.033185676167e-03
112,Xi,1.0922216242e-02,2.0137556839e-02,0.996076999439,3.923000560507e-03
113,Xi,1.0690054737e-02,1.9709515002e-02,0.996182550171,3.817449828736e-03
114,Xi,1.0590852306e-02,1.9526613057e-02,0.996286150996,3.713849003706e-03
115,Xi,1.0577555360e-02,1.9502097154e-02,0.996389491840,3.610508159590e-03
116,Xi,1.0391225398e-02,1.9158556052e-02,0.996489223931,3.510776069367e-03
117,Xi,1.0373326853e-02,1.9125556067e-02,0.996588612746,3.411387253760e-03
118,Xi,1.0331323657e-02,1.9048113750e-02,0.996687198310,3.312801689806e-03
119,Xi,1.0006447325e-02,1.8449131320e-02,0.996779681163,3.220318837041e-03
120,Xi,9.8674543922e-03,1.8192866656e-02,0.996869612623,3.130387376608e-03
121,Xi,9.8260914294e-03,1.8116604751e-02,0.996958791704,3.041208295665e-03
122,Xi,9.6335724841e-03,1.7761652870e-02,0.997044510514,2.955489486413e-03
123,Xi,9.3228272226e-03,1.7188724242e-02,0.997124788535,2.875211464649e-03
124,Xi,9.2869038711e-03,1.7122491482e-02,0.997204449084,2.795550916401e-03
125,Xi,9.1524412237e-03,1.6874579415e-02,0.997281819563,2.718180437010e-03
126,Xi,9.0306948967e-03,1.6650112738e-02,0.997357145359,2.642854640911e-03
127,Xi,8.9969438097e-03,1.6587885035e-02,0.997431909166,2.568090834054e-03
128,Xi,8.7168590331e-03,1.6071485892e-02,0.997502090470,2.497909529601e-03
129,Xi,8.6431524597e-03,1.5935591282e-02,0.997571089938,2.428910062253e-03
130,Xi,8.5764636540e-03,1.5812635502e-02,0.997639028741,2.360971258824e-03
131,Xi,8.5413459669e-03,1.5747888165e-02,0.997706412311,2.293587688673e-03
132,Xi,8.4316984120e-03,1.5545728290e-02,0.997772076944,2.227923056032e-03
133,Xi,8.2923481685e-03,1.5288804843e-02,0.997835589040,2.164410959727e-03
134,Xi,8.0722734374e-03,1.4883047686e-02,0.997895774713,2.104225286907e-03
135,Xi,8.0039471900e-03,1.4757072915e-02,0.997954945837,2.045054162832e-03
136,Xi,7.9473344304e-03,1.4652694587e-02,0.998013282874,1.986717125652e-03
137,Xi,7.6649026339e-03,1.4131968186e-02,0.998067547233,1.932452766864e-03
138,Xi,7.6076535486e-03,1.4026416650e-02,0.998121004019,1.878995980860e-03
139,Xi,7.5656556231e-03,1.3948984049e-02,0.998173872220,1.826127780325e-03
140,Xi,7.5476497728e-03,1.3915786223e-02,0.998226489073,1.773510927241e-03
141,Xi,7.5233963202e-03,1.3871069540e-02,0.998278768313,1.721231686534e-03
142,Xi,7.4624443954e-03,1.3758690987e-02,0.998330203889,1.669796110623e-03
143,Xi,7.1305907952e-03,1.3146844400e-02,0.998377166520,1.622833479671e-03
144,Xi,7.0154941186e-03,1.2934637846e-02,0.998422625315,1.577374684573e-03
145,Xi,7.0096211718e-03,1.2923809751e-02,0.998468008032,1.531991968317e-03
146,Xi,6.9917140526e-03,1.2890793958e-02,0.998513159170,1.486840829672e-03
147,Xi,6.8686918967e-03,1.2663975004e-02,0.998556735381,1.443264618919e-03
148,Xi,6.7329190962e-03,1.2413647376e-02,0.998598605885,1.401394115499e-03
149,Xi,6.7155666217e-03,1.2381654195e-02,0.998640260844,1.359739156205e-03
150,Xi,6.7048731067e-03,1.2361938300e-02,0.998681783250,1.318216749623e-03
151,Xi,6.5410159623e-03,1.2059830881e-02,0.998721300964,1.278699036098e-03
152,Xi,6.2289752947e-03,1.1484513881e-02,0.998757138208,1.242861791784e-03
153,Xi,6.2235682234e-03,1.1474544732e-02,0.998792913262,1.207086737613e-03
154,Xi,6.2088935591e-03,1.1447488695e-02,0.998828519806,1.171480193838e-03
155,Xi,6.2032873427e-03,1.1437152377e-02,0.998864062078,1.135937921697e-03
156,Xi,6.0889753364e-03,1.1226392539e-02,0.998898306499,1.101693501255e-03
157,Xi,6.0088364944e-03,1.1078638599e-02,0.998931655449,1.068344551304e-03
158,Xi,5.9578710615e-03,1.0984672385e-02,0.998964441083,1.035558916964e-03
159,Xi,5.9398492962e-03,1.0951445217e-02,0.998997028673,1.002971326982e-03
160,Xi,5.9254863137e-03,1.0924963835e-02,0.999029458855,9.705411447275e-04
161,Xi,5.6857562685e-03,1.0482967696e-02,0.999059318035,9.406819653133e-04
162,Xi,5.6385599511e-03,1.0395950693e-02,0.999088683561,9.113164385701e-04
163,Xi,5.6116212242e-03,1.0346283104e-02,0.999117769166,8.822308344351e-04
164,Xi,5.5945889732e-03,1.0314880327e-02,0.999146678478,8.533215221365e-04
165,Xi,5.5533221932e-03,1.0238795757e-02,0.999175162882,8.248371183903e-04
166,Xi,5.5220555838e-03,1.0181148745e-02,0.999203327439,7.966725605003e-04
167,Xi,5.3396638581e-03,9.8448686661e-03,0.999229662191,7.703378088482e-04
168,Xi,5.3090439635e-03,9.7884140185e-03,0.999255695780,7.443042204590e-04
169,Xi,5.2462811683e-03,9.6726967201e-03,0.999281117475,7.188825247855e-04
170,Xi,5.2269923845e-03,9.6371335183e-03,0.999306352581,6.936474192487e-04
171,Xi,5.0647938665e-03,9.3380841494e-03,0.999330045847,6.699541527236e-04
172,Xi,4.9597117438e-03,9.1443416732e-03,0.999352766158,6.472338421777e-04
173,Xi,4.8890764105e-03,9.0141095841e-03,0.999374843919,6.251560805332e-04
174,Xi,4.8163587051e-03,8.8800381747e-03,0.999396269818,6.037301822436e-04
175,Xi,4.8006642713e-03,8.8511019639e-03,0.999417556308,5.824436919534e-04
176,Xi,4.7326185048e-03,8.7256443223e-03,0.999438243635,5.617563646489e-04
177,Xi,4.7287250299e-03,8.7184658275e-03,0.999458896938,5.411030618316e-04
178,Xi,4.3352883689e-03,7.9930770466e-03,0.999476256445,5.237435554498e-04
179,Xi,4.3174850624e-03,7.9602526557e-03,0.999493473666,5.065263335019e-04
180,Xi,4.2524258029e-03,7.8403013099e-03,0.999510175913,4.898240873433e-04
181,Xi,4.2370382304e-03,7.8119308667e-03,0.999526757502,4.732424979765e-04
182,Xi,4.2014314305e-03,7.7462817402e-03,0.999543061569,4.569384310001e-04
183,Xi,4.1983143477e-03,7.7405346984e-03,0.999559341453,4.406585473413e-04
184,Xi,4.1429897272e-03,7.6385313445e-03,0.999575195097,4.248049032745e-04
185,Xi,4.1162798988e-03,7.5892857814e-03,0.999590844983,4.091550169559e-04
186,Xi,4.1016679100e-03,7.5623453010e-03,0.999606383958,3.936160415040e-04
187,Xi,4.0979268418e-03,7.5554478021e-03,0.999621894601,3.781053988461e-04
188,Xi,3.9561642464e-03,7.2940766426e-03,0.999636350664,3.636493363163e-04
189,Xi,3.9435543927e-03,7.2708275475e-03,0.999650714719,3.492852812507e-04
190,Xi,3.8604475571e-03,7.1176014449e-03,0.999664479734,3.355202657487e-04
191,Xi,3.8565454004e-03,7.1104069432e-03,0.999678216936,3.217830636543e-04
192,Xi,3.8474648439e-03,7.0936648995e-03,0.999691889524,3.081104761667e-04
193,Xi,3.8089428082e-03,7.0226408815e-03,0.999705289693,2.947103065967e-04
194,Xi,3.7115584258e-03,6.8430909172e-03,0.999718013410,2.819865898159e-04
195,Xi,3.6425634948e-03,6.7158832778e-03,0.999730268476,2.697315238769e-04
196,Xi,3.5854420318e-03,6.6105670414e-03,0.999742142196,2.578578039314e-04
197,Xi,3.5538931508e-03,6.5523995990e-03,0.999753807878,2.461921222031e-04
198,Xi,3.4428881381e-03,6.3477369461e-03,0.999764756191,2.352438089369e-04
199,Xi,3.4407870452e-03,6.3438631098e-03,0.999775691146,2.243088544577e-04
200,Xi,3.3788105751e-03,6.2295955782e-03,0.999786235721,2.137642794557e-04
201,Xi,3.3399059682e-03,6.1578662043e-03,0.999796538867,2.034611330680e-04
202,Xi,3.1754807217e-03,5.8547113615e-03,0.999805852526,1.941474736706e-04
203,Xi,3.1743925680e-03,5.8527051060e-03,0.999815159804,1.848401962714e-04
204,Xi,3.0912948910e-03,5.6994958894e-03,0.999823986176,1.760138235509e-04
205,Xi,3.0704873375e-03,5.6611324949e-03,0.999832694128,1.673058718386e-04
206,Xi,3.0097254481e-03,5.5491043153e-03,0.999841060847,1.589391534521e-04
207,Xi,2.9889947514e-03,5.5108826235e-03,0.999849312704,1.506872964100e-04
208,Xi,2.8510220743e-03,5.2564990289e-03,0.999856820328,1.431796717798e-04
209,Xi,2.8202697683e-03,5.1998002515e-03,0.999864166866,1.358331343647e-04
210,Xi,2.7813014684e-03,5.1279534452e-03,0.999871311788,1.286882118907e-04
211,Xi,2.7174559323e-03,5.0102398710e-03,0.999878132448,1.218675517385e-04
212,Xi,2.6804567229e-03,4.9420235249e-03,0.999884768641,1.152313590126e-04
213,Xi,2.6495147966e-03,4.8849751397e-03,0.999891252508,1.087474921425e-04
214,Xi,2.5767267971e-03,4.7507741273e-03,0.999897385016,1.026149839272e-04
215,Xi,2.5028981273e-03,4.6146544057e-03,0.999903171140,9.682885991669e-05
216,Xi,2.4041949916e-03,4.4326730238e-03,0.999908509905,9.149009538123e-05
217,Xi,2.3811513190e-03,4.3901868417e-03,0.999913746818,8.625318211830e-05
218,Xi,2.3647745021e-03,4.3599925045e-03,0.999918911943,8.108805685159e-05
219,Xi,2.2926108010e-03,4.2269425263e-03,0.999923766639,7.623336063645e-05
220,Xi,2.2585119511e-03,4.1640736440e-03,0.999928477998,7.152200187011e-05
221,Xi,2.2418209758e-03,4.1333000852e-03,0.999933119978,6.688002205790e-05
222,Xi,2.1355566488e-03,3.9373779503e-03,0.999937332320,6.266768045737e-05
223,Xi,2.1112656058e-03,3.8925919610e-03,0.999941449379,5.855062102667e-05
224,Xi,2.0180529364e-03,3.7207334858e-03,0.999945210926,5.478907397094e-05
225,Xi,1.9701335372e-03,3.6323833192e-03,0.999948795955,5.120404459524e-05
226,Xi,1.9484699576e-03,3.5924416483e-03,0.999952302576,4.769742368094e-05
227,Xi,1.9204002381e-03,3.5406888211e-03,0.999955708892,4.429110800663e-05
228,Xi,1.8870917532e-03,3.4792771540e-03,0.999958998070,4.100192964818e-05
229,Xi,1.8578739627e-03,3.4254076000e-03,0.999962186185,3.781381531864e-05
230,Xi,1.7657856708e-03,3.2556221671e-03,0.999965066084,3.493391558851e-05
231,Xi,1.7173724667e-03,3.1663615603e-03,0.999967790230,3.220976957152e-05
232,Xi,1.5878181856e-03,2.9274991682e-03,0.999970118874,2.988112645741e-05
233,Xi,1.5821431803e-03,2.9170360222e-03,0.999972430901,2.756909915747e-05
234,Xi,1.5601887646e-03,2.8765581298e-03,0.999974679208,2.532079179418e-05
235,Xi,1.5010752401e-03,2.7675690811e-03,0.999976760372,2.323962775252e-05
236,Xi,1.4959694185e-03,2.7581553530e-03,0.999978827402,2.117259755341e-05
237,Xi,1.4530841121e-03,2.6790866662e-03,0.999980777619,1.922238072716e-05
238,Xi,1.3812895524e-03,2.5467172830e-03,0.999982539883,1.746011723369e-05
239,Xi,1.3468482787e-03,2.4832170657e-03,0.999984215361,1.578463918661e-05
240,Xi,1.3423875828e-03,2.4749927715e-03,0.999985879759,1.412024096492e-05
241,Xi,1.2869083707e-03,2.3727043934e-03,0.999987409425,1.259057486458e-05
242,Xi,1.2496982684e-03,2.3040992189e-03,0.999988851912,1.114808846614e-05
243,Xi,1.2256915273e-03,2.2598374040e-03,0.999990239510,9.760490167432e-06
244,Xi,1.1401817166e-03,2.1021808775e-03,0.999991440251,8.559748626347e-06
245,Xi,1.1352776532e-03,2.0931391361e-03,0.999992630686,7.369313949401e-06
246,Xi,1.1023962403e-03,2.0325148721e-03,0.999993753161,6.246838534785e-06
247,Xi,1.0074859967e-03,1.8575265380e-03,0.999994690679,5.309320938673e-06
248,Xi,1.0020303089e-03,1.8474677532e-03,0.999995618071,4.381929447850e-06
249,Xi,9.4867946547e-04,1.7491035001e-03,0.999996449337,3.550662733054e-06
250,Xi,9.1141068227e-04,1.6803901343e-03,0.999997216574,2.783425589903e-06
251,Xi,8.5613631607e-04,1.5784794354e-03,0.999997893572,2.106427832715e-06
252,Xi,7.9874748508e-04,1.4726702461e-03,0.999998482850,1.517149601282e-06
253,Xi,6.9600190947e-04,1.2832357190e-03,0.999998930277,1.069722534441e-06
254,Xi,6.7856026889e-04,1.2510781403e-03,0.999999355561,6.444393167993e-07
255,Xi,6.6642607186e-04,1.2287060248e-03,0.999999765770,2.342301614888e-07
256,Xi,5.0358259786e-04,9.2846753469e-04,1.000000000000,-4.440892098501e-16
1,Phi,4.3817185995e-02,1.0000000000e+00,0.466201437978,5.337985620220e-01
2,Phi,1.9627335650e-02,4.4793692713e-01,0.559743586662,4.402564133380e-01
3,Phi,1.3311845217e-02,3.0380420180e-01,0.602772577535,3.972274224651e-01
4,Phi,1.3230172470e-02,3.0194025858e-01,0.645275192820,3.547248071795e-01
5,Phi,9.3791360856e-03,2.1405153874e-01,0.666635638855,3.333643611454e-01
6,Phi,8.9811522951e-03,2.0496871470e-01,0.686221774788,3.137782252117e-01
7,Phi,8.7377912893e-03,1.9941470660e-01,0.704760846164,2.952391538364e-01
8,Phi,8.7283770880e-03,1.9919985480e-01,0.723259990623,2.767400093770e-01
9,Phi,8.3678585972e-03,1.9097206740e-01,0.740262511158,2.597374888417e-01
10,Phi,8.3619289680e-03,1.9083674084e-01,0.757240943590,2.427590564099e-01
11,Phi,6.8963041213e-03,1.5738811073e-01,0.768789227522,2.312107724780e-01
12,Phi,6.7210969291e-03,1.5338951547e-01,0.779758175074,2.202418249256e-01
13,Phi,6.4859650298e-03,1.4802331283e-01,0.789973068693,2.100269313066e-01
14,Phi,5.6811239671e-03,1.2965515329e-01,0.797810128748,2.021898712524e-01
15,Phi,5.6688257012e-03,1.2937448110e-01,0.805613294831,1.943867051695e-01
16,Phi,5.5575601984e-03,1.2683516917e-01,0.813113152021,1.868868479795e-01
17,Phi,5.5509415400e-03,1.2668411752e-01,0.820595156256,1.794048437441e-01
18,Phi,4.6416928118e-03,1.0593315628e-01,0.825826791217,1.741732087833e-01
19,Phi,4.6126031432e-03,1.0526926909e-01,0.830993057936,1.690069420636e-01
20,Phi,4.6046511094e-03,1.0508778701e-01,0.836141526934,1.638584730664e-01
21,Phi,4.5152551535e-03,1.0304758398e-01,0.841092028891,1.589079711094e-01
22,Phi,4.4456783814e-03,1.0145969624e-01,0.845891139110,1.541088608904e-01
23,Phi,4.4411981517e-03,1.0135744802e-01,0.850680581386,1.493194186141e-01
24,Phi,4.3474663841e-03,9.9218292670e-02,0.855269994030,1.447300059705e-01
25,Phi,4.2049068252e-03,9.5964784814e-02,0.859563354925,1.404366450750e-01
26,Phi,4.1972495115e-03,9.5790028871e-02,0.863841093273,1.361589067265e-01
27,Phi,4.1392517256e-03,9.4466397866e-02,0.868001428438,1.319985715623e-01
28,Phi,4.0675721906e-03,9.2830520677e-02,0.872018921926,1.279810780741e-01
29,Phi,3.9835112172e-03,9.0912073122e-02,0.875872079160,1.241279208399e-01
30,Phi,3.9672013980e-03,9.0539848873e-02,0.879693748774,1.203062512263e-01
31,Phi,3.9592214174e-03,9.0357728994e-02,0.883500059360,1.164999406400e-01
32,Phi,3.8659377314e-03,8.8228799810e-02,0.887129121058,1.128708789421e-01
33,Phi,3.8340337357e-03,8.7500683775e-02,0.890698531604,1.093014683964e-01
34,Phi,3.6103722982e-03,8.2396261107e-02,0.893863640227,1.061363597735e-01
35,Phi,3.4438691699e-03,7.8596310825e-02,0.896743543701,1.032564562994e-01
36,Phi,3.3989907407e-03,7.7572091031e-02,0.899548877896,1.004511221036e-01
37,Phi,3.3899000543e-03,7.7364622518e-02,0.902339226285,9.766077371511e-02
38,Phi,3.3064524825e-03,7.5460174071e-02,0.904993888168,9.500611183154e-02
39,Phi,3.2982810044e-03,7.5273683817e-02,0.907635444945,9.236455505474e-02
40,Phi,3.1114244853e-03,7.1009226509e-02,0.909986177234,9.001382276573e-02
41,Phi,3.0565197124e-03,6.9756184543e-02,0.912254678598,8.774532140219e-02
42,Phi,2.9596917001e-03,6.7546366405e-02,0.914381728073,8.561827192669e-02
43,Phi,2.9520872504e-03,6.7372816930e-02,0.916497861371,8.350213862941e-02
44,Phi,2.9402575592e-03,6.7102838588e-02,0.918597068985,8.140293101520e-02
45,Phi,2.8902011840e-03,6.5960447216e-02,0.920625409155,7.937459084461e-02
46,Phi,2.8851156078e-03,6.5844383712e-02,0.922646617502,7.735338249797e-02
47,Phi,2.8188229595e-03,6.4331446566e-02,0.924576008478,7.542399152177e-02
48,Phi,2.8051409423e-03,6.4019194263e-02,0.926486715134,7.351328486578e-02
49,Phi,2.7653379617e-03,6.3110806841e-02,0.928343583313,7.165641668746e-02
50,Phi,2.7584118506e-03,6.2952738474e-02,0.930191161654,6.980883834611e-02
51,Phi,2.7336845170e-03,6.2388408906e-02,0.932005763835,6.799423616465e-02
52,Phi,2.6398649382e-03,6.0247249526e-02,0.933697949682,6.630205031780e-02
53,Phi,2.6344862438e-03,6.0124496449e-02,0.935383246936,6.461675306444e-02
54,Phi,2.6259978084e-03,5.9930772566e-02,0.937057701475,6.294229852501e-02
55,Phi,2.5513794709e-03,5.8227825747e-02,0.938638347982,6.136165201753e-02
56,Phi,2.5220377763e-03,5.7558186793e-02,0.940182847643,5.981715235661e-02
57,Phi,2.5110942380e-03,5.7308432317e-02,0.941713972707,5.828602729340e-02
58,Phi,2.5037402553e-03,5.7140599024e-02,0.943236142806,5.676385719424e-02
59,Phi,2.3902101645e-03,5.4549604457e-02,0.944623399472,5.537660052800e-02
60,Phi,2.3793934152e-03,5.4302743572e-02,0.945998128659,5.400187134099e-02
61,Phi,2.3191597224e-03,5.2928084487e-02,0.947304137035,5.269586296483e-02
62,Phi,2.3034138374e-03,5.2568730399e-02,0.948592471383,5.140752861698e-02
63,Phi,2.2952535397e-03,5.2382495306e-02,0.949871693543,5.012830645658e-02
64,Phi,2.2835345551e-03,5.2115043522e-02,0.951137886281,4.886211371876e-02
65,Phi,2.2777168527e-03,5.1982271362e-02,0.952397635544,4.760236445606e-02
66,Phi,2.2695094885e-03,5.1794962112e-02,0.953648322580,4.635167742007e-02
67,Phi,2.1983622980e-03,5.0171234142e-02,0.954821822805,4.517817719526e-02
68,Phi,2.0973851226e-03,4.7866723410e-02,0.955889994360,4.411000564004e-02
69,Phi,2.0649261201e-03,4.7125940956e-02,0.956925359833,4.307464016672e-02
70,Phi,2.0571328197e-03,4.6948081512e-02,0.957952924846,4.204707515412e-02
71,Phi,2.0473174269e-03,4.6724073681e-02,0.958970707416,4.102929258442e-02
72,Phi,1.9349880194e-03,4.4160481224e-02,0.959879869265,4.012013073504e-02
73,Phi,1.8742671980e-03,4.2774704843e-02,0.960732866556,3.926713344444e-02
74,Phi,1.8596407053e-03,4.2440897630e-02,0.961572602475,3.842739752546e-02
75,Phi,1.8543922849e-03,4.2321117680e-02,0.962407605148,3.759239485175e-02
76,Phi,1.8126796097e-03,4.1369147027e-02,0.963205465238,3.679453476173e-02
77,Phi,1.7970744931e-03,4.1013005566e-02,0.963989647118,3.601035288213e-02
78,Phi,1.7764885359e-03,4.0543190886e-02,0.964755965884,3.524403411591e-02
79,Phi,1.7757580520e-03,4.0526519713e-02,0.965521654566,3.447834543359e-02
80,Phi,1.7707159518e-03,4.0411448421e-02,0.966283001218,3.371699878205e-02
81,Phi,1.7396430633e-03,3.9702299994e-02,0.967017861782,3.298213821770e-02
82,Phi,1.6920279938e-03,3.8615624335e-02,0.967713045722,3.228695427782e-02
83,Phi,1.6844654150e-03,3.8443030440e-02,0.968402029251,3.159797074868e-02
84,Phi,1.6800800698e-03,3.8342947672e-02,0.969087430044,3.091256995579e-02
85,Phi,1.6353400733e-03,3.7321887203e-02,0.969736812873,3.026318712694e-02
86,Phi,1.6302455443e-03,3.7205619377e-02,0.970382155996,2.961784400402e-02
87,Phi,1.6263389089e-03,3.7116461771e-02,0.971024409892,2.897559010845e-02
88,Phi,1.6213416949e-03,3.7002414876e-02,0.971662722973,2.833727702655e-02
89,Phi,1.6134317077e-03,3.6821892393e-02,0.972294823013,2.770517698663e-02
90,Phi,1.6097392589e-03,3.6737622975e-02,0.972924033156,2.707596684436e-02
91,Phi,1.5854147500e-03,3.6182486712e-02,0.973534371185,2.646562881473e-02
92,Phi,1.5396646262e-03,3.5138373020e-02,0.974109992552,2.589000744775e-02
93,Phi,1.5316879844e-03,3.4956329339e-02,0.974679665050,2.532033494987e-02
94,Phi,1.5078844277e-03,3.4413082298e-02,0.975231768874,2.476823112618e-02
95,Phi,1.5073443706e-03,3.4400757062e-02,0.975783477290,2.421652270975e-02
96,Phi,1.5008865531e-03,3.4253376136e-02,0.976330468536,2.366953146389e-02
97,Phi,1.4959056714e-03,3.4139701977e-02,0.976873835287,2.312616471303e-02
98,Phi,1.4954045168e-03,3.4128264579e-02,0.977416838024,2.258316197596e-02
99,Phi,1.4795250676e-03,3.3765862275e-02,0.977948369880,2.205163011968e-02
100,Phi,1.4740762013e-03,3.3641507729e-02,0.978475993844,2.152400615632e-02
101,Phi,1.4537090958e-03,3.3176687704e-02,0.978989138320,2.101086168016e-02
102,Phi,1.4332083785e-03,3.2708818376e-02,0.979487911760,2.051208823977e-02
103,Phi,1.3971335636e-03,3.1885515509e-02,0.979961892282,2.003810771832e-02
104,Phi,1.3918365266e-03,3.1764626025e-02,0.980432285554,1.956771444574e-02
105,Phi,1.3752552712e-03,3.1386207031e-02,0.980891537790,1.910846221023e-02
106,Phi,1.3611926317e-03,3.1065268131e-02,0.981341445900,1.865855410038e-02
107,Phi,1.3604235634e-03,3.1047716382e-02,0.981790845761,1.820915423935e-02
108,Phi,1.3076787182e-03,2.9843968490e-02,0.982206073878,1.779392612196e-02
109,Phi,1.3028091829e-03,2.9732835492e-02,0.982618215300,1.738178470044e-02
110,Phi,1.2957518745e-03,2.9571772926e-02,0.983025903680,1.697409631963e-02
111,Phi,1.2922576753e-03,2.9492027979e-02,0.983431396234,1.656860376609e-02
112,Phi,1.2618318664e-03,2.8797647265e-02,0.983818019179,1.618198082127e-02
113,Phi,1.2525521043e-03,2.8585863647e-02,0.984198976430,1.580102357009e-02
114,Phi,1.2402917009e-03,2.8306055553e-02,0.984572512305,1.542748769545e-02
115,Phi,1.2209322544e-03,2.7864232416e-02,0.984934478303,1.506552169706e-02
116,Phi,1.2146313187e-03,2.7720431860e-02,0.985292717904,1.470728209601e-02
117,Phi,1.2115787230e-03,2.7650765229e-02,0.985649159121,1.435084087853e-02
118,Phi,1.1814442492e-03,2.6963033393e-02,0.985988089977,1.401191002297e-02
119,Phi,1.1619451570e-03,2.6518023250e-02,0.986315925419,1.368407458106e-02
120,Phi,1.1510716247e-03,2.6269866459e-02,0.986637653774,1.336234622570e-02
121,Phi,1.1455016957e-03,2.6142749007e-02,0.986956276035,1.304372396451e-02
122,Phi,1.1325332868e-03,2.5846782742e-02,0.987267724786,1.273227521363e-02
123,Phi,1.1251151548e-03,2.5677485427e-02,0.987575106899,1.242489310071e-02
124,Phi,1.1233867966e-03,2.5638040669e-02,0.987881545361,1.211845463941e-02
125,Phi,1.1120646805e-03,2.5379646256e-02,0.988181838035,1.181816196495e-02
126,Phi,1.1019001416e-03,2.5147670178e-02,0.988476666302,1.152333369752e-02
127,Phi,1.0905584561e-03,2.4888829151e-02,0.988765456562,1.123454343751e-02
128,Phi,1.0746614082e-03,2.4526025206e-02,0.989045888808,1.095411119215e-02
129,Phi,1.0674472566e-03,2.4361383151e-02,0.989322568634,1.067743136645e-02
130,Phi,1.0456814917e-03,2.3864642788e-02,0.989588080224,1.041191977553e-02
131,Phi,1.0318743419e-03,2.3549534696e-02,0.989846626490,1.015337350960e-02
132,Phi,1.0286040992e-03,2.3474900906e-02,0.990103536570,9.896463429782e-03
133,Phi,1.0163903933e-03,2.3196158544e-02,0.990354381742,9.645618258329e-03
134,Phi,9.9854937237e-04,2.2788989062e-02,0.990596497875,9.403502125459e-03
135,Phi,9.9818656316e-04,2.2780708996e-02,0.990838438100,9.161561899774e-03
136,Phi,9.9253199857e-04,2.2651659983e-02,0.991077644986,8.922355014223e-03
137,Phi,9.8899049377e-04,2.2570835422e-02,0.991315147864,8.684852136096e-03
138,Phi,9.6343822484e-04,2.1987679103e-02,0.991540536694,8.459463306227e-03
139,Phi,9.6114995872e-04,2.1935456075e-02,0.991764856151,8.235143848801e-03
140,Phi,9.4599619008e-04,2.1589615321e-02,0.991982157998,8.017842002045e-03
141,Phi,9.4563233070e-04,2.1581311287e-02,0.992199292715,7.800707285158e-03
142,Phi,9.3348570778e-04,2.1304099900e-02,0.992410885078,7.589114922168e-03
143,Phi,9.2069482289e-04,2.1012185105e-02,0.992616718571,7.383281428844e-03
144,Phi,9.1274627088e-04,2.0830782492e-02,0.992819013398,7.180986601933e-03
145,Phi,9.0579736755e-04,2.0672193957e-02,0.993018239735,6.981760264507e-03
146,Phi,8.7878570994e-04,2.0055731330e-02,0.993205761040,6.794238960262e-03
147,Phi,8.7303070569e-04,1.9924390073e-02,0.993390834302,6.609165698123e-03
148,Phi,8.5703923440e-04,1.9559431190e-02,0.993569189615,6.430810385338e-03
149,Phi,8.4926982734e-04,1.9382117040e-02,0.993744325859,6.255674141034e-03
150,Phi,8.4921488536e-04,1.9380863149e-02,0.993919439444,6.080560556246e-03
151,Phi,8.4136203520e-04,1.9201644654e-02,0.994091329386,5.908670614078e-03
152,Phi,8.3279429894e-04,1.9006110959e-02,0.994259736382,5.740263617918e-03
153,Phi,8.2455869890e-04,1.8818157309e-02,0.994424829055,5.575170945346e-03
154,Phi,8.2313187158e-04,1.8785594120e-02,0.994589350864,5.410649135539e-03
155,Phi,8.0789544010e-04,1.8437866827e-02,0.994747838343,5.252161656871e-03
156,Phi,7.9373384059e-04,1.8114669451e-02,0.994900818265,5.099181734575e-03
157,Phi,7.9336066892e-04,1.8106152892e-02,0.995053654375,4.946345624599e-03
158,Phi,7.8621771500e-04,1.7943135716e-02,0.995203750781,4.796249218809e-03
159,Phi,7.6558628082e-04,1.7472283156e-02,0.995346073073,4.653926927415e-03
160,Phi,7.5812762586e-04,1.7302061021e-02,0.995485635748,4.514364251619e-03
161,Phi,7.5249606216e-04,1.7173536937e-02,0.995623132711,4.376867288590e-03
162,Phi,7.4449529169e-04,1.6990942590e-02,0.995757721398,4.242278602412e-03
163,Phi,7.3857666126e-04,1.6855867041e-02,0.995890178668,4.109821331573e-03
164,Phi,7.3739298040e-04,1.6828852964e-02,0.996022211714,3.977788286157e-03
165,Phi,7.3181233249e-04,1.6701490885e-02,0.996152253849,3.847746151328e-03
166,Phi,7.2281475398e-04,1.6496147289e-02,0.996279117924,3.720882075514e-03
167,Phi,7.2211037277e-04,1.6480071834e-02,0.996405734863,3.594265136688e-03
168,Phi,7.1377967310e-04,1.6289947811e-02,0.996529447196,3.470552804364e-03
169,Phi,7.1177719005e-04,1.6244246952e-02,0.996652466361,3.347533639292e-03
170,Phi,7.0132452595e-04,1.6005695254e-02,0.996771898908,3.228101091703e-03
171,Phi,6.9228591163e-04,1.5799415136e-02,0.996888272819,3.111727180762e-03
172,Phi,6.7694798757e-04,1.5449371570e-02,0.996999547215,3.000452784762e-03
173,Phi,6.6962956669e-04,1.5282349870e-02,0.997108428662,2.891571337505e-03
174,Phi,6.5878652515e-04,1.5034888941e-02,0.997213812512,2.786187488246e-03
175,Phi,6.5315075344e-04,1.4906268821e-02,0.997317401003,2.682598997181e-03
176,Phi,6.4750384228e-04,1.4777394476e-02,0.997419206058,2.580793942317e-03
177,Phi,6.4635259358e-04,1.4751120568e-02,0.997520649420,2.479350580270e-03
178,Phi,6.4225119525e-04,1.4657518064e-02,0.997620809459,2.379190541280e-03
179,Phi,6.3548633964e-04,1.4503129884e-02,0.997718870631,2.281129368842e-03
180,Phi,6.2418226336e-04,1.4245147176e-02,0.997813474193,2.186525806575e-03
181,Phi,6.2179293586e-04,1.4190617716e-02,0.997907354870,2.092645130152e-03
182,Phi,6.1612479350e-04,1.4061258830e-02,0.997999531752,2.000468248086e-03
183,Phi,6.1597851201e-04,1.4057920380e-02,0.998091664870,1.908335130436e-03
184,Phi,5.8711810094e-04,1.3399265325e-02,0.998175366821,1.824633179157e-03
185,Phi,5.6649464504e-04,1.2928594846e-02,0.998253291722,1.746708277938e-03
186,Phi,5.5911587651e-04,1.2760195887e-02,0.998329199852,1.670800148116e-03
187,Phi,5.5347280362e-04,1.2631409139e-02,0.998403583455,1.596416544660e-03
188,Phi,5.4619917681e-04,1.2465409734e-02,0.998476024837,1.523975162970e-03
189,Phi,5.3674944031e-04,1.2249746946e-02,0.998545981300,1.454018700024e-03
190,Phi,5.3271838030e-04,1.2157749709e-02,0.998614890944,1.385109056153e-03
191,Phi,5.1832578123e-04,1.1829280440e-02,0.998680127386,1.319872614469e-03
192,Phi,5.1263171750e-04,1.1699329974e-02,0.998743938391,1.256061608803e-03
193,Phi,5.0929405295e-04,1.1623157475e-02,0.998806921175,1.193078824979e-03
194,Phi,4.9790554430e-04,1.1363247844e-02,0.998867118691,1.132881309491e-03
195,Phi,4.7242052510e-04,1.0781626304e-02,0.998921311561,1.078688438596e-03
196,Phi,4.7020317464e-04,1.0731021720e-02,0.998974996907,1.025003092583e-03
197,Phi,4.6733994181e-04,1.0665676747e-02,0.999028030426,9.719695738877e-04
198,Phi,4.5540901674e-04,1.0393388037e-02,0.999078390678,9.216093221136e-04
199,Phi,4.4144274353e-04,1.0074648417e-02,0.999125709444,8.742905564727e-04
200,Phi,4.3473000343e-04,9.9214496220e-03,0.999171600058,8.283999421206e-04
201,Phi,4.3471570318e-04,9.9211232603e-03,0.999217487653,7.825123468215e-04
202,Phi,4.2333290899e-04,9.6613440452e-03,0.999261003627,7.389963732422e-04
203,Phi,4.0163380926e-04,9.1661251206e-03,0.999300172869,6.998271308843e-04
204,Phi,3.9424774949e-04,8.9975597596e-03,0.999337914711,6.620852892162e-04
205,Phi,3.7365552510e-04,8.5276020496e-03,0.999371816878,6.281831221773e-04
206,Phi,3.7243027574e-04,8.4996392917e-03,0.999405497073,5.945029269894e-04
207,Phi,3.5623349560e-04,8.1299948298e-03,0.999436311504,5.636884963558e-04
208,Phi,3.4704451033e-04,7.9202829312e-03,0.999465556731,5.344432690969e-04
209,Phi,3.3087476554e-04,7.5512554727e-03,0.999492140217,5.078597828162e-04
210,Phi,3.2463155601e-04,7.4087723490e-03,0.999517729971,4.822700289069e-04
211,Phi,3.2082299124e-04,7.3218529204e-03,0.999542722811,4.572771888444e-04
212,Phi,3.0980969936e-04,7.0705065222e-03,0.999566029183,4.339708174286e-04
213,Phi,3.0285515265e-04,6.9117891935e-03,0.999588300945,4.116990554536e-04
214,Phi,2.9884904098e-04,6.8203613307e-03,0.999609987390,3.900126099317e-04
215,Phi,2.9272502192e-04,6.6805983832e-03,0.999630794144,3.692058557180e-04
216,Phi,2.9045651465e-04,6.6288262939e-03,0.999651279659,3.487203407397e-04
217,Phi,2.7886392172e-04,6.3642590319e-03,0.999670162586,3.298374141880e-04
218,Phi,2.7225023073e-04,6.2133207448e-03,0.999688160458,3.118395423235e-04
219,Phi,2.6766773828e-04,6.1087386650e-03,0.999705557551,2.944424486815e-04
220,Phi,2.6763146110e-04,6.1079107437e-03,0.999722949930,2.770500703985e-04
221,Phi,2.5046632139e-04,5.7161662874e-03,0.999738182855,2.618171449283e-04
222,Phi,2.4994127379e-04,5.7041836009e-03,0.999753351983,2.466480174801e-04
223,Phi,2.4118913164e-04,5.5044413775e-03,0.999767477362,2.325226384424e-04
224,Phi,2.2992524359e-04,5.2473758497e-03,0.999780314196,2.196858036158e-04
225,Phi,2.2276239953e-04,5.0839047389e-03,0.999792363679,2.076363205064e-04
226,Phi,2.1877426785e-04,4.9928872172e-03,0.999803985579,1.960144208668e-04
227,Phi,2.1834680859e-04,4.9831317013e-03,0.999815562107,1.844378925159e-04
228,Phi,2.1183699929e-04,4.8345642122e-03,0.999826458639,1.735413611210e-04
229,Phi,2.0786534221e-04,4.7439226752e-03,0.999836950410,1.630495899048e-04
230,Phi,2.0733809363e-04,4.7318897579e-03,0.999847389024,1.526109757537e-04
231,Phi,2.0210253428e-04,4.6124033228e-03,0.999857307117,1.426928830928e-04
232,Phi,2.0156931721e-04,4.6002341918e-03,0.999867172944,1.328270561785e-04
233,Phi,1.9571266744e-04,4.4665731721e-03,0.999876473791,1.235262088648e-04
234,Phi,1.9317815315e-04,4.4087302451e-03,0.999885535303,1.144646970281e-04
235,Phi,1.8435782094e-04,4.2074317818e-03,0.999893788226,1.062117743715e-04
236,Phi,1.8286613522e-04,4.1733883879e-03,0.999901908136,9.809186437570e-05
237,Phi,1.8037255862e-04,4.1164797448e-03,0.999909808108,9.019189196935e-05
238,Phi,1.7851805270e-04,4.0741560336e-03,0.999917546468,8.245353206926e-05
239,Phi,1.7476263715e-04,3.9884495816e-03,0.999924962675,7.503732543801e-05
240,Phi,1.6453066106e-04,3.7549344469e-03,0.999931535897,6.846410301842e-05
241,Phi,1.6034427549e-04,3.6593923560e-03,0.999937778871,6.222112850618e-05
242,Phi,1.5675116581e-04,3.5773900640e-03,0.999943745187,5.625481319305e-05
243,Phi,1.5202636710e-04,3.4695602570e-03,0.999949357249,5.064275096966e-05
244,Phi,1.4924300690e-04,3.4060381449e-03,0.999954765697,4.523430340475e-05
245,Phi,1.4555417586e-04,3.3218512908e-03,0.999959910088,4.008991226268e-05
246,Phi,1.3834867694e-04,3.1574067069e-03,0.999964557751,3.544224890917e-05
247,Phi,1.3825648499e-04,3.1553026934e-03,0.999969199222,3.080077765505e-05
248,Phi,1.3463252749e-04,3.0725963895e-03,0.999973600560,2.639944047478e-05
249,Phi,1.2735263075e-04,2.9064538914e-03,0.999977538784,2.246121584493e-05
250,Phi,1.2520233279e-04,2.8573795863e-03,0.999981345141,1.865485914598e-05
251,Phi,1.2140017461e-04,2.7706063695e-03,0.999984923824,1.507617585661e-05
252,Phi,1.2070040935e-04,2.7546362599e-03,0.999988461370,1.153862959025e-05
253,Phi,1.1536622080e-04,2.6328988999e-03,0.999991693152,8.306848207074e-06
254,Phi,1.0957981975e-04,2.5008411028e-03,0.999994608872,5.391128273136e-06
255,Phi,1.0711186286e-04,2.4445171552e-03,0.999997394735,2.605265066458e-06
256,Phi,1.0358184365e-04,2.3639547199e-03,1.000000000000,4.440892098501e-16
1,Psi,5.4315425926e-01,1.0000000000e+00,0.272123849367,7.278761506328e-01
2,Psi,4.6648298667e-01,8.5884070449e-01,0.472844402319,5.271555976812e-01
3,Psi,2.8806738334e-01,5.3036016644e-01,0.549387917376,4.506120826245e-01
4,Psi,2.8308333975e-01,5.2118405577e-01,0.623305685966,3.766943140339e-01
5,Psi,1.9154976834e-01,3.5266181766e-01,0.657149826433,3.428501735673e-01
6,Psi,1.9149341085e-01,3.5255805803e-01,0.690974054685,3.090259453150e-01
7,Psi,1.8431608184e-01,3.3934389485e-01,0.722310280350,2.776897196501e-01
8,Psi,1.8428911713e-01,3.3929425019e-01,0.753637337955,2.463626620448e-01
9,Psi,1.6154771746e-01,2.9742511396e-01,0.777709875850,2.222901241504e-01
10,Psi,1.5531390663e-01,2.8594805985e-01,0.799960434231,2.000395657695e-01
11,Psi,1.1694072084e-01,2.1529927980e-01,0.812574403245,1.874255967549e-01
12,Psi,1.1688480376e-01,2.1519633100e-01,0.825176312000,1.748236879997e-01
13,Psi,1.1164183173e-01,2.0554350781e-01,0.836673036745,1.633269632546e-01
14,Psi,1.1162422774e-01,2.0551109714e-01,0.848166136105,1.518338638948e-01
15,Psi,1.0094963716e-01,1.8585813411e-01,0.857566177180,1.424338228199e-01
16,Psi,9.7661474823e-02,1.7980430634e-01,0.866363829273,1.336361707272e-01
17,Psi,8.8124008922e-02,1.6224490082e-01,0.873527056343,1.264729436570e-01
18,Psi,8.8067794652e-02,1.6214140486e-01,0.880681147489,1.193188525113e-01
19,Psi,8.6576887599e-02,1.5939649947e-01,0.887595064540,1.124049354601e-01
20,Psi,8.6527245076e-02,1.5930510274e-01,0.894501055090,1.054989449099e-01
21,Psi,8.3423926173e-02,1.5359158978e-01,0.900920559138,9.907944086223e-02
22,Psi,8.0498186868e-02,1.4820501818e-01,0.906897685312,9.310231468799e-02
23,Psi,7.2155873283e-02,1.3284600471e-01,0.911700143596,8.829985640369e-02
24,Psi,7.1943680249e-02,1.3245533663e-01,0.916474397668,8.352560233229e-02
25,Psi,7.1437904394e-02,1.3152415391e-01,0.921181760122,7.881823987815e-02
26,Psi,6.8798686085e-02,1.2666509543e-01,0.925547727788,7.445227221196e-02
27,Psi,6.8216369653e-02,1.2559299405e-01,0.929840100581,7.015989941928e-02
28,Psi,6.8135384535e-02,1.2544389255e-01,0.934122287784,6.587771221635e-02
29,Psi,6.6368957173e-02,1.2219172738e-01,0.938185319517,6.181468048259e-02
30,Psi,6.0979084192e-02,1.1226844520e-01,0.941615223970,5.838477602956e-02
31,Psi,5.6938745674e-02,1.0482978768e-01,0.944605670339,5.539432966100e-02
32,Psi,5.5044667256e-02,1.0134260446e-01,0.947400470298,5.259952970179e-02
33,Psi,5.4985129657e-02,1.0123298993e-01,0.950189227685,4.981077231490e-02
34,Psi,5.2454025414e-02,9.6572979995e-02,0.952727147353,4.727285264701e-02
35,Psi,5.2166322958e-02,9.6043291697e-02,0.955237303154,4.476269684619e-02
36,Psi,5.2065420563e-02,9.5857520540e-02,0.957737757838,4.226224216158e-02
37,Psi,4.6019022964e-02,8.4725512467e-02,0.959691175070,4.030882492986e-02
38,Psi,4.4823875262e-02,8.2525128908e-02,0.961544446491,3.845555350936e-02
39,Psi,4.4715986373e-02,8.2326494933e-02,0.963388807179,3.661119282059e-02
40,Psi,4.3580128808e-02,8.0235270303e-02,0.965140658504,3.485934149633e-02
41,Psi,4.2669769679e-02,7.8559210301e-02,0.966820084316,3.317991568355e-02
42,Psi,4.2394433807e-02,7.8052290090e-02,0.968477906343,3.152209365657e-02
43,Psi,3.5353917628e-02,6.5090012691e-02,0.969630816110,3.036918389016e-02
44,Psi,3.5104342053e-02,6.4630519700e-02,0.970767505750,2.923249424961e-02
45,Psi,3.3610821396e-02,6.1880802411e-02,0.971809531567,2.819046843314e-02
46,Psi,3.2897076392e-02,6.0566728202e-02,0.972807771257,2.719222874327e-02
47,Psi,3.2884392562e-02,6.0543376034e-02,0.973805241330,2.619475866958e-02
48,Psi,3.2459394075e-02,5.9760912340e-02,0.974777095369,2.522290463098e-02
49,Psi,3.2378742144e-02,5.9612424265e-02,0.975744125872,2.425587412830e-02
50,Psi,2.9265923661e-02,5.3881421644e-02,0.976534157899,2.346584210113e-02
51,Psi,2.9258148711e-02,5.3867107203e-02,0.977323770213,2.267622978688e-02
52,Psi,2.7703763382e-02,5.1005332113e-02,0.978031712355,2.196828764543e-02
53,Psi,2.7135178847e-02,4.9958512494e-02,0.978710893472,2.128910652762e-02
54,Psi,2.7128481286e-02,4.9946181630e-02,0.979389739358,2.061026064223e-02
55,Psi,2.7081785952e-02,4.9860210964e-02,0.980066250306,1.993374969431e-02
56,Psi,2.6571508998e-02,4.8920741291e-02,0.980717507695,1.928249230464e-02
57,Psi,2.6464147795e-02,4.8723078838e-02,0.981363512954,1.863648704595e-02
58,Psi,2.6232052040e-02,4.8295767902e-02,0.981998236716,1.800176328398e-02
59,Psi,2.5139460843e-02,4.6284200878e-02,0.982581187842,1.741881215825e-02
60,Psi,2.5125208416e-02,4.6257960769e-02,0.983163478165,1.683652183532e-02
61,Psi,2.4997379475e-02,4.6022615213e-02,0.983739858550,1.626014145011e-02
62,Psi,2.3618913202e-02,4.3484724274e-02,0.984254423318,1.574557668203e-02
63,Psi,2.3218865577e-02,4.2748197553e-02,0.984751704725,1.524829527547e-02
64,Psi,2.3163589035e-02,4.2646428046e-02,0.985246621220,1.475337878001e-02
65,Psi,2.2945593826e-02,4.2245077590e-02,0.985732266117,1.426773388273e-02
66,Psi,2.1707433356e-02,3.9965503328e-02,0.986166913611,1.383308638928e-02
67,Psi,2.1660646008e-02,3.9879363254e-02,0.986599689479,1.340031052086e-02
68,Psi,2.1614549301e-02,3.9794494718e-02,0.987030625300,1.296937470050e-02
69,Psi,2.0748225008e-02,3.8199507146e-02,0.987427709059,1.257229094104e-02
70,Psi,2.0258859303e-02,3.7298537124e-02,0.987806282553,1.219371744709e-02
71,Psi,2.0111312239e-02,3.7026888579e-02,0.988179361759,1.182063824082e-02
72,Psi,1.8826532359e-02,3.4661483434e-02,0.988506296368,1.149370363191e-02
73,Psi,1.7918334328e-02,3.2989402224e-02,0.988802448933,1.119755106730e-02
74,Psi,1.7891107299e-02,3.2939274606e-02,0.989097702169,1.090229783051e-02
75,Psi,1.7756590549e-02,3.2691616141e-02,0.989388532293,1.061146770719e-02
76,Psi,1.7582482137e-02,3.2371065563e-02,0.989673687034,1.032631296628e-02
77,Psi,1.7477390393e-02,3.2177581406e-02,0.989955443182,1.004455681837e-02
78,Psi,1.7136641788e-02,3.1550229970e-02,0.990226319890,9.773680109580e-03
79,Psi,1.7109558450e-02,3.1500366901e-02,0.990496341070,9.503658929931e-03
80,Psi,1.6607489381e-02,3.0576008745e-02,0.990750747564,9.249252435575e-03
81,Psi,1.6598792491e-02,3.0559996923e-02,0.991004887677,8.995112322951e-03
82,Psi,1.6507320414e-02,3.0391587901e-02,0.991256234494,8.743765506336e-03
83,Psi,1.6090604358e-02,2.9624372974e-02,0.991495051329,8.504948670749e-03
84,Psi,1.5483263816e-02,2.8506199761e-02,0.991716180101,8.283819898777e-03
85,Psi,1.5451985704e-02,2.8448613706e-02,0.991936416361,8.063583639428e-03
86,Psi,1.5377847629e-02,2.8312118273e-02,0.992154544318,7.845455681564e-03
87,Psi,1.4926612958e-02,2.7481351206e-02,0.992360058961,7.639941038829e-03
88,Psi,1.4734682743e-02,2.7127988950e-02,0.992560322463,7.439677537256e-03
89,Psi,1.4636070392e-02,2.6946433987e-02,0.992757914394,7.242085606105e-03
90,Psi,1.4465549662e-02,2.6632488682e-02,0.992950928970,7.049071029729e-03
91,Psi,1.4182379194e-02,2.6111144214e-02,0.993136460794,6.863539206447e-03
92,Psi,1.4145575663e-02,2.6043385322e-02,0.993321030949,6.678969050653e-03
93,Psi,1.4014093616e-02,2.5801314042e-02,0.993502185920,6.497814079851e-03
94,Psi,1.3883154046e-02,2.5560241513e-02,0.993679971492,6.320028508474e-03
95,Psi,1.3527982060e-02,2.4906335225e-02,0.993848776864,6.151223136207e-03
96,Psi,1.3490148120e-02,2.4836679250e-02,0.994016639355,5.983360645376e-03
97,Psi,1.3401953018e-02,2.4674303460e-02,0.994182314137,5.817685862918e-03
98,Psi,1.2616534161e-02,2.3228270690e-02,0.994329139256,5.670860743557e-03
99,Psi,1.2587774607e-02,2.3175321544e-02,0.994475295759,5.524704240813e-03
100,Psi,1.2519730717e-02,2.3050046103e-02,0.994619876419,5.380123580970e-03
101,Psi,1.2451275020e-02,2.2924012484e-02,0.994762880318,5.237119682089e-03
102,Psi,1.2346462432e-02,2.2731042281e-02,0.994903486788,5.096513212058e-03
103,Psi,1.2324151312e-02,2.2689965331e-02,0.995043585541,4.956414458862e-03
104,Psi,1.1903975617e-02,2.1916380871e-02,0.995174294178,4.825705822446e-03
105,Psi,1.1607243905e-02,2.1370068829e-02,0.995298567654,4.701432345977e-03
106,Psi,1.1517064368e-02,2.1204039501e-02,0.995420917609,4.579082390713e-03
107,Psi,1.1496197017e-02,2.1165620670e-02,0.995542824603,4.457175396686e-03
108,Psi,1.1424454796e-02,2.1033536240e-02,0.995663214819,4.336785180617e-03
109,Psi,1.1413324348e-02,2.1013043999e-02,0.995783370566,4.216629434255e-03
110,Psi,1.1023350233e-02,2.0295063594e-02,0.995895455551,4.104544449082e-03
111,Psi,1.0920815982e-02,2.0106288031e-02,0.996005465105,3.994534894785e-03
112,Psi,1.0888950085e-02,2.0047619805e-02,0.996114833601,3.885166398577e-03
113,Psi,1.0670353270e-02,1.9645161734e-02,0.996219855006,3.780144993859e-03
114,Psi,1.0490319503e-02,1.9313702000e-02,0.996321362395,3.678637604577e-03
115,Psi,1.0420708014e-02,1.9185540454e-02,0.996421527092,3.578472907686e-03
116,Psi,1.0377222996e-02,1.9105480292e-02,0.996520857570,3.479142429669e-03
117,Psi,9.9606845838e-03,1.8338592424e-02,0.996612373902,3.387626098227e-03
118,Psi,9.9172670691e-03,1.8258656542e-02,0.996703094153,3.296905846974e-03
119,Psi,9.8095309003e-03,1.8060303741e-02,0.996791854033,3.208145967090e-03
120,Psi,9.7026888568e-03,1.7863597112e-02,0.996878690958,3.121309042074e-03
121,Psi,9.6427321934e-03,1.7753211043e-02,0.996964458001,3.035541999029e-03
122,Psi,9.3122163179e-03,1.7144699060e-02,0.997044446277,2.955553722669e-03
123,Psi,9.2608677231e-03,1.7050161285e-02,0.997123554857,2.876445142707e-03
124,Psi,9.1991417652e-03,1.6936517773e-02,0.997201612395,2.798387604536e-03
125,Psi,9.1398769756e-03,1.6827405511e-02,0.997278667414,2.721332586418e-03
126,Psi,8.9199097366e-03,1.6422424357e-02,0.997352058133,2.647941866821e-03
127,Psi,8.8709275485e-03,1.6332243368e-02,0.997424645040,2.575354959800e-03
128,Psi,8.5652905437e-03,1.5769535814e-02,0.997492316326,2.507683674494e-03
129,Psi,8.5197963857e-03,1.5685776629e-02,0.997559270654,2.440729346093e-03
130,Psi,8.5135933044e-03,1.5674356151e-02,0.997626127522,2.373872478225e-03
131,Psi,8.1994584640e-03,1.5096003252e-02,0.997688141639,2.311858360821e-03
132,Psi,7.9733411266e-03,1.4679699166e-02,0.997746782578,2.253217421691e-03
133,Psi,7.9091580252e-03,1.4561531812e-02,0.997804483232,2.195516768121e-03
134,Psi,7.8668450589e-03,1.4483629512e-02,0.997861568155,2.138431845071e-03
135,Psi,7.8184802518e-03,1.4394585182e-02,0.997917953327,2.082046672519e-03
136,Psi,7.7589695296e-03,1.4285020134e-02,0.997973483410,2.026516589928e-03
137,Psi,7.6017405506e-03,1.3995546239e-02,0.998026785755,1.973214245340e-03
138,Psi,7.5889935337e-03,1.3972077737e-02,0.998079909489,1.920090511483e-03
139,Psi,7.3400618445e-03,1.3513770203e-02,0.998129605286,1.870394713917e-03
140,Psi,7.3236893213e-03,1.3483626790e-02,0.998179079631,1.820920369022e-03
141,Psi,7.3073696062e-03,1.3453580602e-02,0.998228333730,1.771666270395e-03
142,Psi,7.2369817089e-03,1.3323989613e-02,0.998276643523,1.723356477390e-03
143,Psi,7.1860647765e-03,1.3230246572e-02,0.998324275925,1.675724075444e-03
144,Psi,7.0503196075e-03,1.2980326468e-02,0.998370125766,1.629874234148e-03
145,Psi,7.0100923971e-03,1.2906264247e-02,0.998415453886,1.584546113697e-03
146,Psi,6.9124820031e-03,1.2726553986e-02,0.998459528474,1.540471526444e-03
147,Psi,6.8611825117e-03,1.2632106616e-02,0.998502951308,1.497048691812e-03
148,Psi,6.7851849613e-03,1.2492187708e-02,0.998545417528,1.454582471512e-03
149,Psi,6.7523939551e-03,1.2431816266e-02,0.998587474285,1.412525715444e-03
150,Psi,6.5740827438e-03,1.2103527924e-02,0.998627339174,1.372660826492e-03
151,Psi,6.5232395950e-03,1.2009920725e-02,0.998666589827,1.333410173421e-03
152,Psi,6.4499864804e-03,1.1875054592e-02,0.998704963894,1.295036105901e-03
153,Psi,6.3719875036e-03,1.1731450863e-02,0.998742415467,1.257584533386e-03
154,Psi,6.3432580117e-03,1.1678557065e-02,0.998779530083,1.220469916662e-03
155,Psi,6.1849412290e-03,1.1387080417e-02,0.998814815186,1.185184814344e-03
156,Psi,5.9621766207e-03,1.0976949033e-02,0.998847604316,1.152395683774e-03
157,Psi,5.9420867313e-03,1.0939961586e-02,0.998880172849,1.119827150557e-03
158,Psi,5.9223689688e-03,1.0903659260e-02,0.998912525595,1.087474404540e-03
159,Psi,5.9048976828e-03,1.0871492918e-02,0.998944687739,1.055312261415e-03
160,Psi,5.7314162101e-03,1.0552096596e-02,0.998974987843,1.025012157213e-03
161,Psi,5.6689719205e-03,1.0437130565e-02,0.999004631299,9.953687009611e-04
162,Psi,5.6544132867e-03,1.0410326699e-02,0.999034122695,9.658773054612e-04
163,Psi,5.4974606941e-03,1.0121361658e-02,0.999061999596,9.380004044757e-04
164,Psi,5.3818782421e-03,9.9085630838e-03,0.999088716612,9.112833877026e-04
165,Psi,5.3802824818e-03,9.9056251333e-03,0.999115417788,8.845822121034e-04
166,Psi,5.3128169532e-03,9.7814145111e-03,0.999141453528,8.585464716869e-04
167,Psi,5.2918920167e-03,9.7428896608e-03,0.999167284585,8.327154149099e-04
168,Psi,5.1035523465e-03,9.3961379471e-03,0.999191309694,8.086903055070e-04
169,Psi,5.0873183755e-03,9.3662496221e-03,0.999215182203,7.848177967198e-04
170,Psi,5.0499910707e-03,9.2975264110e-03,0.999238705677,7.612943234028e-04
171,Psi,5.0277506713e-03,9.2565796652e-03,0.999262022409,7.379775908097e-04
172,Psi,4.9769514152e-03,9.1630532769e-03,0.999284870348,7.151296518885e-04
173,Psi,4.7947607800e-03,8.8276225369e-03,0.999306076121,6.939238785428e-04
174,Psi,4.7536335856e-03,8.7519033583e-03,0.999326919669,6.730803312293e-04
175,Psi,4.7157070539e-03,8.6820769119e-03,0.999347431945,6.525680546696e-04
176,Psi,4.6048317140e-03,8.4779445903e-03,0.999366990995,6.330090048311e-04
177,Psi,4.5731801068e-03,8.4196708925e-03,0.999386282088,6.137179116839e-04
178,Psi,4.4353857807e-03,8.1659780901e-03,0.999404428177,5.955718231102e-04
179,Psi,4.3990713980e-03,8.0991197676e-03,0.999422278342,5.777216575645e-04
180,Psi,4.3605495411e-03,8.0281972695e-03,0.999439817256,5.601827444509e-04
181,Psi,4.3398747204e-03,7.9901329068e-03,0.999457190247,5.428097527393e-04
182,Psi,4.3021464039e-03,7.9206713942e-03,0.999474262491,5.257375091863e-04
183,Psi,4.2854331213e-03,7.8899006098e-03,0.999491202345,5.087976548933e-04
184,Psi,4.2630712001e-03,7.8487301304e-03,0.999507965872,4.920341278671e-04
185,Psi,4.2554985257e-03,7.8347880979e-03,0.999524669897,4.753301034750e-04
186,Psi,4.1290265359e-03,7.6019408216e-03,0.999540395799,4.596042011241e-04
187,Psi,4.0363633969e-03,7.4313389393e-03,0.999555423784,4.445762163944e-04
188,Psi,3.9543647956e-03,7.2803715118e-03,0.999569847384,4.301526157632e-04
189,Psi,3.8572230849e-03,7.1015241419e-03,0.999583571038,4.164289623584e-04
190,Psi,3.7477196554e-03,6.8999176412e-03,0.999596526545,4.034734551708e-04
191,Psi,3.6872260621e-03,6.7885430322e-03,0.999609067186,3.909328135695e-04
192,Psi,3.6743256305e-03,6.7647920787e-03,0.999621520230,3.784797698955e-04
193,Psi,3.5772270319e-03,6.5860240823e-03,0.999633323796,3.666762038469e-04
194,Psi,3.5479591957e-03,6.5321391395e-03,0.999644935006,3.550649943853e-04
195,Psi,3.5182615555e-03,6.4774628856e-03,0.999656352649,3.436473510545e-04
196,Psi,3.5180391930e-03,6.4770534946e-03,0.999667768849,3.322311509220e-04
197,Psi,3.4695111596e-03,6.3877086491e-03,0.999678872270,3.211277299926e-04
198,Psi,3.4582766674e-03,6.3670248524e-03,0.999689903900,3.100960997743e-04
199,Psi,3.3507001718e-03,6.1689660252e-03,0.999700259884,2.997401159700e-04
200,Psi,3.3156083124e-03,6.1043584873e-03,0.999710400087,2.895999125758e-04
201,Psi,3.2916999281e-03,6.0603408185e-03,0.999720394579,2.796054210822e-04
202,Psi,3.2462043946e-03,5.9765791012e-03,0.999730114706,2.698852938562e-04
203,Psi,3.1892140515e-03,5.8716543177e-03,0.999739496536,2.605034637414e-04
204,Psi,3.1675709935e-03,5.8318073356e-03,0.999748751462,2.512485379378e-04
205,Psi,3.1254211177e-03,5.7542053007e-03,0.999757761722,2.422382781857e-04
206,Psi,3.1119934006e-03,5.7294835630e-03,0.999766694726,2.333052735082e-04
207,Psi,3.1020909822e-03,5.7112522444e-03,0.999775570972,2.244290283417e-04
208,Psi,3.0778910385e-03,5.6666977862e-03,0.999784309267,2.156907332038e-04
209,Psi,3.0625975604e-03,5.6385410005e-03,0.999792960940,2.070390603079e-04
210,Psi,2.9265806637e-03,5.3881206193e-03,0.999800861197,1.991388032169e-04
211,Psi,2.8884923935e-03,5.3179963966e-03,0.999808557155,1.914428453188e-04
212,Psi,2.8552598998e-03,5.2568121324e-03,0.999816077045,1.839229547839e-04
213,Psi,2.8307140373e-03,5.2116208040e-03,0.999823468199,1.765318012502e-04
214,Psi,2.7692375506e-03,5.0984365921e-03,0.999830541801,1.694581987568e-04
215,Psi,2.7141423244e-03,4.9970009037e-03,0.999837336739,1.626632613310e-04
216,Psi,2.6830580021e-03,4.9397716328e-03,0.999843976926,1.560230737306e-04
217,Psi,2.6624930737e-03,4.9019095925e-03,0.999850515713,1.494842865875e-04
218,Psi,2.6423038954e-03,4.8647393450e-03,0.999856955712,1.430442882274e-04
219,Psi,2.6119345424e-03,4.8088264022e-03,0.999863248524,1.367514755425e-04
220,Psi,2.5905510095e-03,4.7694572313e-03,0.999869438722,1.305612777909e-04
221,Psi,2.5878055105e-03,4.7644024997e-03,0.999875615806,1.243841939877e-04
222,Psi,2.5695908658e-03,4.7308675611e-03,0.999881706239,1.182937607580e-04
223,Psi,2.4695344660e-03,4.5466539642e-03,0.999887331600,1.126683995986e-04
224,Psi,2.4515705458e-03,4.5135806339e-03,0.999892875419,1.071245809307e-04
225,Psi,2.3441506738e-03,4.3158101659e-03,0.999897944057,1.020559429558e-04
226,Psi,2.2729724343e-03,4.1847640805e-03,0.999902709558,9.729044196305e-05
227,Psi,2.2608468782e-03,4.1624397483e-03,0.999907424350,9.257565009391e-05
228,Psi,2.2464953664e-03,4.1360172145e-03,0.999912079474,8.792052580309e-05
229,Psi,2.2262425513e-03,4.0987298053e-03,0.999916651042,8.334895778828e-05
230,Psi,2.1889782497e-03,4.0301225893e-03,0.999921070847,7.892915268171e-05
231,Psi,2.1629338977e-03,3.9821723955e-03,0.999925386105,7.461389513530e-05
232,Psi,2.1473165625e-03,3.9534193573e-03,0.999929639271,7.036072873345e-05
233,Psi,2.1184796346e-03,3.9003277587e-03,0.999933778971,6.622102926579e-05
234,Psi,2.1033984766e-03,3.8725618748e-03,0.999937859940,6.214005988059e-05
235,Psi,2.0621899807e-03,3.7966930122e-03,0.999941782572,5.821742783740e-05
236,Psi,2.0441074462e-03,3.7634013015e-03,0.999945636714,5.436328623054e-05
237,Psi,2.0332858880e-03,3.7434777568e-03,0.999949450156,5.054984445729e-05
238,Psi,1.9616842530e-03,3.6116521587e-03,0.999952999748,4.700025244442e-05
239,Psi,1.9588899536e-03,3.6065075808e-03,0.999956539234,4.346076558337e-05
240,Psi,1.9490769055e-03,3.5884408016e-03,0.999960043348,3.995665197742e-05
241,Psi,1.8619908184e-03,3.4281068162e-03,0.999963241325,3.675867526476e-05
242,Psi,1.8327811300e-03,3.3743289291e-03,0.999966339753,3.366024706775e-05
243,Psi,1.8190902629e-03,3.3491227066e-03,0.999969392064,3.060793646614e-05
244,Psi,1.7695792165e-03,3.2579680382e-03,0.999972280483,2.771951712410e-05
245,Psi,1.7671102116e-03,3.2534223592e-03,0.999975160848,2.483915229179e-05
246,Psi,1.7504901863e-03,3.2228232707e-03,0.999977987287,2.201271348434e-05
247,Psi,1.7488059917e-03,3.2197225040e-03,0.999980808289,1.919171084919e-05
248,Psi,1.7357767979e-03,3.1957344867e-03,0.999983587414,1.641258646701e-05
249,Psi,1.6696159437e-03,3.0739258972e-03,0.999986158717,1.384128265702e-05
250,Psi,1.5625718826e-03,2.8768473339e-03,0.999988410883,1.158911749022e-05
251,Psi,1.5417201137e-03,2.8384571923e-03,0.999990603341,9.396659384597e-06
252,Psi,1.5215597095e-03,2.8013399205e-03,0.999992738834,7.261166020789e-06
253,Psi,1.4936683655e-03,2.7499892343e-03,0.999994796754,5.203245522667e-06
254,Psi,1.3900931583e-03,2.5592971696e-03,0.999996579166,3.420833764589e-06
255,Psi,1.3801851806e-03,2.5410556155e-03,0.999998336260,1.663739963353e-06
256,Psi,1.3430204047e-03,2.4726316360e-03,1.000000000000,-6.661338147751e-16
1,G,2.8539403994e+01,1.0000000000e+00,0.988287298839,1.171270116072e-02
2,G,1.1369091222e+00,3.9836470392e-02,0.989855655807,1.014434419264e-02
3,G,1.1321626256e+00,3.9670156598e-02,0.991410944604,8.589055395740e-03
4,G,1.0240261832e+00,3.5881134149e-02,0.992683320807,7.316679192813e-03
5,G,8.6236374425e-01,3.0216599633e-02,0.993585669502,6.414330497987e-03
6,G,7.0022990118e-01,2.4535547460e-02,0.994180611626,5.819388373966e-03
7,G,6.4435661993e-01,2.2577788242e-02,0.994684397522,5.315602477862e-03
8,G,5.7745950344e-01,2.0233761839e-02,0.995089007400,4.910992599506e-03
9,G,5.7734600754e-01,2.0229785025e-02,0.995493458248,4.506541752393e-03
10,G,5.6235013315e-01,1.9704340471e-02,0.995877171696,4.122828304435e-03
11,G,5.6206315869e-01,1.9694285095e-02,0.996260493616,3.739506384305e-03
12,G,4.8611413756e-01,1.7033086524e-02,0.996547221493,3.452778507352e-03
13,G,4.8564339287e-01,1.7016591971e-02,0.996833394314,3.166605686345e-03
14,G,4.2831833729e-01,1.5007963635e-02,0.997055995129,2.944004870660e-03
15,G,4.2814328616e-01,1.5001829970e-02,0.997278414031,2.721585969031e-03
16,G,3.1861373382e-01,1.1163993960e-02,0.997401588982,2.598411017595e-03
17,G,3.1011502324e-01,1.0866205311e-02,0.997518280430,2.481719570115e-03
18,G,3.1003347106e-01,1.0863347782e-02,0.997634910512,2.365089488187e-03
19,G,3.0494327855e-01,1.0684991131e-02,0.997747742319,2.252257680516e-03
20,G,3.0471925693e-01,1.0677141576e-02,0.997860408408,2.139591592061e-03
21,G,2.8495541102e-01,9.9846307611e-03,0.997958933587,2.041066413202e-03
22,G,2.6337755231e-01,9.2285582548e-03,0.998043102347,1.956897653014e-03
23,G,2.6297506857e-01,9.2144555166e-03,0.998127014057,1.872985943382e-03
24,G,2.5595726548e-01,8.9685567903e-03,0.998206506956,1.793493043726e-03
25,G,2.5591294055e-01,8.9670036770e-03,0.998285972326,1.714027673760e-03
26,G,2.5308732693e-01,8.8679962268e-03,0.998363692581,1.636307419396e-03
27,G,2.4916211225e-01,8.7304595537e-03,0.998439020752,1.560979248282e-03
28,G,2.0510565149e-01,7.1867531477e-03,0.998490065218,1.509934781708e-03
29,G,1.9796459062e-01,6.9365355585e-03,0.998537617181,1.462382818925e-03
30,G,1.9777200126e-01,6.9297873669e-03,0.998585076667,1.414923332759e-03
31,G,1.9598547587e-01,6.8671888143e-03,0.998631682599,1.368317401414e-03
32,G,1.9545407170e-01,6.8485687977e-03,0.998678036134,1.321963866425e-03
33,G,1.9130131272e-01,6.7030591375e-03,0.998722440872,1.277559128021e-03
34,G,1.9104827390e-01,6.6941928408e-03,0.998766728218,1.233271782346e-03
35,G,1.8296775663e-01,6.4110573811e-03,0.998807348463,1.192651537025e-03
36,G,1.8262522396e-01,6.3990552851e-03,0.998847816761,1.152183239099e-03
37,G,1.7284131436e-01,6.0562341945e-03,0.998884065135,1.115934864613e-03
38,G,1.6444805320e-01,5.7621404160e-03,0.998916878509,1.083121490614e-03
39,G,1.5939330985e-01,5.5850258780e-03,0.998947705675,1.052294325151e-03
40,G,1.5252996621e-01,5.3445392988e-03,0.998975935212,1.024064787605e-03
41,G,1.5243938802e-01,5.3413655047e-03,0.999004131232,9.958687676865e-04
42,G,1.5194790913e-01,5.3241444414e-03,0.999032145732,9.678542679018e-04
43,G,1.4945243839e-01,5.2367049579e-03,0.999059247613,9.407523874129e-04
44,G,1.4932485686e-01,5.2322345935e-03,0.999086303241,9.136967587439e-04
45,G,1.4889951491e-01,5.2173309205e-03,0.999113204957,8.867950428828e-04
46,G,1.4889770528e-01,5.2172675124e-03,0.999140106019,8.598939809106e-04
47,G,1.4858778696e-01,5.2064081996e-03,0.999166895213,8.331047870868e-04
48,G,1.4342064874e-01,5.0253554268e-03,0.999191853615,8.081463847851e-04
49,G,1.3583671955e-01,4.7596200528e-03,0.999214242259,7.857577410711e-04
50,G,1.3056518579e-01,4.5749093366e-03,0.999234926910,7.650730900728e-04
51,G,1.3027318499e-01,4.5646778405e-03,0.999255519145,7.444808554503e-04
52,G,1.2888029532e-01,4.5158719976e-03,0.999275673386,7.243266138367e-04
53,G,1.2858439253e-01,4.5055037785e-03,0.999295735188,7.042648122686e-04
54,G,1.2563043674e-01,4.4019993119e-03,0.999314885822,6.851141783406e-04
55,G,1.2471118189e-01,4.3697892893e-03,0.999333757225,6.662427746210e-04
56,G,1.2437830836e-01,4.3581256422e-03,0.999352528022,6.474719778757e-04
57,G,1.2317675339e-01,4.3160240282e-03,0.999370937901,6.290620994037e-04
58,G,1.2140644557e-01,4.2539937273e-03,0.999388822405,6.111775952311e-04
59,G,1.1863250489e-01,4.1567968593e-03,0.999405898982,5.941010183977e-04
60,G,1.1732618273e-01,4.1110242790e-03,0.999422601551,5.773984485224e-04
61,G,1.1697080359e-01,4.0985720521e-03,0.999439203091,5.607969090409e-04
62,G,1.1536187518e-01,4.0421963683e-03,0.999455351064,5.446489355019e-04
63,G,1.1489824825e-01,4.0259512173e-03,0.999471369505,5.286304950751e-04
64,G,1.1351648088e-01,3.9775350915e-03,0.999487004986,5.129950138025e-04
65,G,1.1158354389e-01,3.9098063827e-03,0.999502112525,4.978874750654e-04
66,G,1.0806479139e-01,3.7865118492e-03,0.999516282264,4.837177359484e-04
67,G,1.0458696119e-01,3.6646512034e-03,0.999529554635,4.704453651986e-04
68,G,1.0377849031e-01,3.6363229706e-03,0.999542622604,4.573773956807e-04
69,G,1.0350514824e-01,3.6267452628e-03,0.999555621825,4.443781749317e-04
70,G,1.0331066892e-01,3.6199308487e-03,0.999568572242,4.314277576393e-04
71,G,1.0132674500e-01,3.5504155946e-03,0.999581030049,4.189699506244e-04
72,G,1.0114882680e-01,3.5441814702e-03,0.999593444146,4.065558541737e-04
73,G,9.9795024628e-02,3.4967452246e-03,0.999605528159,3.944718408659e-04
74,G,9.4006397102e-02,3.2939159179e-03,0.999616250960,3.837490402184e-04
75,G,9.2787965151e-02,3.2512229467e-03,0.999626697602,3.733023980987e-04
76,G,9.1803363372e-02,3.2167232151e-03,0.999636923715,3.630762847855e-04
77,G,9.1640716788e-02,3.2110241968e-03,0.999647113626,3.528863742641e-04
78,G,9.0113152990e-02,3.1574994702e-03,0.999656966655,3.430333446820e-04
79,G,8.9638773509e-02,3.1408775575e-03,0.999666716220,3.332837799574e-04
80,G,8.9313240365e-02,3.1294711125e-03,0.999676395100,3.236048999001e-04
81,G,8.6396670139e-02,3.0272766088e-03,0.999685452164,3.145478361557e-04
82,G,8.5970528918e-02,3.0123449297e-03,0.999694420102,3.055798978304e-04
83,G,8.1234208544e-02,2.8463877018e-03,0.999702427130,2.975728702840e-04
84,G,7.8525049509e-02,2.7514607357e-03,0.999709908994,2.900910055318e-04
85,G,7.8477984642e-02,2.7498116169e-03,0.999717381893,2.826181067708e-04
86,G,7.7252167698e-02,2.7068598810e-03,0.999724623164,2.753768363759e-04
87,G,7.6621487755e-02,2.6847613136e-03,0.999731746682,2.682533175511e-04
88,G,7.6183154328e-02,2.6694024284e-03,0.999738788930,2.612110695300e-04
89,G,7.5023848582e-02,2.6287811966e-03,0.999745618481,2.543815194614e-04
90,G,7.3100692584e-02,2.5613952064e-03,0.999752102382,2.478976181082e-04
91,G,7.2883154129e-02,2.5537728169e-03,0.999758547750,2.414522498825e-04
92,G,7.0595579948e-02,2.4736178780e-03,0.999764594868,2.354051319807e-04
93,G,6.9470709944e-02,2.4342032496e-03,0.999770450812,2.295491883211e-04
94,G,6.9290316004e-02,2.4278823769e-03,0.999776276383,2.237236173236e-04
95,G,6.9045333682e-02,2.4192983742e-03,0.999782060833,2.179391671943e-04
96,G,6.8574749170e-02,2.4028094345e-03,0.999787766703,2.122332972162e-04
97,G,6.8505032657e-02,2.4003666184e-03,0.999793460977,2.065390230853e-04
98,G,6.8235161703e-02,2.3909105361e-03,0.999799110475,2.008895250015e-04
99,G,6.6436716943e-02,2.3278943372e-03,0.999804466095,1.955339051622e-04
100,G,6.6107059561e-02,2.3163433818e-03,0.999809768698,1.902313023733e-04
101,G,6.3311767754e-02,2.2183983859e-03,0.999814632347,1.853676525903e-04
102,G,6.3109377454e-02,2.2113067767e-03,0.999819464951,1.805350486054e-04
103,G,6.2106360724e-02,2.1761617985e-03,0.999824145164,1.758548360387e-04
104,G,6.1789357774e-02,2.1650542452e-03,0.999828777721,1.712222789708e-04
105,G,6.1634650474e-02,2.1596334137e-03,0.999833387109,1.666128907202e-04
106,G,6.1557905927e-02,2.1569443405e-03,0.999837985026,1.620149741071e-04
107,G,6.0074947020e-02,2.1049825369e-03,0.999842364079,1.576359210369e-04
108,G,5.8058746933e-02,2.0343363493e-03,0.999846454130,1.535458699541e-04
109,G,5.7999902562e-02,2.0322744853e-03,0.999850535895,1.494641054613e-04
110,G,5.6538624745e-02,1.9810723713e-03,0.999854414574,1.455854259472e-04
111,G,5.6382414250e-02,1.9755988689e-03,0.999858271850,1.417281496223e-04
112,G,5.6213485307e-02,1.9696797214e-03,0.999862106048,1.378939524603e-04
113,G,5.6084527380e-02,1.9651611292e-03,0.999865922673,1.340773269882e-04
114,G,5.5871461192e-02,1.9576954447e-03,0.999869710355,1.302896452985e-04
115,G,5.5434030954e-02,1.9423682066e-03,0.999873438959,1.265610406598e-04
116,G,5.3705945515e-02,1.8818173472e-03,0.999876938718,1.230612815767e-04
117,G,5.2997107416e-02,1.8569801748e-03,0.999880346704,1.196532959975e-04
118,G,5.2929685907e-02,1.8546177740e-03,0.999883746024,1.162539759997e-04
119,G,5.2293533153e-02,1.8323274433e-03,0.999887064123,1.129358766427e-04
120,G,4.9099945283e-02,1.7204264424e-03,0.999889989322,1.100106775381e-04
121,G,4.8803248672e-02,1.7100304086e-03,0.999892879276,1.071207238674e-04
122,G,4.8748876119e-02,1.7081252338e-03,0.999895762794,1.042372061055e-04
123,G,4.7956206587e-02,1.6803506688e-03,0.999898553301,1.014466994651e-04
124,G,4.7877711281e-02,1.6776002502e-03,0.999901334680,9.866532041936e-05
125,G,4.6786790629e-02,1.6393751824e-03,0.999903990752,9.600924791231e-05
126,G,4.6597072748e-02,1.6327276056e-03,0.999906625328,9.337467219028e-05
127,G,4.4730280581e-02,1.5673165631e-03,0.999909053037,9.094696301160e-05
128,G,4.4615956658e-02,1.5633107358e-03,0.999911468352,8.853164769895e-05
129,G,4.4024164639e-02,1.5425747730e-03,0.999913820018,8.617998157345e-05
130,G,4.2947792596e-02,1.5048594780e-03,0.999916058096,8.394190413197e-05
131,G,4.2107657136e-02,1.4754217413e-03,0.999918209468,8.179053183699e-05
132,G,4.1733381700e-02,1.4623074017e-03,0.999920322765,7.967723467184e-05
133,G,4.1575663505e-02,1.4567810706e-03,0.999922420120,7.757988040846e-05
134,G,4.0423990839e-02,1.4164272964e-03,0.999924402887,7.559711291993e-05
135,G,4.0374374466e-02,1.4146887747e-03,0.999926380790,7.361920973881e-05
136,G,4.0036806963e-02,1.4028606544e-03,0.999928325757,7.167424253007e-05
137,G,3.9244236093e-02,1.3750895464e-03,0.999930194482,6.980551847946e-05
138,G,3.9110601783e-02,1.3704070972e-03,0.999932050500,6.794949950306e-05
139,G,3.9021421677e-02,1.3672822910e-03,0.999933898065,6.610193507617e-05
140,G,3.8188189978e-02,1.3380864571e-03,0.999935667569,6.433243101234e-05
141,G,3.7863963679e-02,1.3267258029e-03,0.999937407154,6.259284636867e-05
142,G,3.6675849251e-02,1.2850951358e-03,0.999939039280,6.096072002937e-05
143,G,3.6595417600e-02,1.2822768691e-03,0.999940664256,5.933574448136e-05
144,G,3.6490152796e-02,1.2785884668e-03,0.999942279896,5.772010380278e-05
145,G,3.5729529168e-02,1.2519367670e-03,0.999943828884,5.617111598566e-05
146,G,3.4970139735e-02,1.2253283125e-03,0.999945312728,5.468727230695e-05
147,G,3.4871040024e-02,1.2218559305e-03,0.999946788173,5.321182665741e-05
148,G,3.4633378931e-02,1.2135284584e-03,0.999948243576,5.175642406297e-05
149,G,3.4065129217e-02,1.1936174009e-03,0.999949651611,5.034838891216e-05
150,G,3.3958102325e-02,1.1898672562e-03,0.999951050813,4.894918748066e-05
151,G,3.3920387975e-02,1.1885457728e-03,0.999952446908,4.755309226923e-05
152,G,3.3702258319e-02,1.1809026680e-03,0.999953825105,4.617489488412e-05
153,G,3.3275312171e-02,1.1659427849e-03,0.999955168605,4.483139481692e-05
154,G,3.2410859241e-02,1.1356529817e-03,0.999956443207,4.355679308288e-05
155,G,3.2342040219e-02,1.1332416131e-03,0.999957712402,4.228759840830e-05
156,G,3.2179168777e-02,1.1275347160e-03,0.999958968845,4.103115463394e-05
157,G,3.1480204008e-02,1.1030434979e-03,0.999960171299,3.982870057739e-05
158,G,3.1303095054e-02,1.0968377287e-03,0.999961360261,3.863973857465e-05
159,G,3.0896626710e-02,1.0825953729e-03,0.999962518547,3.748145326810e-05
160,G,3.0703509500e-02,1.0758286861e-03,0.999963662398,3.633760227284e-05
161,G,3.0332207577e-02,1.0628185362e-03,0.999964778750,3.522124950295e-05
162,G,3.0056439623e-02,1.0531558273e-03,0.999965874897,3.412510329892e-05
163,G,2.9892325634e-02,1.0474053922e-03,0.999966959105,3.304089475653e-05
164,G,2.9642253195e-02,1.0386430355e-03,0.999968025249,3.197475082151e-05
165,G,2.9574617761e-02,1.0362731390e-03,0.999969086533,3.091346662787e-05
166,G,2.8718734993e-02,1.0062836280e-03,0.999970087280,2.991272024799e-05
167,G,2.8583990641e-02,1.0015622837e-03,0.999971078657,2.892134256671e-05
168,G,2.8161838454e-02,9.8677037754e-04,0.999972040968,2.795903163055e-05
169,G,2.7754314711e-02,9.7249104139e-04,0.999972975630,2.702436996127e-05
170,G,2.7690021054e-02,9.7023823833e-04,0.999973905966,2.609403361675e-05
171,G,2.7614587902e-02,9.6759511545e-04,0.999974831241,2.516875921221e-05
172,G,2.6593365539e-02,9.3181222512e-04,0.999975689345,2.431065502351e-05
173,G,2.6567675242e-02,9.3091205574e-04,0.999976545792,2.345420796268e-05
174,G,2.6129878907e-02,9.1557198996e-04,0.999977374246,2.262575432410e-05
175,G,2.5768465199e-02,9.0290831598e-04,0.999978179940,2.182005959972e-05
176,G,2.5664076885e-02,8.9925062523e-04,0.999978979121,2.102087940814e-05
177,G,2.4896874743e-02,8.7236841905e-04,0.999979731234,2.026876642747e-05
178,G,2.4212163156e-02,8.4837662205e-04,0.999980442546,1.955745366800e-05
179,G,2.3637328831e-02,8.2823484458e-04,0.999981120485,1.887951530655e-05
180,G,2.3520083381e-02,8.2412664912e-04,0.999981791714,1.820828566057e-05
181,G,2.2266723370e-02,7.8020982410e-04,0.999982393312,1.760668813267e-05
182,G,2.1540051849e-02,7.5474778146e-04,0.999982956284,1.704371599154e-05
183,G,2.1536334725e-02,7.5461753614e-04,0.999983519062,1.648093813555e-05
184,G,2.1262803991e-02,7.4503321779e-04,0.999984067635,1.593236506170e-05
185,G,2.1218622712e-02,7.4348513784e-04,0.999984613931,1.538606934304e-05
186,G,2.0971281051e-02,7.3481846556e-04,0.999985147564,1.485243553445e-05
187,G,2.0770088980e-02,7.2776884144e-04,0.999985671008,1.432899165055e-05
188,G,2.0550075045e-02,7.2005971285e-04,0.999986183421,1.381657853206e-05
189,G,2.0352992765e-02,7.1315409283e-04,0.999986686053,1.331394671999e-05
190,G,2.0126944107e-02,7.0523351192e-04,0.999987177582,1.282241777600e-05
191,G,1.9770157077e-02,6.9273195340e-04,0.999987651839,1.234816087936e-05
192,G,1.9574718287e-02,6.8588392003e-04,0.999988116766,1.188323421264e-05
193,G,1.9346686040e-02,6.7789383564e-04,0.999988570923,1.142907661555e-05
194,G,1.7948817619e-02,6.2891354084e-04,0.999988961823,1.103817712456e-05
195,G,1.7809634582e-02,6.2403666826e-04,0.999989346683,1.065331654204e-05
196,G,1.7794681632e-02,6.2351272773e-04,0.999989730898,1.026910194513e-05
197,G,1.7394090163e-02,6.0947629342e-04,0.999990098009,9.901991408823e-06
198,G,1.7303893455e-02,6.0631586626e-04,0.999990461322,9.538678289789e-06
199,G,1.7281171947e-02,6.0551972111e-04,0.999990823681,9.176318667481e-06
200,G,1.6943669765e-02,5.9369388962e-04,0.999991172025,8.827974637082e-06
201,G,1.6711720884e-02,5.8556656921e-04,0.999991510897,8.489102577225e-06
202,G,1.6159397089e-02,5.6621354437e-04,0.999991827740,8.172259865380e-06
203,G,1.5940537413e-02,5.5854486018e-04,0.999992136058,7.863941543507e-06
204,G,1.5469079161e-02,5.4202530523e-04,0.999992426409,7.573591203403e-06
205,G,1.5422059253e-02,5.4037776179e-04,0.999992714997,7.285003281843e-06
206,G,1.4970895016e-02,5.2456929441e-04,0.999992986947,7.013053355598e-06
207,G,1.4616020901e-02,5.1213476300e-04,0.999993246157,6.753843371010e-06
208,G,1.4364171277e-02,5.0331013499e-04,0.999993496511,6.503489353160e-06
209,G,1.4309819409e-02,5.0140568501e-04,0.999993744974,6.255026355095e-06
210,G,1.4247674426e-02,4.9922816991e-04,0.999993991283,6.008716731620e-06
211,G,1.4029909681e-02,4.9159785131e-04,0.999994230121,5.769878874462e-06
212,G,1.3845523179e-02,4.8513708211e-04,0.999994462722,5.537277563694e-06
213,G,1.3648592687e-02,4.7823678064e-04,0.999994688754,5.311245962147e-06
214,G,1.3352231854e-02,4.6785251217e-04,0.999994905076,5.094923735016e-06
215,G,1.3259085587e-02,4.6458873457e-04,0.999995118391,4.881609143692e-06
216,G,1.3196461419e-02,4.6239442917e-04,0.999995329695,4.670304811993e-06
217,G,1.2917535769e-02,4.5262107686e-04,0.999995532161,4.467838505051e-06
218,G,1.2774657583e-02,4.4761472896e-04,0.999995730174,4.269826303971e-06
219,G,1.2754657326e-02,4.4691393446e-04,0.999995927566,4.072433641089e-06
220,G,1.2713758566e-02,4.4548087159e-04,0.999996123695,3.876304857209e-06
221,G,1.2177681826e-02,4.2669713176e-04,0.999996303633,3.696366951633e-06
222,G,1.2042025291e-02,4.2194382522e-04,0.999996479584,3.520415649438e-06
223,G,1.1828594290e-02,4.1446535788e-04,0.999996649354,3.350646142319e-06
224,G,1.1719621068e-02,4.1064701527e-04,0.999996816010,3.183990295308e-06
225,G,1.1534885903e-02,4.0417402919e-04,0.999996977453,3.022546997022e-06
226,G,1.1281307621e-02,3.9528883027e-04,0.999997131876,2.868123885502e-06
227,G,1.1044575829e-02,3.8699392011e-04,0.999997279886,2.720113735699e-06
228,G,1.0884251871e-02,3.8137628499e-04,0.999997423631,2.576369452334e-06
229,G,1.0875016870e-02,3.8105269724e-04,0.999997567131,2.432868992042e-06
230,G,1.0626769143e-02,3.7235427710e-04,0.999997704155,2.295845223599e-06
231,G,1.0424678360e-02,3.6527316275e-04,0.999997836016,2.163983501169e-06
232,G,1.0356248909e-02,3.6287544445e-04,0.999997966153,2.033847224969e-06
233,G,1.0066192210e-02,3.5271206828e-04,0.999998089101,1.910898549951e-06
234,G,9.9477741241e-03,3.4856278450e-04,0.999998209174,1.790825581605e-06
235,G,9.7443465317e-03,3.4143482933e-04,0.999998324387,1.675613279128e-06
236,G,9.5991663416e-03,3.3634782085e-04,0.999998436192,1.563808478822e-06
237,G,9.5151393714e-03,3.3340357680e-04,0.999998546048,1.453952493513e-06
238,G,9.3815565410e-03,3.2872293139e-04,0.999998652841,1.347159388043e-06
239,G,9.2480410097e-03,3.2404464409e-04,0.999998756616,1.243384348038e-06
240,G,9.1785642701e-03,3.2161022957e-04,0.999998858837,1.141162689677e-06
241,G,8.9334933012e-03,3.1302312070e-04,0.999998955673,1.044326866761e-06
242,G,8.7470144607e-03,3.0648903749e-04,0.999999048508,9.514915755293e-07
243,G,8.7222815343e-03,3.0562241371e-04,0.999999140819,8.591805412683e-07
244,G,8.5026845842e-03,2.9792789597e-04,0.999999228541,7.714591414576e-07
245,G,8.1104085331e-03,2.8418282788e-04,0.999999308355,6.916451781303e-07
246,G,7.9494478734e-03,2.7854288321e-04,0.999999385032,6.149677836964e-07
247,G,7.8739376987e-03,2.7589706150e-04,0.999999460260,5.397401563467e-07
248,G,7.7372528980e-03,2.7110772529e-04,0.999999532898,4.671016341495e-07
249,G,7.6717040450e-03,2.6881094106e-04,0.999999604311,3.956886640566e-07
250,G,7.4347770743e-03,2.6050919199e-04,0.999999671381,3.286185077389e-07
251,G,7.1736111216e-03,2.5135812658e-04,0.999999733822,2.661776191681e-07
252,G,7.0511671480e-03,2.4706777862e-04,0.999999794150,2.058501042956e-07
253,G,6.8993979325e-03,2.4174989548e-04,0.999999851908,1.480916178576e-07
254,G,6.7177883728e-03,2.3538642833e-04,0.999999906666,9.333381012500e-08
255,G,6.4759780335e-03,2.2691356956e-04,0.999999957553,4.244712636936e-08
256,G,5.9146280009e-03,2.0724427189e-04,1.000000000000,7.771561172376e-16
1,F,2.8540186892e+01,1.0000000000e+00,0.988013985052,1.198601494801e-02
2,F,1.1465932568e+00,4.0174693360e-02,0.989608645539,1.039135446135e-02
3,F,1.1360684842e+00,3.9805923082e-02,0.991174165072,8.825834927589e-03
4,F,1.0093394797e+00,3.5365552562e-02,0.992409896204,7.590103795820e-03
5,F,8.5301048485e-01,2.9888048319e-02,0.993292484584,6.707515415920e-03
6,F,7.1463099884e-01,2.5039464582e-02,0.993911944441,6.088055558542e-03
7,F,6.5254088351e-01,2.2863931690e-02,0.994428438012,5.571561987875e-03
8,F,5.7997572846e-01,2.0321371078e-02,0.994836446412,5.163553587628e-03
9,F,5.7979053598e-01,2.0314882246e-02,0.995244194291,4.755805708701e-03
10,F,5.6736001933e-01,1.9879337913e-02,0.995634645637,4.365354363024e-03
11,F,5.6717370406e-01,1.9872809741e-02,0.996024840584,3.975159415748e-03
12,F,4.8387275481e-01,1.6954085011e-02,0.996308836311,3.691163689278e-03
13,F,4.8339898676e-01,1.6937484978e-02,0.996592276179,3.407723820647e-03
14,F,4.2308650019e-01,1.4824237199e-02,0.996809400165,3.190599834885e-03
15,F,4.2233657306e-01,1.4797961018e-02,0.997025755122,2.974244877968e-03
16,F,3.2829498771e-01,1.1502902520e-02,0.997156485938,2.843514062330e-03
17,F,3.2792436144e-01,1.1489916400e-02,0.997286921745,2.713078255310e-03
18,F,3.2217902824e-01,1.1288609618e-02,0.997412827041,2.587172958543e-03
19,F,3.2190878485e-01,1.1279140745e-02,0.997538521208,2.461478791620e-03
20,F,3.1147366333e-01,1.0913511692e-02,0.997656198355,2.343801645333e-03
21,F,2.9747142069e-01,1.0422896732e-02,0.997763533009,2.236466991067e-03
22,F,2.7565498878e-01,9.6584857635e-03,0.997855701225,2.144298775376e-03
23,F,2.7530709800e-01,9.6462962573e-03,0.997947636945,2.052363054946e-03
24,F,2.7074892889e-01,9.4865857014e-03,0.998036553568,1.963446431786e-03
25,F,2.7063978536e-01,9.4827614965e-03,0.998125398518,1.874601481798e-03
26,F,2.6831715748e-01,9.4013805339e-03,0.998212725079,1.787274921245e-03
27,F,2.4725474824e-01,8.6633892476e-03,0.998286879790,1.713120210109e-03
28,F,2.2045567782e-01,7.7243950314e-03,0.998345830908,1.654169092416e-03
29,F,2.0851676361e-01,7.3060756188e-03,0.998398569850,1.601430149855e-03
30,F,2.0791283567e-01,7.2849150028e-03,0.998451003739,1.548996260910e-03
31,F,2.0234446680e-01,7.0898087515e-03,0.998500666646,1.499333354470e-03
32,F,2.0212918446e-01,7.0822656215e-03,0.998550223931,1.449776068503e-03
33,F,2.0010989286e-01,7.0115130506e-03,0.998598795998,1.401204001505e-03
34,F,1.9956251158e-01,6.9923337340e-03,0.998647102701,1.352897299462e-03
35,F,1.8953679154e-01,6.6410494177e-03,0.998690677612,1.309322387752e-03
36,F,1.8859805411e-01,6.6081576420e-03,0.998733821957,1.266178042604e-03
37,F,1.7973770180e-01,6.2977058449e-03,0.998773007678,1.226992322219e-03
38,F,1.6922589516e-01,5.9293898740e-03,0.998807743942,1.192256058231e-03
39,F,1.6252228307e-01,5.6945066159e-03,0.998839782672,1.160217328001e-03
40,F,1.6228781899e-01,5.6862913898e-03,0.998871729027,1.128270972957e-03
41,F,1.6218097363e-01,5.6825477089e-03,0.998903633331,1.096366669079e-03
42,F,1.5989287149e-01,5.6023764699e-03,0.998934643753,1.065356247490e-03
43,F,1.5988071210e-01,5.6019504253e-03,0.998965649458,1.034350542228e-03
44,F,1.5735635455e-01,5.5135011957e-03,0.998995683794,1.004316206011e-03
45,F,1.5723511856e-01,5.5092532909e-03,0.999025671868,9.743281321771e-04
46,F,1.5649474604e-01,5.4833118868e-03,0.999055378197,9.446218029557e-04
47,F,1.5056833074e-01,5.2756602931e-03,0.999082877187,9.171228132859e-04
48,F,1.4408308385e-01,5.0484281829e-03,0.999108058331,8.919416692614e-04
49,F,1.4030517967e-01,4.9160567940e-03,0.999131936272,8.680637282470e-04
50,F,1.3409178821e-01,4.6983500396e-03,0.999153746180,8.462538203563e-04
51,F,1.3391269660e-01,4.6920749715e-03,0.999175497868,8.245021317395e-04
52,F,1.3104128828e-01,4.5914656681e-03,0.999196326741,8.036732586151e-04
53,F,1.3093375099e-01,4.5876977430e-03,0.999217121443,7.828785573376e-04
54,F,1.3068140144e-01,4.5788558404e-03,0.999237836066,7.621639343703e-04
55,F,1.3005757207e-01,4.5569979118e-03,0.999258353391,7.416466087453e-04
56,F,1.2931643303e-01,4.5310296502e-03,0.999278637545,7.213624546945e-04
57,F,1.2894852381e-01,4.5181387319e-03,0.999298806445,7.011935545396e-04
58,F,1.2811572445e-01,4.4889588471e-03,0.999318715670,6.812843302181e-04
59,F,1.2468788333e-01,4.3688530772e-03,0.999337573771,6.624262286036e-04
60,F,1.2246640941e-01,4.2910163790e-03,0.999355765897,6.442341033935e-04
61,F,1.2236120511e-01,4.2873301976e-03,0.999373926779,6.260732205114e-04
62,F,1.2043404491e-01,4.2198057555e-03,0.999391520108,6.084798919964e-04
63,F,1.1923514900e-01,4.1777984655e-03,0.999408764904,5.912350958831e-04
64,F,1.1913889992e-01,4.1744260601e-03,0.999425981871,5.740181292456e-04
65,F,1.1781627218e-01,4.1280834152e-03,0.999442818689,5.571813111145e-04
66,F,1.1662134286e-01,4.0862151078e-03,0.999459315710,5.406842895437e-04
67,F,1.1221328212e-01,3.9317640961e-03,0.999474589190,5.254108096715e-04
68,F,1.1031224135e-01,3.8651548348e-03,0.999489349548,5.106504519086e-04
69,F,1.0826591681e-01,3.7934550751e-03,0.999503567367,4.964326328691e-04
70,F,1.0818341111e-01,3.7905642146e-03,0.999517763525,4.822364753868e-04
71,F,1.0386745992e-01,3.6393405661e-03,0.999530849572,4.691504279983e-04
72,F,1.0349866104e-01,3.6264184754e-03,0.999543842856,4.561571440548e-04
73,F,1.0335217164e-01,3.6212857342e-03,0.999556799385,4.432006148144e-04
74,F,9.9880876457e-02,3.4996574071e-03,0.999568900187,4.310998127874e-04
75,F,9.5649289076e-02,3.3513897242e-03,0.999579997376,4.200026243835e-04
76,F,9.5561937059e-02,3.3483290569e-03,0.999591074304,4.089256958093e-04
77,F,9.4919660490e-02,3.3258247695e-03,0.999602002836,3.979971640469e-04
78,F,9.3295290326e-02,3.2689095793e-03,0.999612560526,3.874394740062e-04
79,F,9.3275664095e-02,3.2682219093e-03,0.999623113775,3.768862254730e-04
80,F,9.2827245712e-02,3.2525100857e-03,0.999633565798,3.664342015326e-04
81,F,9.1789005987e-02,3.2161319172e-03,0.999643785326,3.562146744233e-04
82,F,8.9761865016e-02,3.1451043175e-03,0.999653558445,3.464415550937e-04
83,F,8.7358881867e-02,3.0609078419e-03,0.999662815303,3.371846971306e-04
84,F,8.6207657603e-02,3.0205708859e-03,0.999671829793,3.281702072383e-04
85,F,8.2690452534e-02,2.8973339540e-03,0.999680123720,3.198762803278e-04
86,F,8.1173780612e-02,2.8441923285e-03,0.999688116190,3.118838103553e-04
87,F,8.1106000521e-02,2.8418174285e-03,0.999696095318,3.039046822318e-04
88,F,8.0377956734e-02,2.8163080024e-03,0.999703931840,2.960681596329e-04
89,F,7.9735641244e-02,2.7938023513e-03,0.999711643617,2.883563828758e-04
90,F,7.8121048812e-02,2.7372297564e-03,0.999719046240,2.809537604758e-04
91,F,7.6617586169e-02,2.6845509618e-03,0.999726166672,2.738333275882e-04
92,F,7.5483057551e-02,2.6447989930e-03,0.999733077792,2.669222075906e-04
93,F,7.5309391054e-02,2.6387140119e-03,0.999739957148,2.600428523183e-04
94,F,7.3640172548e-02,2.5802274115e-03,0.999746534923,2.534650765986e-04
95,F,7.2686854131e-02,2.5468247425e-03,0.999752943495,2.470565054135e-04
96,F,7.2494858441e-02,2.5400975374e-03,0.999759318255,2.406817448271e-04
97,F,7.1563426601e-02,2.5074617371e-03,0.999765530259,2.344697409072e-04
98,F,7.1252485924e-02,2.4965669004e-03,0.999771688398,2.283116016080e-04
99,F,7.1058775706e-02,2.4897796211e-03,0.999777813100,2.221869003837e-04
100,F,7.0814749145e-02,2.4812293421e-03,0.999783895807,2.161041932252e-04
101,F,6.8732261726e-02,2.4082624962e-03,0.999789626019,2.103739806041e-04
102,F,6.8240159315e-02,2.3910200579e-03,0.999795274473,2.047255274576e-04
103,F,6.7865531424e-02,2.3778937286e-03,0.999800861078,1.991389223394e-04
104,F,6.5857057466e-02,2.3075201895e-03,0.999806121906,1.938780942419e-04
105,F,6.4960583230e-02,2.2761092447e-03,0.999811240483,1.887595165757e-04
106,F,6.4749410105e-02,2.2687100947e-03,0.999816325836,1.836741636463e-04
107,F,6.4369589497e-02,2.2554018213e-03,0.999821351703,1.786482971794e-04
108,F,6.3582442180e-02,2.2278215073e-03,0.999826255403,1.737445973647e-04
109,F,6.3363190946e-02,2.2201393139e-03,0.999831125342,1.688746580817e-04
110,F,6.3311840092e-02,2.2183400666e-03,0.999835987391,1.640126090013e-04
111,F,6.2512424560e-02,2.1903298951e-03,0.999840727433,1.592725673987e-04
112,F,6.1124790351e-02,2.1417095334e-03,0.999845259373,1.547406265617e-04
113,F,6.0664292935e-02,2.1255744808e-03,0.999849723287,1.502767133053e-04
114,F,5.8288863170e-02,2.0423434293e-03,0.999853844458,1.461555422883e-04
115,F,5.8166114994e-02,2.0380425403e-03,0.999857948290,1.420517102123e-04
116,F,5.7255123097e-02,2.0061229211e-03,0.999861924581,1.380754191046e-04
117,F,5.5266630297e-02,1.9364494881e-03,0.999865629472,1.343705280824e-04
118,F,5.4874574292e-02,1.9227125071e-03,0.999869281985,1.307180148777e-04
119,F,5.4676334251e-02,1.9157665105e-03,0.999872908156,1.270918441634e-04
120,F,5.4612962712e-02,1.9135460787e-03,0.999876525926,1.234740742628e-04
121,F,5.1916822419e-02,1.8190778713e-03,0.999879795308,1.202046922153e-04
122,F,5.1441962228e-02,1.8024395714e-03,0.999883005156,1.169948438332e-04
123,F,5.1284343140e-02,1.7969168644e-03,0.999886195365,1.138046353817e-04
124,F,4.9879113535e-02,1.7476799898e-03,0.999889213140,1.107868599435e-04
125,F,4.9408345829e-02,1.7311850835e-03,0.999892174220,1.078257802583e-04
126,F,4.9347414056e-02,1.7290501370e-03,0.999895128001,1.048719994446e-04
127,F,4.6338286954e-02,1.6236153999e-03,0.999897732531,1.022674691350e-04
128,F,4.5799825177e-02,1.6047486076e-03,0.999900276882,9.972311764384e-05
129,F,4.5006772735e-02,1.5769613880e-03,0.999902733883,9.726611733307e-05
130,F,4.3790649881e-02,1.5343504949e-03,0.999905059896,9.494010374522e-05
131,F,4.3649825350e-02,1.5294162409e-03,0.999907370974,9.262902636320e-05
132,F,4.2767630506e-02,1.4985056219e-03,0.999909589578,9.041042208990e-05
133,F,4.1997722948e-02,1.4715293599e-03,0.999911729022,8.827097793362e-05
134,F,4.1915181896e-02,1.4686372607e-03,0.999913860065,8.613993511075e-05
135,F,4.1805496998e-02,1.4647940869e-03,0.999915979969,8.402003084784e-05
136,F,4.1327002473e-02,1.4480284460e-03,0.999918051623,8.194837658038e-05
137,F,4.1282852792e-02,1.4464815156e-03,0.999920118854,7.988114624946e-05
138,F,4.0688125185e-02,1.4256432636e-03,0.999922126951,7.787304861495e-05
139,F,3.9515746016e-02,1.3845650754e-03,0.999924020994,7.597900560263e-05
140,F,3.9366716290e-02,1.3793433252e-03,0.999925900778,7.409922204216e-05
141,F,3.9035102844e-02,1.3677241495e-03,0.999927749025,7.225097456376e-05
142,F,3.8991398400e-02,1.3661928195e-03,0.999929593137,7.040686343451e-05
143,F,3.8969895545e-02,1.3654393958e-03,0.999931435214,6.856478571393e-05
144,F,3.8879207112e-02,1.3622618261e-03,0.999933268728,6.673127156553e-05
145,F,3.8699031059e-02,1.3559487612e-03,0.999935085288,6.491471197434e-05
146,F,3.8537143007e-02,1.3502764769e-03,0.999936886681,6.311331887077e-05
147,F,3.7238716882e-02,1.3047818160e-03,0.999938568731,6.143126894154e-05
148,F,3.6806250597e-02,1.2896289270e-03,0.999940211939,5.978806062634e-05
149,F,3.6521346814e-02,1.2796463791e-03,0.999941829807,5.817019280863e-05
150,F,3.6329182475e-02,1.2729132648e-03,0.999943430694,5.656930566689e-05
151,F,3.6201812750e-02,1.2684504445e-03,0.999945020376,5.497962423362e-05
152,F,3.4910580072e-02,1.2232078299e-03,0.999946498679,5.350132076232e-05
153,F,3.4505735659e-02,1.2090227646e-03,0.999947942895,5.205710510714e-05
154,F,3.4127128098e-02,1.1957569944e-03,0.999949355592,5.064440833857e-05
155,F,3.3803746063e-02,1.1844262335e-03,0.999950741642,4.925835760294e-05
156,F,3.3763986353e-02,1.1830331203e-03,0.999952124435,4.787556547448e-05
157,F,3.3715089177e-02,1.1813198457e-03,0.999953503224,4.649677557911e-05
158,F,3.3165145330e-02,1.1620507411e-03,0.999954837401,4.516259911236e-05
159,F,3.2879011489e-02,1.1520250941e-03,0.999956148655,4.385134467644e-05
160,F,3.2532511778e-02,1.1398843288e-03,0.999957432418,4.256758225751e-05
161,F,3.1998054800e-02,1.1211578579e-03,0.999958674346,4.132565367532e-05
162,F,3.1804908618e-02,1.1143903415e-03,0.999959901327,4.009867286436e-05
163,F,3.1626761591e-02,1.1081483702e-03,0.999961114601,3.888539879415e-05
164,F,3.1293873637e-02,1.0964845379e-03,0.999962302469,3.769753097838e-05
165,F,3.0640347457e-02,1.0735860831e-03,0.999963441241,3.655875882647e-05
166,F,3.0595287811e-02,1.0720072691e-03,0.999964576666,3.542333356488e-05
167,F,2.9760897884e-02,1.0427716538e-03,0.999965651006,3.434899410859e-05
168,F,2.9250262956e-02,1.0248798674e-03,0.999966688795,3.331120522132e-05
169,F,2.9049102591e-02,1.0178315475e-03,0.999967712359,3.228764144669e-05
170,F,2.8844083345e-02,1.0106480190e-03,0.999968721525,3.127847465678e-05
171,F,2.8717135769e-02,1.0061999901e-03,0.999969721829,3.027817133872e-05
172,F,2.8163273581e-02,9.8679359347e-04,0.999970683919,2.931608126366e-05
173,F,2.8058351683e-02,9.8311730715e-04,0.999971638854,2.836114634286e-05
174,F,2.8008709954e-02,9.8137794471e-04,0.999972590413,2.740958743552e-05
175,F,2.7746332333e-02,9.7218467554e-04,0.999973524227,2.647577289083e-05
176,F,2.7543647703e-02,9.6508294804e-04,0.999974444449,2.555555138994e-05
177,F,2.6697719090e-02,9.3544303654e-04,0.999975309014,2.469098612168e-05
178,F,2.6036481034e-02,9.1227437061e-04,0.999976131283,2.386871688975e-05
179,F,2.5775413017e-02,9.0312698775e-04,0.999976937145,2.306285478737e-05
180,F,2.5528551347e-02,8.9447737130e-04,0.999977727645,2.227235490748e-05
181,F,2.5323707491e-02,8.8729998814e-04,0.999978505510,2.149449024325e-05
182,F,2.5000806434e-02,8.7598607987e-04,0.999979263664,2.073633611910e-05
183,F,2.3742083777e-02,8.3188256150e-04,0.999979947398,2.005260218807e-05
184,F,2.3043655029e-02,8.0741079644e-04,0.999980591496,1.940850382320e-05
185,F,2.2516932493e-02,7.8895532739e-04,0.999981206486,1.879351401568e-05
186,F,2.2516705826e-02,7.8894738536e-04,0.999981821463,1.817853658970e-05
187,F,2.2401684573e-02,7.8491723471e-04,0.999982430174,1.756982604895e-05
188,F,2.2338576314e-02,7.8270602776e-04,0.999983035460,1.696454030020e-05
189,F,2.2195900868e-02,7.7770692085e-04,0.999983633038,1.636696172358e-05
190,F,2.1766206146e-02,7.6265114270e-04,0.999984207704,1.579229646498e-05
191,F,2.1741537065e-02,7.6178677971e-04,0.999984781067,1.521893308065e-05
192,F,2.1270862103e-02,7.4529512310e-04,0.999985329874,1.467012606982e-05
193,F,2.1076406507e-02,7.3848172709e-04,0.999985868693,1.413130744488e-05
194,F,2.1047667774e-02,7.3747477035e-04,0.999986406043,1.359395723033e-05
195,F,1.9997283050e-02,7.0067106168e-04,0.999986891098,1.310890170714e-05
196,F,1.9772656041e-02,6.9280051024e-04,0.999987365318,1.263468211821e-05
197,F,1.9443532256e-02,6.8126856804e-04,0.999987823882,1.217611828797e-05
198,F,1.9281140564e-02,6.7557863715e-04,0.999988274818,1.172518228798e-05
199,F,1.9188255355e-02,6.7232409613e-04,0.999988721419,1.127858051264e-05
200,F,1.8626649906e-02,6.5264638862e-04,0.999989142261,1.085773861487e-05
201,F,1.8258359629e-02,6.3974211866e-04,0.999989546626,1.045337415251e-05
202,F,1.7884694938e-02,6.2664953826e-04,0.999989934609,1.006539129256e-05
203,F,1.7689264430e-02,6.1980198299e-04,0.999990314159,9.685841276141e-06
204,F,1.7660236809e-02,6.1878490410e-04,0.999990692464,9.307535900893e-06
205,F,1.7596071416e-02,6.1653665699e-04,0.999991068025,8.931974544768e-06
206,F,1.7304461233e-02,6.0631912815e-04,0.999991431242,8.568757993044e-06
207,F,1.6891722589e-02,5.9185746235e-04,0.999991777339,8.222661381563e-06
208,F,1.6786167954e-02,5.8815900602e-04,0.999992119123,7.880876699451e-06
209,F,1.6703465250e-02,5.8526124280e-04,0.999992457548,7.542451555542e-06
210,F,1.6699530160e-02,5.8512336388e-04,0.999992795814,7.204185848653e-06
211,F,1.6221455978e-02,5.6837245108e-04,0.999993114989,6.885010654711e-06
212,F,1.5797287416e-02,5.5351030027e-04,0.999993417691,6.582309201253e-06
213,F,1.5674516213e-02,5.4920860443e-04,0.999993715706,6.284294452819e-06
214,F,1.5175946507e-02,5.3173956303e-04,0.999993995064,6.004936499271e-06
215,F,1.5151829549e-02,5.3089454551e-04,0.999994273534,5.726465727496e-06
216,F,1.5121089216e-02,5.2981745613e-04,0.999994550876,5.449123743451e-06
217,F,1.4425579138e-02,5.0544795635e-04,0.999994803292,5.196708265598e-06
218,F,1.4181586482e-02,4.9689886530e-04,0.999995047241,4.952759232069e-06
219,F,1.3707261539e-02,4.8027931950e-04,0.999995275144,4.724855800053e-06
220,F,1.3678499672e-02,4.7927155220e-04,0.999995502092,4.497907781564e-06
221,F,1.3510656983e-02,4.7339062753e-04,0.999995723505,4.276495145450e-06
222,F,1.3403611898e-02,4.6963994835e-04,0.999995941423,4.058577120047e-06
223,F,1.3012086959e-02,4.5592157501e-04,0.999996146796,3.853204104343e-06
224,F,1.2834236931e-02,4.4969001008e-04,0.999996346593,3.653406824289e-06
225,F,1.2807339630e-02,4.4874757404e-04,0.999996545554,3.454446115381e-06
226,F,1.2462378828e-02,4.3666072949e-04,0.999996733941,3.266058927309e-06
227,F,1.2208059308e-02,4.2774980255e-04,0.999996914718,3.085282113569e-06
228,F,1.2031711572e-02,4.2157087540e-04,0.999997090310,2.909690289266e-06
229,F,1.1872342979e-02,4.1598686875e-04,0.999997261281,2.738719335094e-06
230,F,1.1407860594e-02,3.9971218960e-04,0.999997419135,2.580864504220e-06
231,F,1.1372837005e-02,3.9848502211e-04,0.999997576023,2.423977454424e-06
232,F,1.1052515176e-02,3.8726148564e-04,0.999997724196,2.275803556273e-06
233,F,1.0936122975e-02,3.8318329929e-04,0.999997869266,2.130734015449e-06
234,F,1.0912409186e-02,3.8235240810e-04,0.999998013707,1.986292927247e-06
235,F,1.0494237521e-02,3.6770037846e-04,0.999998147290,1.852709910821e-06
236,F,1.0449550883e-02,3.6613463404e-04,0.999998279738,1.720262120752e-06
237,F,1.0061809216e-02,3.5254882018e-04,0.999998402539,1.597461199876e-06
238,F,1.0012299665e-02,3.5081408902e-04,0.999998524134,1.475865800016e-06
239,F,9.9983138752e-03,3.5032405054e-04,0.999998645390,1.354609866611e-06
240,F,9.8811155048e-03,3.4621761736e-04,0.999998763820,1.236179951403e-06
241,F,9.8723166805e-03,3.4590932140e-04,0.999998882039,1.117960858443e-06
242,F,9.0972880025e-03,3.1875362404e-04,0.999998982425,1.017574811191e-06
243,F,9.0131750742e-03,3.1580644893e-04,0.999999080963,9.190365077849e-07
244,F,8.8023254242e-03,3.0841863291e-04,0.999999174945,8.250545889821e-07
245,F,8.7631767742e-03,3.0704693026e-04,0.999999268093,7.319067868439e-07
246,F,8.4317153767e-03,2.9543308208e-04,0.999999354328,6.456722287940e-07
247,F,8.2308753747e-03,2.8839598724e-04,0.999999436503,5.634968870405e-07
248,F,8.1958327912e-03,2.8716815423e-04,0.999999517980,4.820197715416e-07
249,F,8.0193184120e-03,2.8098338817e-04,0.999999595986,4.040144230277e-07
250,F,7.3575775400e-03,2.5779710441e-04,0.999999661648,3.383516586908e-07
251,F,7.3466702690e-03,2.5741493203e-04,0.999999727117,2.728834341825e-07
252,F,7.1762741153e-03,2.5144453827e-04,0.999999789583,2.104168863593e-07
253,F,6.8958663742e-03,2.4161952409e-04,0.999999847263,1.527366354503e-07
254,F,6.6437362279e-03,2.3278530912e-04,0.999999900803,9.919714549778e-08
255,F,6.5022980854e-03,2.2782955522e-04,0.999999952087,4.791298902074e-08
256,F,6.2849510306e-03,2.2021408109e-04,1.000000000000,1.110223024625e-16
